datetime,temp,humidity,precip
2024-01-01T00:00:00,0.0,90.63,0
2024-01-01T01:00:00,0.0,93.4,0
2024-01-01T02:00:00,0.5,89.78,0
2024-01-01T03:00:00,0.5,89.78,0
2024-01-01T04:00:00,0.5,92.52,0
2024-01-01T05:00:00,1.1,88.69,0
2024-01-01T06:00:00,0.9,93.31,0
2024-01-01T07:00:00,0.9,89.81,0
2024-01-01T08:00:00,0.9,87.15,0
2024-01-01T09:00:00,0.9,86.04,0
2024-01-01T10:00:00,0.9,83.48,0
2024-01-01T11:00:00,0.9,86.04,0
2024-01-01T12:00:00,1.4,80.74,0
2024-01-01T13:00:00,2.0,77.42,0
2024-01-01T14:00:00,2.2,71.35,0
2024-01-01T15:00:00,2.0,69.16,0
2024-01-01T16:00:00,1.6,71.23,0
2024-01-01T17:00:00,1.6,73.45,0
2024-01-01T18:00:00,1.1,73.64,0
2024-01-01T19:00:00,0.9,74.58,0
2024-01-01T20:00:00,0.9,73.61,0
2024-01-01T21:00:00,0.9,73.61,0
2024-01-01T22:00:00,0.5,75.83,0
2024-01-01T23:00:00,0.5,75.83,0
2024-01-02T00:00:00,0.5,75.83,0
2024-01-02T01:00:00,0.0,78.89,0
2024-01-02T02:00:00,-0.5,79.17,0
2024-01-02T03:00:00,-0.7,79.14,0
2024-01-02T04:00:00,-0.7,77.75,0
2024-01-02T05:00:00,-1.1,79.08,0
2024-01-02T06:00:00,-1.1,78.04,0
2024-01-02T07:00:00,-1.1,79.08,0
2024-01-02T08:00:00,-1.7,82.56,0
2024-01-02T09:00:00,-1.7,83.66,0
2024-01-02T10:00:00,-1.3,83.71,0
2024-01-02T11:00:00,-1.3,83.71,0
2024-01-02T12:00:00,-1.1,80.13,0
2024-01-02T13:00:00,-1.1,80.13,0
2024-01-02T14:00:00,-0.5,79.17,0
2024-01-02T15:00:00,0.0,76.2,0
2024-01-02T16:00:00,0.0,76.2,0
2024-01-02T17:00:00,0.0,78.89,0
2024-01-02T18:00:00,-0.5,81.96,0
2024-01-02T19:00:00,-1.1,82.64,0
2024-01-02T20:00:00,-0.5,83.04,0
2024-01-02T21:00:00,-0.7,84.11,0
2024-01-02T22:00:00,-0.5,83.04,0
2024-01-02T23:00:00,-0.9,85.57,0
2024-01-03T00:00:00,-0.5,83.04,0
2024-01-03T01:00:00,-0.5,83.04,0
2024-01-03T02:00:00,-0.5,83.04,0
2024-01-03T03:00:00,0.0,82.41,0
2024-01-03T04:00:00,0.0,83.49,0
2024-01-03T05:00:00,0.0,83.49,0
2024-01-03T06:00:00,0.0,83.49,0
2024-01-03T07:00:00,0.0,83.49,0
2024-01-03T08:00:00,-0.5,86.74,0
2024-01-03T09:00:00,0.0,83.49,0
2024-01-03T10:00:00,0.0,83.49,0
2024-01-03T11:00:00,0.0,87.92,0
2024-01-03T12:00:00,0.0,90.63,0
2024-01-03T13:00:00,0.0,93.4,0
2024-01-03T14:00:00,0.5,86.0,0
2024-01-03T15:00:00,0.5,87.11,0
2024-01-03T16:00:00,0.0,93.4,0
2024-01-03T17:00:00,0.0,93.4,0
2024-01-03T18:00:00,0.0,93.4,0
2024-01-03T19:00:00,0.0,93.4,0
2024-01-03T20:00:00,0.0,93.4,0
2024-01-03T21:00:00,0.0,93.4,0
2024-01-03T22:00:00,0.0,93.4,0
2024-01-03T23:00:00,0.0,90.63,0
2024-01-04T00:00:00,0.0,89.47,0
2024-01-04T01:00:00,0.0,89.47,0
2024-01-04T02:00:00,0.0,88.32,0
2024-01-04T03:00:00,0.0,81.35,0
2024-01-04T04:00:00,-0.7,74.73,0
2024-01-04T05:00:00,-1.1,67.9,0
2024-01-04T06:00:00,-1.1,66.68,0
2024-01-04T07:00:00,-1.3,64.57,0
2024-01-04T08:00:00,-1.7,65.86,0
2024-01-04T09:00:00,-2.1,65.88,0
2024-01-04T10:00:00,-1.7,61.9,0
2024-01-04T11:00:00,-1.3,59.24,0
2024-01-04T12:00:00,-0.2,57.17,0
2024-01-04T13:00:00,0.4,53.22,0
2024-01-04T14:00:00,0.5,54.25,0
2024-01-04T15:00:00,0.5,56.5,0
2024-01-04T16:00:00,0.5,52.55,0
2024-01-04T17:00:00,-1.1,62.89,0
2024-01-04T18:00:00,-1.7,70.89,0
2024-01-04T19:00:00,-2.8,76.97,0
2024-01-04T20:00:00,-3.4,77.91,0
2024-01-04T21:00:00,-4.5,84.3,0
2024-01-04T22:00:00,-4.5,78.43,0
2024-01-04T23:00:00,-6.1,83.1,0
2024-01-05T00:00:00,-5.7,83.49,0
2024-01-05T01:00:00,-6.3,86.13,0
2024-01-05T02:00:00,-6.7,86.92,0
2024-01-05T03:00:00,-6.9,84.54,0
2024-01-05T04:00:00,-6.7,86.92,0
2024-01-05T05:00:00,-6.5,85.76,0
2024-01-05T06:00:00,-6.5,83.04,0
2024-01-05T07:00:00,-6.4,85.78,0
2024-01-05T08:00:00,-5.5,80.55,0
2024-01-05T09:00:00,-5.0,82.85,0
2024-01-05T10:00:00,-3.7,80.65,0
2024-01-05T11:00:00,-1.5,77.19,0
2024-01-05T12:00:00,-0.7,68.91,0
2024-01-05T13:00:00,0.5,63.79,0
2024-01-05T14:00:00,0.9,61.92,0
2024-01-05T15:00:00,0.9,64.43,0
2024-01-05T16:00:00,0.9,64.43,0
2024-01-05T17:00:00,0.0,69.06,0
2024-01-05T18:00:00,-1.9,76.46,0
2024-01-05T19:00:00,-1.3,77.89,0
2024-01-05T20:00:00,-1.1,79.08,0
2024-01-05T21:00:00,-1.3,80.1,0
2024-01-05T22:00:00,-1.1,76.01,0
2024-01-05T23:00:00,-0.7,76.73,0
2024-01-06T00:00:00,-1.1,79.08,0
2024-01-06T01:00:00,-1.1,79.08,0
2024-01-06T02:00:00,-1.3,81.16,0
2024-01-06T03:00:00,-1.3,76.87,0
2024-01-06T04:00:00,-1.1,79.08,0
2024-01-06T05:00:00,-1.1,79.08,0
2024-01-06T06:00:00,-1.7,79.23,0
2024-01-06T07:00:00,-1.5,78.22,0
2024-01-06T08:00:00,-1.5,81.51,0
2024-01-06T09:00:00,-1.5,88.18,1
2024-01-06T10:00:00,-1.5,88.18,0
2024-01-06T11:00:00,-0.5,79.17,0
2024-01-06T12:00:00,-0.5,79.17,0
2024-01-06T13:00:00,-0.5,81.96,0
2024-01-06T14:00:00,0.0,85.68,1
2024-01-06T15:00:00,0.5,82.35,0
2024-01-06T16:00:00,0.5,84.89,0
2024-01-06T17:00:00,0.5,84.89,0
2024-01-06T18:00:00,0.0,89.47,0
2024-01-06T19:00:00,0.0,89.47,0
2024-01-06T20:00:00,0.0,92.21,0
2024-01-06T21:00:00,0.0,92.21,0
2024-01-06T22:00:00,0.0,89.47,0
2024-01-06T23:00:00,0.0,89.47,0
2024-01-07T00:00:00,0.0,92.51,0
2024-01-07T01:00:00,0.0,92.21,0
2024-01-07T02:00:00,0.0,93.4,0
2024-01-07T03:00:00,0.0,96.25,1
2024-01-07T04:00:00,0.0,96.25,1
2024-01-07T05:00:00,0.5,92.81,1
2024-01-07T06:00:00,0.5,92.81,1
2024-01-07T07:00:00,0.5,90.16,1
2024-01-07T08:00:00,0.5,92.81,1
2024-01-07T09:00:00,0.5,90.16,0
2024-01-07T10:00:00,0.5,90.16,1
2024-01-07T11:00:00,0.5,90.16,0
2024-01-07T12:00:00,0.5,90.17,0
2024-01-07T13:00:00,0.9,87.58,0
2024-01-07T14:00:00,1.1,86.37,0
2024-01-07T15:00:00,1.1,83.83,0
2024-01-07T16:00:00,1.1,81.33,0
2024-01-07T17:00:00,1.1,80.19,0
2024-01-07T18:00:00,0.5,83.66,0
2024-01-07T19:00:00,0.5,78.18,0
2024-01-07T20:00:00,0.5,79.47,0
2024-01-07T21:00:00,0.5,76.59,0
2024-01-07T22:00:00,0.5,74.53,0
2024-01-07T23:00:00,0.5,73.56,0
2024-01-08T00:00:00,0.5,76.07,0
2024-01-08T01:00:00,0.0,78.97,0
2024-01-08T02:00:00,0.0,76.36,0
2024-01-08T03:00:00,0.0,77.42,0
2024-01-08T04:00:00,0.0,79.06,0
2024-01-08T05:00:00,0.0,76.95,0
2024-01-08T06:00:00,0.0,79.53,0
2024-01-08T07:00:00,0.0,80.15,0
2024-01-08T08:00:00,0.0,80.18,0
2024-01-08T09:00:00,0.0,80.2,0
2024-01-08T10:00:00,0.5,77.21,0
2024-01-08T11:00:00,0.9,77.14,0
2024-01-08T12:00:00,1.0,77.08,0
2024-01-08T13:00:00,1.6,78.62,0
2024-01-08T14:00:00,2.5,72.36,0
2024-01-08T15:00:00,2.5,74.48,0
2024-01-08T16:00:00,2.5,74.59,0
2024-01-08T17:00:00,2.0,77.54,0
2024-01-08T18:00:00,1.4,80.87,0
2024-01-08T19:00:00,1.4,78.66,0
2024-01-08T20:00:00,0.9,81.15,0
2024-01-08T21:00:00,0.9,81.12,0
2024-01-08T22:00:00,0.9,81.22,0
2024-01-08T23:00:00,0.9,81.29,0
2024-01-09T00:00:00,0.9,81.36,0
2024-01-09T01:00:00,0.9,83.74,0
2024-01-09T02:00:00,0.5,89.06,1
2024-01-09T03:00:00,0.9,90.2,1
2024-01-09T04:00:00,0.5,92.52,1
2024-01-09T05:00:00,0.5,92.81,1
2024-01-09T06:00:00,0.5,92.52,1
2024-01-09T07:00:00,0.9,93.31,1
2024-01-09T08:00:00,1.0,93.57,1
2024-01-09T09:00:00,1.6,94.13,1
2024-01-09T10:00:00,1.6,94.13,1
2024-01-09T11:00:00,2.0,94.15,1
2024-01-09T12:00:00,2.0,94.15,1
2024-01-09T13:00:00,2.0,97.21,1
2024-01-09T14:00:00,3.6,97.25,0
2024-01-09T15:00:00,4.0,97.25,1
2024-01-09T16:00:00,4.6,93.88,1
2024-01-09T17:00:00,6.1,90.95,1
2024-01-09T18:00:00,5.8,90.56,1
2024-01-09T19:00:00,5.3,88.04,0
2024-01-09T20:00:00,4.6,88.78,1
2024-01-09T21:00:00,3.5,85.8,0
2024-01-09T22:00:00,3.1,82.62,0
2024-01-09T23:00:00,3.1,84.92,0
2024-01-10T00:00:00,2.2,83.03,0
2024-01-10T01:00:00,1.7,85.69,0
2024-01-10T02:00:00,1.1,92.44,0
2024-01-10T03:00:00,1.0,89.65,0
2024-01-10T04:00:00,1.6,89.53,0
2024-01-10T05:00:00,1.5,89.53,0
2024-01-10T06:00:00,1.6,86.31,0
2024-01-10T07:00:00,1.5,86.28,0
2024-01-10T08:00:00,1.1,86.4,0
2024-01-10T09:00:00,1.1,83.86,0
2024-01-10T10:00:00,1.1,83.95,0
2024-01-10T11:00:00,1.5,77.78,0
2024-01-10T12:00:00,1.1,77.26,0
2024-01-10T13:00:00,0.5,80.63,0
2024-01-10T14:00:00,0.5,82.51,0
2024-01-10T15:00:00,0.5,79.56,0
2024-01-10T16:00:00,0.5,79.54,0
2024-01-10T17:00:00,0.5,79.65,0
2024-01-10T18:00:00,0.5,79.7,0
2024-01-10T19:00:00,0.5,79.75,0
2024-01-10T20:00:00,0.0,82.83,0
2024-01-10T21:00:00,0.0,80.7,0
2024-01-10T22:00:00,0.0,82.69,0
2024-01-10T23:00:00,0.0,82.64,0
2024-01-11T00:00:00,0.0,82.64,0
2024-01-11T01:00:00,0.0,86.79,0
2024-01-11T02:00:00,0.0,86.79,0
2024-01-11T03:00:00,-0.2,87.86,0
2024-01-11T04:00:00,0.4,86.54,0
2024-01-11T05:00:00,0.5,89.22,1
2024-01-11T06:00:00,0.5,89.77,0
2024-01-11T07:00:00,1.4,81.78,0
2024-01-11T08:00:00,1.6,80.99,0
2024-01-11T09:00:00,1.6,80.61,0
2024-01-11T10:00:00,1.6,78.43,0
2024-01-11T11:00:00,1.1,79.98,0
2024-01-11T12:00:00,0.5,80.37,0
2024-01-11T13:00:00,0.5,80.35,0
2024-01-11T14:00:00,0.9,77.9,0
2024-01-11T15:00:00,0.6,78.62,0
2024-01-11T16:00:00,0.6,73.8,0
2024-01-11T17:00:00,0.5,76.76,0
2024-01-11T18:00:00,0.5,73.4,0
2024-01-11T19:00:00,0.5,75.88,0
2024-01-11T20:00:00,0.0,78.85,0
2024-01-11T21:00:00,-0.6,82.08,0
2024-01-11T22:00:00,-1.0,81.81,0
2024-01-11T23:00:00,-1.5,84.59,0
2024-01-12T00:00:00,-1.1,82.76,0
2024-01-12T01:00:00,-1.1,82.76,0
2024-01-12T02:00:00,-1.1,82.71,0
2024-01-12T03:00:00,-0.6,79.88,0
2024-01-12T04:00:00,-0.6,79.92,0
2024-01-12T05:00:00,-0.5,82.62,0
2024-01-12T06:00:00,-0.5,83.19,0
2024-01-12T07:00:00,0.0,82.54,0
2024-01-12T08:00:00,0.5,80.29,0
2024-01-12T09:00:00,0.9,80.98,0
2024-01-12T10:00:00,0.9,83.58,1
2024-01-12T11:00:00,1.1,82.51,1
2024-01-12T12:00:00,0.9,86.65,1
2024-01-12T13:00:00,1.4,86.91,1
2024-01-12T14:00:00,2.4,89.93,1
2024-01-12T15:00:00,1.4,90.33,1
2024-01-12T16:00:00,1.5,93.92,1
2024-01-12T17:00:00,0.9,93.34,1
2024-01-12T18:00:00,0.5,96.15,1
2024-01-12T19:00:00,0.9,97.08,1
2024-01-12T20:00:00,1.4,93.93,1
2024-01-12T21:00:00,2.5,90.47,0
2024-01-12T22:00:00,2.5,88.28,0
2024-01-12T23:00:00,1.0,90.2,0
2024-01-13T00:00:00,-0.6,91.67,0
2024-01-13T01:00:00,-1.7,84.67,0
2024-01-13T02:00:00,-3.2,79.74,0
2024-01-13T03:00:00,-4.3,81.69,0
2024-01-13T04:00:00,-5.1,76.69,0
2024-01-13T05:00:00,-5.6,79.67,0
2024-01-13T06:00:00,-6.0,82.21,0
2024-01-13T07:00:00,-6.0,82.16,0
2024-01-13T08:00:00,-5.6,83.18,0
2024-01-13T09:00:00,-5.6,80.87,0
2024-01-13T10:00:00,-5.6,79.8,0
2024-01-13T11:00:00,-5.6,77.3,0
2024-01-13T12:00:00,-5.5,76.76,0
2024-01-13T13:00:00,-5.6,77.16,0
2024-01-13T14:00:00,-5.1,76.55,0
2024-01-13T15:00:00,-5.1,75.47,0
2024-01-13T16:00:00,-5.7,76.32,0
2024-01-13T17:00:00,-6.2,77.29,0
2024-01-13T18:00:00,-6.7,74.31,0
2024-01-13T19:00:00,-6.8,76.82,0
2024-01-13T20:00:00,-7.3,76.14,0
2024-01-13T21:00:00,-7.3,75.36,0
2024-01-13T22:00:00,-8.4,77.17,0
2024-01-13T23:00:00,-9.1,74.79,0
2024-01-14T00:00:00,-11.1,78.05,0
2024-01-14T01:00:00,-12.2,73.44,0
2024-01-14T02:00:00,-13.3,69.88,0
2024-01-14T03:00:00,-14.5,68.33,0
2024-01-14T04:00:00,-16.7,68.97,0
2024-01-14T05:00:00,-17.3,66.59,0
2024-01-14T06:00:00,-18.4,62.11,0
2024-01-14T07:00:00,-19.5,66.65,0
2024-01-14T08:00:00,-19.5,65.64,0
2024-01-14T09:00:00,-19.5,65.66,0
2024-01-14T10:00:00,-19.4,64.96,0
2024-01-14T11:00:00,-19.0,62.48,0
2024-01-14T12:00:00,-18.4,62.47,0
2024-01-14T13:00:00,-17.9,64.8,0
2024-01-14T14:00:00,-17.3,64.56,0
2024-01-14T15:00:00,-16.8,62.11,0
2024-01-14T16:00:00,-17.2,62.75,0
2024-01-14T17:00:00,-17.9,68.92,0
2024-01-14T18:00:00,-18.3,67.7,0
2024-01-14T19:00:00,-18.3,64.93,0
2024-01-14T20:00:00,-18.3,65.04,0
2024-01-14T21:00:00,-18.5,68.84,0
2024-01-14T22:00:00,-18.9,69.86,0
2024-01-14T23:00:00,-18.9,69.83,0
2024-01-15T00:00:00,-18.9,69.86,0
2024-01-15T01:00:00,-19.1,70.86,0
2024-01-15T02:00:00,-19.5,75.92,0
2024-01-15T03:00:00,-19.5,72.81,0
2024-01-15T04:00:00,-19.5,72.32,0
2024-01-15T05:00:00,-20.2,73.37,0
2024-01-15T06:00:00,-20.7,68.16,0
2024-01-15T07:00:00,-20.7,71.34,0
2024-01-15T08:00:00,-21.1,70.61,0
2024-01-15T09:00:00,-20.7,71.75,0
2024-01-15T10:00:00,-19.4,71.63,0
2024-01-15T11:00:00,-18.3,68.3,0
2024-01-15T12:00:00,-17.2,67.46,0
2024-01-15T13:00:00,-15.6,65.95,0
2024-01-15T14:00:00,-15.0,65.67,0
2024-01-15T15:00:00,-15.0,65.69,0
2024-01-15T16:00:00,-14.4,66.11,0
2024-01-15T17:00:00,-14.5,67.07,0
2024-01-15T18:00:00,-14.5,70.02,0
2024-01-15T19:00:00,-14.5,67.7,0
2024-01-15T20:00:00,-14.5,69.97,0
2024-01-15T21:00:00,-14.3,69.11,0
2024-01-15T22:00:00,-13.9,70.14,0
2024-01-15T23:00:00,-13.9,70.67,0
2024-01-16T00:00:00,-13.7,75.14,0
2024-01-16T01:00:00,-13.7,75.09,1
2024-01-16T02:00:00,-13.7,75.21,0
2024-01-16T03:00:00,-13.9,76.2,1
2024-01-16T04:00:00,-14.4,76.38,1
2024-01-16T05:00:00,-14.5,76.73,0
2024-01-16T06:00:00,-15.0,77.5,1
2024-01-16T07:00:00,-15.6,76.49,0
2024-01-16T08:00:00,-16.2,77.52,0
2024-01-16T09:00:00,-16.2,73.21,0
2024-01-16T10:00:00,-15.7,69.51,0
2024-01-16T11:00:00,-15.0,65.76,0
2024-01-16T12:00:00,-14.2,61.47,0
2024-01-16T13:00:00,-13.4,59.38,0
2024-01-16T14:00:00,-13.9,59.43,0
2024-01-16T15:00:00,-13.4,60.22,0
2024-01-16T16:00:00,-13.9,62.49,0
2024-01-16T17:00:00,-14.4,62.28,0
2024-01-16T18:00:00,-15.0,63.43,0
2024-01-16T19:00:00,-15.5,69.53,0
2024-01-16T20:00:00,-16.0,70.93,0
2024-01-16T21:00:00,-16.1,70.31,0
2024-01-16T22:00:00,-16.1,69.22,0
2024-01-16T23:00:00,-16.1,66.82,0
2024-01-17T00:00:00,-15.7,64.64,0
2024-01-17T01:00:00,-16.1,66.78,0
2024-01-17T02:00:00,-16.1,66.78,0
2024-01-17T03:00:00,-16.1,66.84,0
2024-01-17T04:00:00,-16.1,66.8,0
2024-01-17T05:00:00,-16.1,62.84,0
2024-01-17T06:00:00,-16.5,64.95,0
2024-01-17T07:00:00,-16.6,65.05,0
2024-01-17T08:00:00,-16.1,65.81,0
2024-01-17T09:00:00,-15.0,63.13,0
2024-01-17T10:00:00,-13.3,62.39,0
2024-01-17T11:00:00,-11.7,62.84,0
2024-01-17T12:00:00,-10.1,58.88,0
2024-01-17T13:00:00,-9.0,58.49,0
2024-01-17T14:00:00,-7.8,56.36,0
2024-01-17T15:00:00,-6.7,55.97,0
2024-01-17T16:00:00,-6.7,57.37,0
2024-01-17T17:00:00,-6.7,57.48,0
2024-01-17T18:00:00,-7.1,59.42,0
2024-01-17T19:00:00,-7.1,61.7,0
2024-01-17T20:00:00,-7.1,64.61,0
2024-01-17T21:00:00,-6.3,65.41,0
2024-01-17T22:00:00,-5.2,63.05,0
2024-01-17T23:00:00,-5.1,65.58,0
2024-01-18T00:00:00,-4.5,62.64,0
2024-01-18T01:00:00,-4.5,62.48,0
2024-01-18T02:00:00,-4.5,58.7,0
2024-01-18T03:00:00,-5.1,63.29,0
2024-01-18T04:00:00,-5.2,64.54,0
2024-01-18T05:00:00,-5.0,61.09,0
2024-01-18T06:00:00,-5.0,62.19,0
2024-01-18T07:00:00,-5.0,62.57,0
2024-01-18T08:00:00,-5.7,80.45,1
2024-01-18T09:00:00,-6.1,89.22,1
2024-01-18T10:00:00,-5.6,85.31,1
2024-01-18T11:00:00,-4.9,78.96,1
2024-01-18T12:00:00,-4.3,75.21,0
2024-01-18T13:00:00,-4.2,76.79,0
2024-01-18T14:00:00,-3.7,73.9,0
2024-01-18T15:00:00,-3.3,69.34,0
2024-01-18T16:00:00,-3.2,69.26,0
2024-01-18T17:00:00,-3.3,69.91,0
2024-01-18T18:00:00,-3.3,72.64,0
2024-01-18T19:00:00,-3.7,75.25,0
2024-01-18T20:00:00,-3.9,76.18,0
2024-01-18T21:00:00,-4.3,78.5,0
2024-01-18T22:00:00,-4.5,80.67,0
2024-01-18T23:00:00,-4.5,86.51,1
2024-01-19T00:00:00,-4.5,85.98,1
2024-01-19T01:00:00,-5.0,89.46,1
2024-01-19T02:00:00,-5.0,89.46,0
2024-01-19T03:00:00,-5.0,86.82,1
2024-01-19T04:00:00,-5.2,90.22,1
2024-01-19T05:00:00,-5.7,90.34,1
2024-01-19T06:00:00,-5.7,86.21,1
2024-01-19T07:00:00,-6.1,88.91,1
2024-01-19T08:00:00,-6.3,85.55,1
2024-01-19T09:00:00,-6.9,84.55,0
2024-01-19T10:00:00,-7.2,77.2,1
2024-01-19T11:00:00,-7.1,73.65,0
2024-01-19T12:00:00,-6.6,70.88,0
2024-01-19T13:00:00,-6.1,66.6,0
2024-01-19T14:00:00,-5.7,64.4,0
2024-01-19T15:00:00,-6.1,68.35,0
2024-01-19T16:00:00,-6.6,76.36,0
2024-01-19T17:00:00,-7.5,73.27,0
2024-01-19T18:00:00,-8.1,74.7,0
2024-01-19T19:00:00,-9.7,81.04,0
2024-01-19T20:00:00,-10.4,78.72,0
2024-01-19T21:00:00,-10.9,81.38,0
2024-01-19T22:00:00,-11.4,81.29,0
2024-01-19T23:00:00,-11.6,77.81,0
2024-01-20T00:00:00,-12.1,77.04,0
2024-01-20T01:00:00,-12.7,76.52,0
2024-01-20T02:00:00,-13.1,76.47,0
2024-01-20T03:00:00,-13.8,76.87,0
2024-01-20T04:00:00,-14.0,77.4,0
2024-01-20T05:00:00,-14.2,76.42,0
2024-01-20T06:00:00,-14.5,77.35,0
2024-01-20T07:00:00,-15.2,81.42,0
2024-01-20T08:00:00,-16.3,81.51,0
2024-01-20T09:00:00,-16.5,80.25,0
2024-01-20T10:00:00,-15.5,77.54,0
2024-01-20T11:00:00,-13.0,71.77,0
2024-01-20T12:00:00,-11.9,69.29,0
2024-01-20T13:00:00,-10.4,69.07,0
2024-01-20T14:00:00,-9.0,66.03,0
2024-01-20T15:00:00,-8.5,72.52,0
2024-01-20T16:00:00,-7.7,74.74,0
2024-01-20T17:00:00,-7.0,73.16,0
2024-01-20T18:00:00,-8.4,73.29,0
2024-01-20T19:00:00,-7.9,72.26,0
2024-01-20T20:00:00,-8.8,70.0,0
2024-01-20T21:00:00,-8.9,69.99,0
2024-01-20T22:00:00,-9.7,71.99,0
2024-01-20T23:00:00,-10.2,70.76,0
2024-01-21T00:00:00,-10.3,70.8,0
2024-01-21T01:00:00,-10.4,71.47,0
2024-01-21T02:00:00,-10.2,75.05,0
2024-01-21T03:00:00,-11.5,75.86,0
2024-01-21T04:00:00,-12.0,76.47,0
2024-01-21T05:00:00,-13.5,76.97,0
2024-01-21T06:00:00,-16.1,83.53,0
2024-01-21T07:00:00,-17.0,80.05,0
2024-01-21T08:00:00,-17.7,83.45,0
2024-01-21T09:00:00,-16.7,79.4,0
2024-01-21T10:00:00,-15.1,79.64,0
2024-01-21T11:00:00,-12.8,72.17,0
2024-01-21T12:00:00,-11.1,68.66,0
2024-01-21T13:00:00,-9.0,59.13,0
2024-01-21T14:00:00,-8.0,55.56,0
2024-01-21T15:00:00,-7.6,51.39,0
2024-01-21T16:00:00,-7.0,49.56,0
2024-01-21T17:00:00,-7.6,52.03,0
2024-01-21T18:00:00,-8.6,56.45,0
2024-01-21T19:00:00,-9.5,58.82,0
2024-01-21T20:00:00,-10.7,62.21,0
2024-01-21T21:00:00,-10.2,63.89,0
2024-01-21T22:00:00,-12.8,74.87,0
2024-01-21T23:00:00,-11.3,70.8,0
2024-01-22T00:00:00,-12.1,72.95,0
2024-01-22T01:00:00,-11.3,70.8,0
2024-01-22T02:00:00,-11.6,72.93,0
2024-01-22T03:00:00,-10.1,72.21,0
2024-01-22T04:00:00,-8.5,69.02,0
2024-01-22T05:00:00,-7.3,68.33,0
2024-01-22T06:00:00,-6.2,65.93,0
2024-01-22T07:00:00,-5.6,67.25,0
2024-01-22T08:00:00,-4.5,62.5,0
2024-01-22T09:00:00,-3.8,61.92,0
2024-01-22T10:00:00,-2.2,59.86,0
2024-01-22T11:00:00,-1.7,58.12,0
2024-01-22T12:00:00,-1.1,58.89,0
2024-01-22T13:00:00,-0.8,63.46,0
2024-01-22T14:00:00,0.0,62.39,0
2024-01-22T15:00:00,-0.1,81.52,0
2024-01-22T16:00:00,0.5,83.23,1
2024-01-22T17:00:00,1.4,75.45,0
2024-01-22T18:00:00,0.5,85.45,0
2024-01-22T19:00:00,0.5,90.16,1
2024-01-22T20:00:00,0.5,90.16,1
2024-01-22T21:00:00,0.5,89.7,1
2024-01-22T22:00:00,1.0,84.32,1
2024-01-22T23:00:00,1.8,79.68,0
2024-01-23T00:00:00,0.9,87.15,1
2024-01-23T01:00:00,0.9,87.63,1
2024-01-23T02:00:00,0.9,90.2,1
2024-01-23T03:00:00,0.5,92.81,1
2024-01-23T04:00:00,0.5,92.81,1
2024-01-23T05:00:00,0.5,92.81,1
2024-01-23T06:00:00,0.5,92.81,1
2024-01-23T07:00:00,0.5,92.81,1
2024-01-23T08:00:00,0.5,96.27,1
2024-01-23T09:00:00,0.9,93.56,1
2024-01-23T10:00:00,0.9,93.56,1
2024-01-23T11:00:00,1.6,94.13,1
2024-01-23T12:00:00,2.0,93.92,1
2024-01-23T13:00:00,2.5,93.78,1
2024-01-23T14:00:00,2.7,93.79,0
2024-01-23T15:00:00,3.5,94.56,1
2024-01-23T16:00:00,3.5,97.24,0
2024-01-23T17:00:00,3.5,97.24,0
2024-01-23T18:00:00,3.4,97.24,0
2024-01-23T19:00:00,3.4,97.24,0
2024-01-23T20:00:00,3.1,97.24,0
2024-01-23T21:00:00,3.7,94.56,0
2024-01-23T22:00:00,3.3,97.01,0
2024-01-23T23:00:00,3.3,96.85,0
2024-01-24T00:00:00,3.1,97.24,0
2024-01-24T01:00:00,3.1,97.24,0
2024-01-24T02:00:00,2.5,96.47,0
2024-01-24T03:00:00,2.5,96.47,0
2024-01-24T04:00:00,2.9,97.23,1
2024-01-24T05:00:00,2.9,97.23,1
2024-01-24T06:00:00,3.0,97.23,1
2024-01-24T07:00:00,2.9,97.15,1
2024-01-24T08:00:00,3.1,97.14,1
2024-01-24T09:00:00,3.5,94.41,0
2024-01-24T10:00:00,3.9,97.17,0
2024-01-24T11:00:00,4.5,96.42,0
2024-01-24T12:00:00,4.5,96.42,1
2024-01-24T13:00:00,5.0,96.31,1
2024-01-24T14:00:00,5.5,97.2,1
2024-01-24T15:00:00,5.5,97.21,1
2024-01-24T16:00:00,5.9,94.16,1
2024-01-24T17:00:00,5.4,97.21,1
2024-01-24T18:00:00,5.4,97.21,0
2024-01-24T19:00:00,5.0,96.3,1
2024-01-24T20:00:00,5.0,96.3,0
2024-01-24T21:00:00,5.0,96.3,0
2024-01-24T22:00:00,5.0,96.3,0
2024-01-24T23:00:00,4.3,96.43,0
2024-01-25T00:00:00,5.0,92.87,0
2024-01-25T01:00:00,4.4,96.43,0
2024-01-25T02:00:00,3.9,97.17,0
2024-01-25T03:00:00,3.8,97.14,0
2024-01-25T04:00:00,4.2,95.7,0
2024-01-25T05:00:00,3.7,94.42,0
2024-01-25T06:00:00,3.9,94.41,0
2024-01-25T07:00:00,3.8,97.17,0
2024-01-25T08:00:00,3.4,97.16,0
2024-01-25T09:00:00,3.5,97.17,0
2024-01-25T10:00:00,3.9,97.17,0
2024-01-25T11:00:00,4.6,96.43,0
2024-01-25T12:00:00,5.2,96.31,0
2024-01-25T13:00:00,5.7,93.64,0
2024-01-25T14:00:00,6.0,96.88,0
2024-01-25T15:00:00,5.8,97.22,0
2024-01-25T16:00:00,5.6,97.22,0
2024-01-25T17:00:00,5.2,92.89,0
2024-01-25T18:00:00,4.0,97.25,0
2024-01-25T19:00:00,3.5,97.24,0
2024-01-25T20:00:00,3.5,97.17,1
2024-01-25T21:00:00,3.5,97.17,1
2024-01-25T22:00:00,3.5,94.42,1
2024-01-25T23:00:00,3.1,97.16,1
2024-01-26T00:00:00,3.1,93.65,1
2024-01-26T01:00:00,3.1,97.12,1
2024-01-26T02:00:00,3.3,93.66,1
2024-01-26T03:00:00,2.7,96.39,0
2024-01-26T04:00:00,2.7,96.39,0
2024-01-26T05:00:00,2.2,97.21,1
2024-01-26T06:00:00,2.7,96.48,1
2024-01-26T07:00:00,3.1,93.81,0
2024-01-26T08:00:00,3.1,97.24,0
2024-01-26T09:00:00,3.1,97.12,0
2024-01-26T10:00:00,3.5,94.56,0
2024-01-26T11:00:00,3.7,94.56,1
2024-01-26T12:00:00,3.7,94.56,0
2024-01-26T13:00:00,3.7,94.56,0
2024-01-26T14:00:00,3.7,94.56,0
2024-01-26T15:00:00,3.7,94.64,0
2024-01-26T16:00:00,3.7,94.56,0
2024-01-26T17:00:00,3.7,94.56,0
2024-01-26T18:00:00,3.3,97.24,0
2024-01-26T19:00:00,3.2,93.82,0
2024-01-26T20:00:00,2.8,96.48,0
2024-01-26T21:00:00,2.7,96.48,0
2024-01-26T22:00:00,2.7,96.48,0
2024-01-26T23:00:00,2.7,96.48,0
2024-01-27T00:00:00,2.7,96.48,0
2024-01-27T01:00:00,2.7,96.48,0
2024-01-27T02:00:00,2.5,96.47,0
2024-01-27T03:00:00,2.5,96.47,0
2024-01-27T04:00:00,2.5,93.78,0
2024-01-27T05:00:00,2.0,97.21,0
2024-01-27T06:00:00,2.0,97.21,0
2024-01-27T07:00:00,2.0,97.21,0
2024-01-27T08:00:00,2.0,97.21,0
2024-01-27T09:00:00,2.7,93.79,0
2024-01-27T10:00:00,3.1,93.81,0
2024-01-27T11:00:00,3.3,97.24,0
2024-01-27T12:00:00,3.7,97.25,0
2024-01-27T13:00:00,4.2,94.58,0
2024-01-27T14:00:00,4.7,91.31,0
2024-01-27T15:00:00,4.8,91.31,0
2024-01-27T16:00:00,4.6,91.3,0
2024-01-27T17:00:00,4.1,94.58,0
2024-01-27T18:00:00,4.1,91.97,0
2024-01-27T19:00:00,3.7,94.56,0
2024-01-27T20:00:00,3.1,97.24,0
2024-01-27T21:00:00,3.1,93.81,0
2024-01-27T22:00:00,2.7,93.79,1
2024-01-27T23:00:00,2.7,93.79,1
2024-01-28T00:00:00,2.7,93.79,1
2024-01-28T01:00:00,2.7,93.79,1
2024-01-28T02:00:00,2.7,93.79,1
2024-01-28T03:00:00,2.7,93.79,1
2024-01-28T04:00:00,2.7,93.79,1
2024-01-28T05:00:00,2.5,93.78,1
2024-01-28T06:00:00,2.0,94.15,1
2024-01-28T07:00:00,1.8,91.5,1
2024-01-28T08:00:00,0.9,93.56,1
2024-01-28T09:00:00,0.9,93.56,1
2024-01-28T10:00:00,1.4,90.69,1
2024-01-28T11:00:00,1.1,93.57,1
2024-01-28T12:00:00,2.0,91.51,1
2024-01-28T13:00:00,2.5,90.83,1
2024-01-28T14:00:00,3.1,88.33,0
2024-01-28T15:00:00,3.1,88.33,0
2024-01-28T16:00:00,3.1,88.33,0
2024-01-28T17:00:00,3.1,84.82,0
2024-01-28T18:00:00,2.7,86.08,0
2024-01-28T19:00:00,3.1,84.04,0
2024-01-28T20:00:00,3.1,83.88,0
2024-01-28T21:00:00,3.1,77.59,0
2024-01-28T22:00:00,2.7,82.7,0
2024-01-28T23:00:00,1.6,85.88,0
2024-01-29T00:00:00,1.1,84.08,0
2024-01-29T01:00:00,0.9,84.33,0
2024-01-29T02:00:00,0.5,86.34,0
2024-01-29T03:00:00,0.5,83.98,0
2024-01-29T04:00:00,0.5,86.92,0
2024-01-29T05:00:00,0.5,86.39,0
2024-01-29T06:00:00,0.5,86.49,0
2024-01-29T07:00:00,0.5,86.49,0
2024-01-29T08:00:00,0.5,83.91,0
2024-01-29T09:00:00,0.5,86.39,0
2024-01-29T10:00:00,0.5,84.91,0
2024-01-29T11:00:00,0.5,83.88,0
2024-01-29T12:00:00,0.9,84.55,0
2024-01-29T13:00:00,0.5,86.51,0
2024-01-29T14:00:00,0.7,85.47,0
2024-01-29T15:00:00,0.7,85.47,0
2024-01-29T16:00:00,0.5,89.61,0
2024-01-29T17:00:00,0.5,87.59,0
2024-01-29T18:00:00,0.5,87.59,0
2024-01-29T19:00:00,0.5,87.59,0
2024-01-29T20:00:00,0.5,87.05,0
2024-01-29T21:00:00,0.5,90.16,0
2024-01-29T22:00:00,0.0,90.98,0
2024-01-29T23:00:00,0.0,90.66,0
2024-01-30T00:00:00,0.0,90.65,0
2024-01-30T01:00:00,0.0,90.06,0
2024-01-30T02:00:00,0.0,89.48,0
2024-01-30T03:00:00,0.0,89.86,0
2024-01-30T04:00:00,0.0,89.86,0
2024-01-30T05:00:00,0.0,89.86,0
2024-01-30T06:00:00,0.0,89.86,0
2024-01-30T07:00:00,0.0,89.86,0
2024-01-30T08:00:00,0.0,90.98,1
2024-01-30T09:00:00,0.5,90.16,1
2024-01-30T10:00:00,0.5,90.16,1
2024-01-30T11:00:00,0.5,92.81,1
2024-01-30T12:00:00,0.5,92.81,0
2024-01-30T13:00:00,0.9,93.56,0
2024-01-30T14:00:00,0.9,93.56,1
2024-01-30T15:00:00,0.9,93.31,1
2024-01-30T16:00:00,1.5,94.13,0
2024-01-30T17:00:00,1.6,93.9,0
2024-01-30T18:00:00,1.6,96.85,0
2024-01-30T19:00:00,1.6,96.85,0
2024-01-30T20:00:00,1.5,96.85,0
2024-01-30T21:00:00,1.5,96.85,0
2024-01-30T22:00:00,1.6,96.73,0
2024-01-30T23:00:00,2.0,94.15,0
2024-01-31T00:00:00,1.6,96.85,0
2024-01-31T01:00:00,2.0,94.15,0
2024-01-31T02:00:00,1.6,94.13,0
2024-01-31T03:00:00,1.6,96.77,0
2024-01-31T04:00:00,2.0,93.99,0
2024-01-31T05:00:00,2.0,93.99,0
2024-01-31T06:00:00,2.0,93.97,0
2024-01-31T07:00:00,2.0,91.51,0
2024-01-31T08:00:00,2.0,91.51,0
2024-01-31T09:00:00,2.5,90.83,0
2024-01-31T10:00:00,2.7,93.79,0
2024-01-31T11:00:00,3.6,88.69,0
2024-01-31T12:00:00,4.1,86.27,0
2024-01-31T13:00:00,4.6,85.4,0
2024-01-31T14:00:00,5.0,79.42,0
2024-01-31T15:00:00,4.9,76.8,0
2024-01-31T16:00:00,4.8,74.37,0
2024-01-31T17:00:00,4.1,77.54,0
2024-01-31T18:00:00,3.7,76.86,0
2024-01-31T19:00:00,3.1,80.01,0
2024-01-31T20:00:00,3.1,80.05,0
2024-01-31T21:00:00,3.1,80.03,0
2024-01-31T22:00:00,3.1,80.14,0
2024-01-31T23:00:00,2.1,82.73,0
2024-02-01T00:00:00,1.7,85.15,0
2024-02-01T01:00:00,1.1,89.11,0
2024-02-01T02:00:00,1.1,89.11,0
2024-02-01T03:00:00,0.9,90.2,0
2024-02-01T04:00:00,0.9,90.2,0
2024-02-01T05:00:00,1.4,87.36,0
2024-02-01T06:00:00,1.1,89.11,0
2024-02-01T07:00:00,1.1,89.11,0
2024-02-01T08:00:00,1.1,86.53,0
2024-02-01T09:00:00,1.7,88.66,0
2024-02-01T10:00:00,3.2,83.6,0
2024-02-01T11:00:00,5.8,74.56,0
2024-02-01T12:00:00,7.6,73.24,0
2024-02-01T13:00:00,8.3,72.83,0
2024-02-01T14:00:00,9.8,68.55,0
2024-02-01T15:00:00,10.5,71.13,0
2024-02-01T16:00:00,10.5,68.62,0
2024-02-01T17:00:00,9.9,71.58,0
2024-02-01T18:00:00,7.9,78.88,0
2024-02-01T19:00:00,6.9,82.28,0
2024-02-01T20:00:00,7.1,83.42,0
2024-02-01T21:00:00,7.1,83.36,0
2024-02-01T22:00:00,7.6,79.9,0
2024-02-01T23:00:00,6.8,80.76,0
2024-02-02T00:00:00,5.6,81.04,0
2024-02-02T01:00:00,4.6,78.39,0
2024-02-02T02:00:00,2.4,86.43,0
2024-02-02T03:00:00,1.4,85.9,0
2024-02-02T04:00:00,2.1,87.05,0
2024-02-02T05:00:00,1.6,89.53,0
2024-02-02T06:00:00,1.9,87.03,0
2024-02-02T07:00:00,1.8,87.55,0
2024-02-02T08:00:00,2.3,84.46,0
2024-02-02T09:00:00,3.0,81.15,0
2024-02-02T10:00:00,3.5,78.23,0
2024-02-02T11:00:00,3.5,75.07,0
2024-02-02T12:00:00,3.1,76.91,0
2024-02-02T13:00:00,3.0,77.52,0
2024-02-02T14:00:00,2.5,80.27,0
2024-02-02T15:00:00,2.2,79.78,0
2024-02-02T16:00:00,2.2,79.87,0
2024-02-02T17:00:00,1.8,79.86,0
2024-02-02T18:00:00,1.6,79.92,0
2024-02-02T19:00:00,1.4,80.46,0
2024-02-02T20:00:00,1.3,78.11,0
2024-02-02T21:00:00,1.2,78.45,0
2024-02-02T22:00:00,0.6,78.55,0
2024-02-02T23:00:00,-0.5,84.59,0
2024-02-03T00:00:00,-1.0,85.32,0
2024-02-03T01:00:00,-2.2,87.01,0
2024-02-03T02:00:00,-2.3,89.86,0
2024-02-03T03:00:00,-1.9,90.51,0
2024-02-03T04:00:00,-1.2,89.77,0
2024-02-03T05:00:00,-1.1,87.17,0
2024-02-03T06:00:00,-1.5,89.74,0
2024-02-03T07:00:00,-1.6,86.81,0
2024-02-03T08:00:00,-1.6,89.74,0
2024-02-03T09:00:00,-1.6,86.81,0
2024-02-03T10:00:00,-1.1,87.17,0
2024-02-03T11:00:00,-1.1,89.77,0
2024-02-03T12:00:00,-0.7,86.73,0
2024-02-03T13:00:00,0.0,82.92,0
2024-02-03T14:00:00,0.0,82.84,0
2024-02-03T15:00:00,0.5,83.79,0
2024-02-03T16:00:00,0.5,80.11,0
2024-02-03T17:00:00,0.5,82.73,0
2024-02-03T18:00:00,0.0,85.96,0
2024-02-03T19:00:00,-0.2,84.0,0
2024-02-03T20:00:00,-0.3,83.96,0
2024-02-03T21:00:00,-1.0,87.74,0
2024-02-03T22:00:00,-1.3,90.89,0
2024-02-03T23:00:00,-1.5,90.88,0
2024-02-04T00:00:00,-1.3,90.89,0
2024-02-04T01:00:00,-1.3,94.34,0
2024-02-04T02:00:00,-1.7,97.12,0
2024-02-04T03:00:00,-1.7,97.12,0
2024-02-04T04:00:00,-1.7,97.12,0
2024-02-04T05:00:00,-1.7,93.57,0
2024-02-04T06:00:00,-1.7,97.12,0
2024-02-04T07:00:00,-1.7,97.12,0
2024-02-04T08:00:00,-1.7,93.57,0
2024-02-04T09:00:00,-1.7,93.57,0
2024-02-04T10:00:00,-1.5,97.13,0
2024-02-04T11:00:00,-0.7,91.66,0
2024-02-04T12:00:00,-0.1,90.97,0
2024-02-04T13:00:00,0.6,87.39,0
2024-02-04T14:00:00,2.9,76.13,0
2024-02-04T15:00:00,5.1,65.51,0
2024-02-04T16:00:00,6.5,57.06,0
2024-02-04T17:00:00,6.6,56.24,0
2024-02-04T18:00:00,3.6,66.87,0
2024-02-04T19:00:00,2.5,71.94,0
2024-02-04T20:00:00,1.8,75.15,0
2024-02-04T21:00:00,-0.1,80.57,0
2024-02-04T22:00:00,0.8,77.32,0
2024-02-04T23:00:00,-0.9,81.49,0
2024-02-05T00:00:00,-1.7,86.33,0
2024-02-05T01:00:00,-0.7,80.63,0
2024-02-05T02:00:00,-1.6,82.3,0
2024-02-05T03:00:00,-1.5,80.53,0
2024-02-05T04:00:00,-1.8,79.12,0
2024-02-05T05:00:00,-2.2,78.25,0
2024-02-05T06:00:00,-2.8,78.2,0
2024-02-05T07:00:00,-2.5,74.08,0
2024-02-05T08:00:00,-2.7,70.06,0
2024-02-05T09:00:00,-0.1,69.52,0
2024-02-05T10:00:00,1.6,62.14,0
2024-02-05T11:00:00,2.7,62.91,0
2024-02-05T12:00:00,3.0,71.82,0
2024-02-05T13:00:00,2.7,74.66,0
2024-02-05T14:00:00,3.3,73.85,0
2024-02-05T15:00:00,4.1,69.87,0
2024-02-05T16:00:00,3.3,73.98,0
2024-02-05T17:00:00,2.0,78.82,0
2024-02-05T18:00:00,0.1,86.48,0
2024-02-05T19:00:00,-0.5,90.54,0
2024-02-05T20:00:00,-0.6,90.54,0
2024-02-05T21:00:00,-0.2,90.97,0
2024-02-05T22:00:00,-1.3,90.89,0
2024-02-05T23:00:00,-0.8,91.66,0
2024-02-06T00:00:00,-0.6,91.1,0
2024-02-06T01:00:00,0.0,90.42,0
2024-02-06T02:00:00,0.5,90.16,0
2024-02-06T03:00:00,0.5,90.16,0
2024-02-06T04:00:00,0.5,86.51,0
2024-02-06T05:00:00,0.5,84.5,0
2024-02-06T06:00:00,0.5,83.24,0
2024-02-06T07:00:00,0.5,83.79,0
2024-02-06T08:00:00,0.5,83.79,0
2024-02-06T09:00:00,0.0,83.97,0
2024-02-06T10:00:00,0.5,77.32,0
2024-02-06T11:00:00,1.0,77.84,0
2024-02-06T12:00:00,1.1,77.06,0
2024-02-06T13:00:00,1.7,76.35,0
2024-02-06T14:00:00,3.3,70.45,0
2024-02-06T15:00:00,5.4,62.67,0
2024-02-06T16:00:00,6.1,60.83,0
2024-02-06T17:00:00,6.0,60.39,0
2024-02-06T18:00:00,5.2,64.07,0
2024-02-06T19:00:00,2.5,74.99,0
2024-02-06T20:00:00,0.5,83.39,0
2024-02-06T21:00:00,0.4,83.49,0
2024-02-06T22:00:00,-0.8,84.68,0
2024-02-06T23:00:00,-1.1,87.17,0
2024-02-07T00:00:00,-1.0,85.56,0
2024-02-07T01:00:00,-0.7,82.92,0
2024-02-07T02:00:00,-1.6,82.17,0
2024-02-07T03:00:00,-2.1,85.61,0
2024-02-07T04:00:00,-2.2,82.16,0
2024-02-07T05:00:00,-3.2,85.25,0
2024-02-07T06:00:00,-2.9,83.3,0
2024-02-07T07:00:00,-3.9,86.05,0
2024-02-07T08:00:00,-3.4,85.78,0
2024-02-07T09:00:00,-1.2,87.17,0
2024-02-07T10:00:00,1.5,79.46,0
2024-02-07T11:00:00,2.8,75.19,0
2024-02-07T12:00:00,6.1,64.25,0
2024-02-07T13:00:00,8.5,57.21,0
2024-02-07T14:00:00,8.3,55.85,0
2024-02-07T15:00:00,8.7,56.48,0
2024-02-07T16:00:00,9.1,56.62,0
2024-02-07T17:00:00,8.5,58.9,0
2024-02-07T18:00:00,7.6,64.7,0
2024-02-07T19:00:00,4.3,76.46,0
2024-02-07T20:00:00,2.3,84.94,0
2024-02-07T21:00:00,3.3,79.16,0
2024-02-07T22:00:00,1.8,82.55,0
2024-02-07T23:00:00,3.5,78.0,0
2024-02-08T00:00:00,2.2,80.17,0
2024-02-08T01:00:00,2.7,76.62,0
2024-02-08T02:00:00,2.7,74.8,0
2024-02-08T03:00:00,3.2,68.77,0
2024-02-08T04:00:00,3.7,66.36,0
2024-02-08T05:00:00,2.7,68.91,0
2024-02-08T06:00:00,2.4,69.28,0
2024-02-08T07:00:00,2.7,70.62,0
2024-02-08T08:00:00,4.2,63.65,0
2024-02-08T09:00:00,6.7,58.93,0
2024-02-08T10:00:00,9.1,54.92,0
2024-02-08T11:00:00,10.7,54.79,0
2024-02-08T12:00:00,12.2,52.32,0
2024-02-08T13:00:00,14.2,48.65,0
2024-02-08T14:00:00,14.4,50.05,0
2024-02-08T15:00:00,16.1,42.54,0
2024-02-08T16:00:00,15.0,41.83,0
2024-02-08T17:00:00,14.3,43.38,0
2024-02-08T18:00:00,13.3,46.59,0
2024-02-08T19:00:00,12.4,49.26,0
2024-02-08T20:00:00,12.2,52.38,0
2024-02-08T21:00:00,11.8,57.39,0
2024-02-08T22:00:00,11.3,59.92,0
2024-02-08T23:00:00,11.8,60.63,0
2024-02-09T00:00:00,11.2,65.58,0
2024-02-09T01:00:00,10.7,68.01,0
2024-02-09T02:00:00,11.2,71.31,0
2024-02-09T03:00:00,11.2,76.71,0
2024-02-09T04:00:00,11.7,77.19,0
2024-02-09T05:00:00,11.7,79.86,0
2024-02-09T06:00:00,11.2,80.12,0
2024-02-09T07:00:00,11.2,82.89,0
2024-02-09T08:00:00,11.1,83.32,0
2024-02-09T09:00:00,11.7,83.16,0
2024-02-09T10:00:00,13.5,79.3,0
2024-02-09T11:00:00,13.7,75.67,0
2024-02-09T12:00:00,15.0,66.64,0
2024-02-09T13:00:00,16.1,63.25,0
2024-02-09T14:00:00,16.1,61.37,0
2024-02-09T15:00:00,17.4,54.28,0
2024-02-09T16:00:00,17.2,55.22,0
2024-02-09T17:00:00,16.7,55.48,0
2024-02-09T18:00:00,15.5,57.47,0
2024-02-09T19:00:00,12.4,68.38,0
2024-02-09T20:00:00,11.1,70.61,0
2024-02-09T21:00:00,10.1,77.46,0
2024-02-09T22:00:00,9.7,78.7,0
2024-02-09T23:00:00,8.9,84.07,0
2024-02-10T00:00:00,9.1,83.73,0
2024-02-10T01:00:00,8.7,86.71,0
2024-02-10T02:00:00,9.4,87.16,0
2024-02-10T03:00:00,9.9,87.21,0
2024-02-10T04:00:00,8.2,89.97,0
2024-02-10T05:00:00,8.8,91.57,0
2024-02-10T06:00:00,7.0,76.44,0
2024-02-10T07:00:00,5.3,77.42,0
2024-02-10T08:00:00,4.4,78.31,0
2024-02-10T09:00:00,4.1,77.76,0
2024-02-10T10:00:00,4.3,73.67,0
2024-02-10T11:00:00,5.5,70.22,0
2024-02-10T12:00:00,6.6,67.18,0
2024-02-10T13:00:00,7.5,65.19,0
2024-02-10T14:00:00,7.3,63.83,0
2024-02-10T15:00:00,5.9,68.13,0
2024-02-10T16:00:00,5.1,69.27,0
2024-02-10T17:00:00,3.5,73.89,0
2024-02-10T18:00:00,2.7,73.76,0
2024-02-10T19:00:00,2.0,74.21,0
2024-02-10T20:00:00,1.0,76.56,0
2024-02-10T21:00:00,0.5,77.03,0
2024-02-10T22:00:00,0.7,76.12,0
2024-02-10T23:00:00,0.0,79.96,0
2024-02-11T00:00:00,0.0,80.17,0
2024-02-11T01:00:00,-0.5,82.01,0
2024-02-11T02:00:00,-1.1,82.71,0
2024-02-11T03:00:00,-1.3,83.76,0
2024-02-11T04:00:00,-1.3,83.81,0
2024-02-11T05:00:00,-1.4,84.07,0
2024-02-11T06:00:00,-2.8,86.29,0
2024-02-11T07:00:00,-2.9,85.93,0
2024-02-11T08:00:00,-2.5,86.17,0
2024-02-11T09:00:00,-1.2,83.54,0
2024-02-11T10:00:00,1.4,71.99,0
2024-02-11T11:00:00,2.1,64.2,0
2024-02-11T12:00:00,3.1,61.1,0
2024-02-11T13:00:00,4.6,57.55,0
2024-02-11T14:00:00,5.9,54.28,0
2024-02-11T15:00:00,6.9,52.73,0
2024-02-11T16:00:00,6.6,53.87,0
2024-02-11T17:00:00,6.4,54.47,0
2024-02-11T18:00:00,4.1,61.42,0
2024-02-11T19:00:00,2.6,68.32,0
2024-02-11T20:00:00,0.9,76.48,0
2024-02-11T21:00:00,-1.1,82.44,0
2024-02-11T22:00:00,-0.1,76.92,0
2024-02-11T23:00:00,-0.7,80.28,0
2024-02-12T00:00:00,-1.7,83.21,0
2024-02-12T01:00:00,-1.3,84.18,0
2024-02-12T02:00:00,-1.3,84.15,0
2024-02-12T03:00:00,-1.8,83.39,0
2024-02-12T04:00:00,-3.2,85.15,0
2024-02-12T05:00:00,-3.9,89.24,0
2024-02-12T06:00:00,-3.5,85.76,0
2024-02-12T07:00:00,-4.8,89.47,0
2024-02-12T08:00:00,-4.9,89.46,0
2024-02-12T09:00:00,-1.7,83.66,0
2024-02-12T10:00:00,-0.6,80.59,0
2024-02-12T11:00:00,1.5,70.55,0
2024-02-12T12:00:00,2.2,67.5,0
2024-02-12T13:00:00,4.1,59.02,0
2024-02-12T14:00:00,5.4,53.14,0
2024-02-12T15:00:00,5.5,52.72,0
2024-02-12T16:00:00,6.5,45.66,0
2024-02-12T17:00:00,6.4,45.85,0
2024-02-12T18:00:00,3.8,52.19,0
2024-02-12T19:00:00,1.8,56.65,0
2024-02-12T20:00:00,1.0,58.96,0
2024-02-12T21:00:00,0.8,61.59,0
2024-02-12T22:00:00,-0.2,71.73,0
2024-02-12T23:00:00,-0.5,67.71,0
2024-02-13T00:00:00,-0.3,67.75,0
2024-02-13T01:00:00,-1.0,74.19,0
2024-02-13T02:00:00,-1.9,79.37,0
2024-02-13T03:00:00,-3.1,84.09,0
2024-02-13T04:00:00,-1.7,78.21,0
2024-02-13T05:00:00,-2.8,79.02,0
2024-02-13T06:00:00,-2.4,78.1,0
2024-02-13T07:00:00,-2.8,81.06,0
2024-02-13T08:00:00,-2.8,81.78,0
2024-02-13T09:00:00,-0.6,81.04,0
2024-02-13T10:00:00,0.5,87.59,0
2024-02-13T11:00:00,2.8,78.3,0
2024-02-13T12:00:00,5.3,60.51,0
2024-02-13T13:00:00,4.8,60.2,0
2024-02-13T14:00:00,5.4,59.43,0
2024-02-13T15:00:00,6.2,54.93,0
2024-02-13T16:00:00,4.8,54.07,0
2024-02-13T17:00:00,4.7,54.48,0
2024-02-13T18:00:00,3.1,58.94,0
2024-02-13T19:00:00,1.5,60.81,0
2024-02-13T20:00:00,0.5,61.63,0
2024-02-13T21:00:00,0.4,64.06,0
2024-02-13T22:00:00,0.3,69.1,0
2024-02-13T23:00:00,-1.0,74.74,0
2024-02-14T00:00:00,-1.5,76.89,0
2024-02-14T01:00:00,-2.5,77.0,0
2024-02-14T02:00:00,-3.4,84.68,0
2024-02-14T03:00:00,-3.4,82.26,0
2024-02-14T04:00:00,-4.4,88.63,0
2024-02-14T05:00:00,-4.1,86.58,0
2024-02-14T06:00:00,-3.7,86.74,0
2024-02-14T07:00:00,-4.6,89.76,0
2024-02-14T08:00:00,-4.7,88.6,0
2024-02-14T09:00:00,-1.4,86.6,0
2024-02-14T10:00:00,0.9,69.35,0
2024-02-14T11:00:00,2.5,51.3,0
2024-02-14T12:00:00,3.2,47.38,0
2024-02-14T13:00:00,4.1,44.52,0
2024-02-14T14:00:00,4.6,44.23,0
2024-02-14T15:00:00,5.4,42.05,0
2024-02-14T16:00:00,5.5,41.24,0
2024-02-14T17:00:00,5.5,41.01,0
2024-02-14T18:00:00,3.6,47.36,0
2024-02-14T19:00:00,1.5,53.57,0
2024-02-14T20:00:00,0.8,58.12,0
2024-02-14T21:00:00,0.4,59.82,0
2024-02-14T22:00:00,0.0,61.39,0
2024-02-14T23:00:00,-1.0,65.97,0
2024-02-15T00:00:00,0.0,63.35,0
2024-02-15T01:00:00,0.0,63.31,0
2024-02-15T02:00:00,0.0,63.46,0
2024-02-15T03:00:00,0.0,64.3,0
2024-02-15T04:00:00,0.0,66.31,0
2024-02-15T05:00:00,0.0,66.35,0
2024-02-15T06:00:00,0.9,64.5,0
2024-02-15T07:00:00,1.4,67.87,0
2024-02-15T08:00:00,2.6,70.49,0
2024-02-15T09:00:00,3.7,68.54,0
2024-02-15T10:00:00,5.2,80.86,1
2024-02-15T11:00:00,5.9,86.86,1
2024-02-15T12:00:00,6.8,80.45,0
2024-02-15T13:00:00,6.1,70.24,0
2024-02-15T14:00:00,4.1,75.42,0
2024-02-15T15:00:00,3.7,73.8,0
2024-02-15T16:00:00,3.2,69.02,0
2024-02-15T17:00:00,4.1,60.89,0
2024-02-15T18:00:00,3.1,53.42,0
2024-02-15T19:00:00,1.8,57.17,0
2024-02-15T20:00:00,-0.1,69.49,0
2024-02-15T21:00:00,-1.9,73.95,0
2024-02-15T22:00:00,0.3,61.84,0
2024-02-15T23:00:00,0.0,60.68,0
2024-02-16T00:00:00,-1.5,69.86,0
2024-02-16T01:00:00,-1.7,68.63,0
2024-02-16T02:00:00,-2.6,73.38,0
2024-02-16T03:00:00,-2.2,66.27,0
2024-02-16T04:00:00,-1.9,64.79,0
2024-02-16T05:00:00,-3.5,72.94,0
2024-02-16T06:00:00,-4.0,76.01,0
2024-02-16T07:00:00,-3.5,81.35,0
2024-02-16T08:00:00,-2.4,73.61,0
2024-02-16T09:00:00,-1.7,74.05,0
2024-02-16T10:00:00,-0.7,65.16,0
2024-02-16T11:00:00,-1.6,73.4,0
2024-02-16T12:00:00,-2.1,87.11,1
2024-02-16T13:00:00,-1.7,84.25,1
2024-02-16T14:00:00,-2.1,86.75,1
2024-02-16T15:00:00,-2.1,86.75,1
2024-02-16T16:00:00,-2.2,86.75,1
2024-02-16T17:00:00,-2.7,90.04,1
2024-02-16T18:00:00,-2.7,86.56,1
2024-02-16T19:00:00,-2.7,86.56,1
2024-02-16T20:00:00,-3.1,89.14,1
2024-02-16T21:00:00,-3.2,83.99,0
2024-02-16T22:00:00,-3.4,81.31,0
2024-02-16T23:00:00,-4.3,69.38,0
2024-02-17T00:00:00,-7.4,79.76,0
2024-02-17T01:00:00,-6.4,83.94,0
2024-02-17T02:00:00,-5.1,82.88,0
2024-02-17T03:00:00,-5.6,86.72,0
2024-02-17T04:00:00,-5.0,86.09,0
2024-02-17T05:00:00,-5.0,78.12,0
2024-02-17T06:00:00,-6.1,70.62,0
2024-02-17T07:00:00,-7.0,69.68,0
2024-02-17T08:00:00,-8.1,69.79,0
2024-02-17T09:00:00,-7.0,67.81,0
2024-02-17T10:00:00,-7.0,70.62,0
2024-02-17T11:00:00,-6.2,66.37,0
2024-02-17T12:00:00,-6.1,63.81,0
2024-02-17T13:00:00,-6.0,60.79,0
2024-02-17T14:00:00,-6.2,62.54,0
2024-02-17T15:00:00,-6.4,61.38,0
2024-02-17T16:00:00,-6.8,62.55,0
2024-02-17T17:00:00,-6.9,56.58,0
2024-02-17T18:00:00,-8.1,63.89,0
2024-02-17T19:00:00,-9.2,64.44,0
2024-02-17T20:00:00,-9.9,64.89,0
2024-02-17T21:00:00,-9.9,65.14,0
2024-02-17T22:00:00,-10.1,68.4,0
2024-02-17T23:00:00,-10.5,68.72,0
2024-02-18T00:00:00,-10.0,68.73,0
2024-02-18T01:00:00,-9.3,67.92,0
2024-02-18T02:00:00,-8.7,67.11,0
2024-02-18T03:00:00,-8.7,68.06,0
2024-02-18T04:00:00,-7.8,66.1,0
2024-02-18T05:00:00,-7.3,65.66,0
2024-02-18T06:00:00,-7.8,68.74,0
2024-02-18T07:00:00,-7.3,69.31,0
2024-02-18T08:00:00,-8.1,70.57,0
2024-02-18T09:00:00,-6.5,68.08,0
2024-02-18T10:00:00,-4.1,64.75,0
2024-02-18T11:00:00,-3.0,64.98,0
2024-02-18T12:00:00,-1.8,62.13,0
2024-02-18T13:00:00,-1.0,64.47,0
2024-02-18T14:00:00,-0.5,63.78,0
2024-02-18T15:00:00,0.2,63.4,0
2024-02-18T16:00:00,0.7,63.0,0
2024-02-18T17:00:00,0.7,63.46,0
2024-02-18T18:00:00,0.0,67.29,0
2024-02-18T19:00:00,-1.5,72.3,0
2024-02-18T20:00:00,-1.6,72.83,0
2024-02-18T21:00:00,-3.3,77.15,0
2024-02-18T22:00:00,-4.0,80.64,0
2024-02-18T23:00:00,-4.6,81.64,0
2024-02-19T00:00:00,-5.5,83.57,0
2024-02-19T01:00:00,-5.8,85.11,0
2024-02-19T02:00:00,-6.7,87.41,0
2024-02-19T03:00:00,-7.2,87.36,0
2024-02-19T04:00:00,-7.6,86.6,0
2024-02-19T05:00:00,-8.0,85.79,0
2024-02-19T06:00:00,-8.2,85.66,0
2024-02-19T07:00:00,-8.6,85.3,0
2024-02-19T08:00:00,-8.7,88.1,0
2024-02-19T09:00:00,-4.8,86.24,0
2024-02-19T10:00:00,-2.4,84.45,0
2024-02-19T11:00:00,0.0,73.79,0
2024-02-19T12:00:00,1.7,70.24,0
2024-02-19T13:00:00,3.4,64.69,0
2024-02-19T14:00:00,4.6,61.1,0
2024-02-19T15:00:00,5.7,56.43,0
2024-02-19T16:00:00,5.7,56.74,0
2024-02-19T17:00:00,6.1,53.53,0
2024-02-19T18:00:00,4.0,63.59,0
2024-02-19T19:00:00,1.5,70.03,0
2024-02-19T20:00:00,0.7,73.97,0
2024-02-19T21:00:00,-0.1,76.66,0
2024-02-19T22:00:00,-1.5,82.01,0
2024-02-19T23:00:00,-2.3,82.31,0
2024-02-20T00:00:00,-2.4,78.87,0
2024-02-20T01:00:00,-2.9,85.48,0
2024-02-20T02:00:00,-3.8,85.25,0
2024-02-20T03:00:00,-4.0,85.49,0
2024-02-20T04:00:00,-4.0,85.44,0
2024-02-20T05:00:00,-3.9,82.95,0
2024-02-20T06:00:00,-4.4,83.68,0
2024-02-20T07:00:00,-5.1,84.01,0
2024-02-20T08:00:00,-4.1,83.46,0
2024-02-20T09:00:00,-1.0,82.42,0
2024-02-20T10:00:00,1.7,75.75,0
2024-02-20T11:00:00,4.9,62.17,0
2024-02-20T12:00:00,7.6,53.26,0
2024-02-20T13:00:00,9.8,47.37,0
2024-02-20T14:00:00,11.1,43.05,0
2024-02-20T15:00:00,12.0,39.41,0
2024-02-20T16:00:00,12.1,37.04,0
2024-02-20T17:00:00,11.6,35.62,0
2024-02-20T18:00:00,8.9,45.27,0
2024-02-20T19:00:00,6.0,55.21,0
2024-02-20T20:00:00,3.1,62.98,0
2024-02-20T21:00:00,3.0,65.38,0
2024-02-20T22:00:00,2.4,68.28,0
2024-02-20T23:00:00,1.5,70.7,0
2024-02-21T00:00:00,2.0,70.29,0
2024-02-21T01:00:00,2.0,68.14,0
2024-02-21T02:00:00,1.2,72.47,0
2024-02-21T03:00:00,0.7,72.37,0
2024-02-21T04:00:00,1.4,68.52,0
2024-02-21T05:00:00,1.5,71.24,0
2024-02-21T06:00:00,2.6,68.01,0
2024-02-21T07:00:00,2.7,70.12,0
2024-02-21T08:00:00,3.1,68.45,0
2024-02-21T09:00:00,5.2,61.36,0
2024-02-21T10:00:00,8.9,49.64,0
2024-02-21T11:00:00,10.2,51.22,0
2024-02-21T12:00:00,13.7,45.75,0
2024-02-21T13:00:00,15.5,43.36,0
2024-02-21T14:00:00,16.1,41.76,0
2024-02-21T15:00:00,16.6,39.43,0
2024-02-21T16:00:00,15.6,41.9,0
2024-02-21T17:00:00,15.0,43.71,0
2024-02-21T18:00:00,13.4,48.43,0
2024-02-21T19:00:00,12.4,53.3,0
2024-02-21T20:00:00,12.2,53.96,0
2024-02-21T21:00:00,10.9,57.58,0
2024-02-21T22:00:00,9.5,63.46,0
2024-02-21T23:00:00,9.3,64.13,0
2024-02-22T00:00:00,10.3,63.63,0
2024-02-22T01:00:00,9.4,71.02,1
2024-02-22T02:00:00,11.0,65.14,1
2024-02-22T03:00:00,9.3,81.86,1
2024-02-22T04:00:00,8.9,88.22,1
2024-02-22T05:00:00,8.2,91.54,1
2024-02-22T06:00:00,8.1,91.53,0
2024-02-22T07:00:00,7.8,94.03,0
2024-02-22T08:00:00,8.3,91.49,1
2024-02-22T09:00:00,7.7,94.03,1
2024-02-22T10:00:00,7.7,93.79,1
2024-02-22T11:00:00,8.2,94.05,1
2024-02-22T12:00:00,8.3,94.06,1
2024-02-22T13:00:00,8.7,94.77,1
2024-02-22T14:00:00,9.3,92.28,1
2024-02-22T15:00:00,9.4,92.29,0
2024-02-22T16:00:00,9.9,89.22,0
2024-02-22T17:00:00,10.9,88.53,0
2024-02-22T18:00:00,9.9,90.09,0
2024-02-22T19:00:00,8.2,94.05,0
2024-02-22T20:00:00,6.1,93.82,0
2024-02-22T21:00:00,6.4,96.97,0
2024-02-22T22:00:00,5.3,93.07,0
2024-02-22T23:00:00,5.2,90.21,1
2024-02-23T00:00:00,3.6,88.2,0
2024-02-23T01:00:00,3.0,82.32,0
2024-02-23T02:00:00,1.0,87.64,0
2024-02-23T03:00:00,0.9,87.62,0
2024-02-23T04:00:00,0.5,87.59,0
2024-02-23T05:00:00,0.6,87.05,0
2024-02-23T06:00:00,0.6,84.04,0
2024-02-23T07:00:00,0.9,86.56,0
2024-02-23T08:00:00,1.4,86.17,0
2024-02-23T09:00:00,3.6,78.13,0
2024-02-23T10:00:00,5.6,76.04,0
2024-02-23T11:00:00,7.7,67.45,0
2024-02-23T12:00:00,8.8,62.4,0
2024-02-23T13:00:00,10.4,54.35,0
2024-02-23T14:00:00,11.0,54.08,0
2024-02-23T15:00:00,9.9,53.98,0
2024-02-23T16:00:00,9.7,54.32,0
2024-02-23T17:00:00,9.2,52.42,0
2024-02-23T18:00:00,8.0,54.44,0
2024-02-23T19:00:00,6.5,59.13,0
2024-02-23T20:00:00,5.5,61.45,0
2024-02-23T21:00:00,4.7,65.38,0
2024-02-23T22:00:00,4.0,73.33,0
2024-02-23T23:00:00,3.9,79.63,0
2024-02-24T00:00:00,1.4,90.62,1
2024-02-24T01:00:00,0.5,92.81,1
2024-02-24T02:00:00,-0.1,90.41,1
2024-02-24T03:00:00,-1.3,90.33,1
2024-02-24T04:00:00,-1.9,86.23,0
2024-02-24T05:00:00,-3.2,81.63,0
2024-02-24T06:00:00,-4.1,82.35,0
2024-02-24T07:00:00,-5.2,79.44,0
2024-02-24T08:00:00,-5.8,79.02,0
2024-02-24T09:00:00,-5.7,75.09,0
2024-02-24T10:00:00,-5.2,71.99,0
2024-02-24T11:00:00,-4.5,68.29,0
2024-02-24T12:00:00,-4.0,67.83,0
2024-02-24T13:00:00,-2.9,62.55,1
2024-02-24T14:00:00,-2.4,62.05,0
2024-02-24T15:00:00,-1.7,60.22,0
2024-02-24T16:00:00,-1.7,61.35,0
2024-02-24T17:00:00,-1.6,61.39,0
2024-02-24T18:00:00,-1.8,60.34,0
2024-02-24T19:00:00,-2.4,61.83,0
2024-02-24T20:00:00,-3.9,74.84,0
2024-02-24T21:00:00,-4.1,79.24,0
2024-02-24T22:00:00,-4.0,78.61,0
2024-02-24T23:00:00,-3.2,77.82,0
2024-02-25T00:00:00,-2.8,80.23,0
2024-02-25T01:00:00,-2.3,75.01,0
2024-02-25T02:00:00,-2.8,77.96,0
2024-02-25T03:00:00,-3.3,80.87,0
2024-02-25T04:00:00,-3.6,80.0,0
2024-02-25T05:00:00,-3.4,81.55,0
2024-02-25T06:00:00,-3.4,81.68,0
2024-02-25T07:00:00,-3.0,81.61,0
2024-02-25T08:00:00,-2.2,80.98,0
2024-02-25T09:00:00,-0.6,78.92,0
2024-02-25T10:00:00,1.7,71.98,0
2024-02-25T11:00:00,3.8,67.73,0
2024-02-25T12:00:00,6.6,62.8,0
2024-02-25T13:00:00,8.2,62.19,0
2024-02-25T14:00:00,9.4,59.93,0
2024-02-25T15:00:00,10.6,59.26,0
2024-02-25T16:00:00,11.6,55.93,0
2024-02-25T17:00:00,12.0,56.65,0
2024-02-25T18:00:00,10.7,60.17,0
2024-02-25T19:00:00,8.0,66.72,0
2024-02-25T20:00:00,6.4,72.39,0
2024-02-25T21:00:00,5.8,72.72,0
2024-02-25T22:00:00,5.9,70.17,0
2024-02-25T23:00:00,4.1,76.33,0
2024-02-26T00:00:00,5.1,73.22,0
2024-02-26T01:00:00,5.2,70.06,0
2024-02-26T02:00:00,2.9,78.48,0
2024-02-26T03:00:00,1.8,82.0,0
2024-02-26T04:00:00,1.4,84.29,0
2024-02-26T05:00:00,1.4,82.45,0
2024-02-26T06:00:00,0.4,84.04,0
2024-02-26T07:00:00,0.8,84.59,0
2024-02-26T08:00:00,0.8,87.19,0
2024-02-26T09:00:00,3.6,83.72,0
2024-02-26T10:00:00,7.6,68.82,0
2024-02-26T11:00:00,11.0,61.31,0
2024-02-26T12:00:00,13.2,57.08,0
2024-02-26T13:00:00,16.3,51.77,0
2024-02-26T14:00:00,17.9,47.48,0
2024-02-26T15:00:00,18.9,41.81,0
2024-02-26T16:00:00,19.1,39.22,0
2024-02-26T17:00:00,18.3,40.58,0
2024-02-26T18:00:00,15.3,50.65,0
2024-02-26T19:00:00,13.4,55.95,0
2024-02-26T20:00:00,12.9,55.66,0
2024-02-26T21:00:00,11.8,62.64,0
2024-02-26T22:00:00,11.6,63.52,0
2024-02-26T23:00:00,11.6,63.68,0
2024-02-27T00:00:00,11.6,63.7,0
2024-02-27T01:00:00,12.0,64.66,0
2024-02-27T02:00:00,13.5,66.9,0
2024-02-27T03:00:00,14.2,69.77,0
2024-02-27T04:00:00,14.5,72.76,0
2024-02-27T05:00:00,15.0,72.13,0
2024-02-27T06:00:00,14.1,76.56,0
2024-02-27T07:00:00,14.1,77.51,0
2024-02-27T08:00:00,13.2,81.72,0
2024-02-27T09:00:00,15.0,73.04,0
2024-02-27T10:00:00,16.7,67.91,0
2024-02-27T11:00:00,18.7,64.13,0
2024-02-27T12:00:00,19.3,65.46,0
2024-02-27T13:00:00,20.0,65.33,0
2024-02-27T14:00:00,19.1,69.05,0
2024-02-27T15:00:00,19.2,68.56,0
2024-02-27T16:00:00,18.4,72.25,0
2024-02-27T17:00:00,17.9,74.58,0
2024-02-27T18:00:00,17.1,78.29,0
2024-02-27T19:00:00,16.7,80.27,0
2024-02-27T20:00:00,16.6,81.09,0
2024-02-27T21:00:00,16.6,81.18,0
2024-02-27T22:00:00,16.1,83.64,1
2024-02-27T23:00:00,15.6,84.33,0
2024-02-28T00:00:00,16.6,80.89,0
2024-02-28T01:00:00,16.6,81.01,0
2024-02-28T02:00:00,16.6,81.07,0
2024-02-28T03:00:00,16.3,83.17,0
2024-02-28T04:00:00,13.9,77.62,1
2024-02-28T05:00:00,8.9,80.6,1
2024-02-28T06:00:00,6.2,82.56,0
2024-02-28T07:00:00,5.5,84.92,0
2024-02-28T08:00:00,4.3,85.65,0
2024-02-28T09:00:00,3.1,89.1,0
2024-02-28T10:00:00,1.6,79.95,0
2024-02-28T11:00:00,0.9,80.34,0
2024-02-28T12:00:00,-0.1,76.36,0
2024-02-28T13:00:00,-2.1,74.25,0
2024-02-28T14:00:00,-2.9,69.28,0
2024-02-28T15:00:00,-2.5,63.69,0
2024-02-28T16:00:00,-3.2,62.94,0
2024-02-28T17:00:00,-2.3,58.14,0
2024-02-28T18:00:00,-2.3,58.49,0
2024-02-28T19:00:00,-2.3,56.33,0
2024-02-28T20:00:00,-3.1,62.52,0
2024-02-28T21:00:00,-4.4,70.65,0
2024-02-28T22:00:00,-2.7,62.19,0
2024-02-28T23:00:00,-2.9,61.06,0
2024-02-29T00:00:00,-3.3,56.39,0
2024-02-29T01:00:00,-3.3,52.5,0
2024-02-29T02:00:00,-3.8,46.86,0
2024-02-29T03:00:00,-4.3,50.38,0
2024-02-29T04:00:00,-4.5,51.13,0
2024-02-29T05:00:00,-5.0,51.29,0
2024-02-29T06:00:00,-5.7,58.05,0
2024-02-29T07:00:00,-5.8,58.99,0
2024-02-29T08:00:00,-5.1,60.52,0
2024-02-29T09:00:00,-3.3,52.75,0
2024-02-29T10:00:00,-2.1,48.53,0
2024-02-29T11:00:00,-0.7,49.34,0
2024-02-29T12:00:00,0.5,48.9,0
2024-02-29T13:00:00,1.6,49.18,0
2024-02-29T14:00:00,2.7,45.84,0
2024-02-29T15:00:00,3.3,44.24,0
2024-02-29T16:00:00,4.1,44.94,0
2024-02-29T17:00:00,4.2,44.92,0
2024-02-29T18:00:00,3.6,46.67,0
2024-02-29T19:00:00,1.1,56.29,0
2024-02-29T20:00:00,-0.1,63.49,0
2024-02-29T21:00:00,-0.7,66.11,0
2024-02-29T22:00:00,-1.1,68.39,0
2024-02-29T23:00:00,-1.1,68.34,0
2024-03-01T00:00:00,-0.7,66.7,0
2024-03-01T01:00:00,-1.6,69.01,0
2024-03-01T02:00:00,-1.6,66.26,0
2024-03-01T03:00:00,-2.1,69.29,0
2024-03-01T04:00:00,-3.1,79.29,0
2024-03-01T05:00:00,-2.9,76.11,0
2024-03-01T06:00:00,-3.2,71.43,0
2024-03-01T07:00:00,-2.9,70.34,0
2024-03-01T08:00:00,-2.1,69.56,0
2024-03-01T09:00:00,0.6,63.01,0
2024-03-01T10:00:00,2.1,56.48,0
2024-03-01T11:00:00,3.3,52.5,0
2024-03-01T12:00:00,5.4,47.14,0
2024-03-01T13:00:00,5.9,47.38,0
2024-03-01T14:00:00,6.6,45.87,0
2024-03-01T15:00:00,7.5,46.22,0
2024-03-01T16:00:00,7.6,44.44,0
2024-03-01T17:00:00,7.1,51.38,0
2024-03-01T18:00:00,6.1,55.61,0
2024-03-01T19:00:00,5.5,59.73,0
2024-03-01T20:00:00,5.0,64.39,0
2024-03-01T21:00:00,5.0,66.89,0
2024-03-01T22:00:00,4.3,76.63,0
2024-03-01T23:00:00,3.7,83.39,0
2024-03-02T00:00:00,3.7,90.1,0
2024-03-02T01:00:00,3.7,90.15,0
2024-03-02T02:00:00,3.7,93.44,0
2024-03-02T03:00:00,3.7,96.1,0
2024-03-02T04:00:00,3.7,97.25,0
2024-03-02T05:00:00,3.7,97.16,0
2024-03-02T06:00:00,3.7,97.25,0
2024-03-02T07:00:00,3.7,97.25,0
2024-03-02T08:00:00,4.1,94.58,0
2024-03-02T09:00:00,4.2,94.03,0
2024-03-02T10:00:00,5.0,89.18,0
2024-03-02T11:00:00,7.1,79.33,0
2024-03-02T12:00:00,8.2,69.21,0
2024-03-02T13:00:00,9.5,63.6,0
2024-03-02T14:00:00,11.5,60.32,0
2024-03-02T15:00:00,12.2,58.35,0
2024-03-02T16:00:00,12.7,58.74,0
2024-03-02T17:00:00,12.2,60.72,0
2024-03-02T18:00:00,11.6,63.1,0
2024-03-02T19:00:00,9.1,73.88,0
2024-03-02T20:00:00,7.2,81.82,0
2024-03-02T21:00:00,5.2,88.88,0
2024-03-02T22:00:00,4.6,90.37,0
2024-03-02T23:00:00,3.9,90.71,0
2024-03-03T00:00:00,4.2,93.98,0
2024-03-03T01:00:00,6.4,88.35,0
2024-03-03T02:00:00,5.5,89.48,0
2024-03-03T03:00:00,5.5,90.0,0
2024-03-03T04:00:00,3.7,93.28,0
2024-03-03T05:00:00,3.7,94.0,0
2024-03-03T06:00:00,3.7,94.56,0
2024-03-03T07:00:00,3.3,93.82,0
2024-03-03T08:00:00,4.4,94.03,0
2024-03-03T09:00:00,5.1,95.98,0
2024-03-03T10:00:00,7.5,96.58,0
2024-03-03T11:00:00,12.3,73.3,0
2024-03-03T12:00:00,14.6,63.95,0
2024-03-03T13:00:00,16.9,54.97,0
2024-03-03T14:00:00,17.7,50.52,0
2024-03-03T15:00:00,18.7,50.74,0
2024-03-03T16:00:00,18.3,50.71,0
2024-03-03T17:00:00,18.3,50.14,0
2024-03-03T18:00:00,17.1,52.19,0
2024-03-03T19:00:00,14.2,62.1,0
2024-03-03T20:00:00,13.7,64.8,0
2024-03-03T21:00:00,12.2,71.53,0
2024-03-03T22:00:00,11.7,74.06,0
2024-03-03T23:00:00,11.1,79.52,0
2024-03-04T00:00:00,11.0,80.95,0
2024-03-04T01:00:00,10.7,82.73,0
2024-03-04T02:00:00,9.6,86.43,0
2024-03-04T03:00:00,9.3,90.64,0
2024-03-04T04:00:00,10.7,88.01,0
2024-03-04T05:00:00,11.1,91.29,0
2024-03-04T06:00:00,10.6,92.83,0
2024-03-04T07:00:00,11.0,94.05,0
2024-03-04T08:00:00,11.2,97.41,0
2024-03-04T09:00:00,14.2,91.55,0
2024-03-04T10:00:00,15.6,86.52,0
2024-03-04T11:00:00,17.2,81.3,0
2024-03-04T12:00:00,18.2,76.0,0
2024-03-04T13:00:00,18.7,75.59,0
2024-03-04T14:00:00,19.9,70.74,0
2024-03-04T15:00:00,21.1,67.28,0
2024-03-04T16:00:00,21.0,65.41,0
2024-03-04T17:00:00,21.5,62.14,0
2024-03-04T18:00:00,21.4,59.8,0
2024-03-04T19:00:00,18.2,68.73,0
2024-03-04T20:00:00,16.7,72.86,0
2024-03-04T21:00:00,16.1,73.18,0
2024-03-04T22:00:00,15.6,75.56,0
2024-03-04T23:00:00,14.9,76.24,0
2024-03-05T00:00:00,14.1,76.98,0
2024-03-05T01:00:00,14.1,79.8,0
2024-03-05T02:00:00,14.2,79.24,0
2024-03-05T03:00:00,14.7,77.34,0
2024-03-05T04:00:00,14.4,78.69,0
2024-03-05T05:00:00,15.0,77.86,0
2024-03-05T06:00:00,15.5,80.58,0
2024-03-05T07:00:00,15.5,80.73,0
2024-03-05T08:00:00,15.6,83.82,0
2024-03-05T09:00:00,15.3,88.41,1
2024-03-05T10:00:00,15.5,87.94,0
2024-03-05T11:00:00,16.4,88.21,1
2024-03-05T12:00:00,17.9,79.42,0
2024-03-05T13:00:00,18.1,78.6,0
2024-03-05T14:00:00,17.7,79.82,0
2024-03-05T15:00:00,17.7,79.25,1
2024-03-05T16:00:00,18.1,75.82,0
2024-03-05T17:00:00,18.0,74.32,0
2024-03-05T18:00:00,16.8,77.5,0
2024-03-05T19:00:00,14.6,88.61,0
2024-03-05T20:00:00,13.8,88.54,0
2024-03-05T21:00:00,13.2,88.49,0
2024-03-05T22:00:00,12.7,89.8,0
2024-03-05T23:00:00,11.6,87.94,0
2024-03-06T00:00:00,9.7,90.59,0
2024-03-06T01:00:00,9.0,92.27,0
2024-03-06T02:00:00,8.9,93.45,0
2024-03-06T03:00:00,8.4,96.66,0
2024-03-06T04:00:00,8.4,92.55,0
2024-03-06T05:00:00,8.4,92.55,0
2024-03-06T06:00:00,8.4,92.55,0
2024-03-06T07:00:00,7.9,92.52,0
2024-03-06T08:00:00,7.0,93.6,0
2024-03-06T09:00:00,6.9,91.29,0
2024-03-06T10:00:00,7.0,90.76,0
2024-03-06T11:00:00,7.0,90.76,0
2024-03-06T12:00:00,7.5,87.69,0
2024-03-06T13:00:00,7.5,87.69,0
2024-03-06T14:00:00,7.5,87.69,0
2024-03-06T15:00:00,7.7,86.69,0
2024-03-06T16:00:00,7.5,84.55,0
2024-03-06T17:00:00,7.5,83.07,0
2024-03-06T18:00:00,6.6,87.84,0
2024-03-06T19:00:00,6.6,84.79,0
2024-03-06T20:00:00,6.5,80.2,0
2024-03-06T21:00:00,6.4,81.13,0
2024-03-06T22:00:00,5.9,81.18,0
2024-03-06T23:00:00,6.1,81.53,0
2024-03-07T00:00:00,6.3,80.53,0
2024-03-07T01:00:00,5.9,81.15,0
2024-03-07T02:00:00,5.8,81.21,0
2024-03-07T03:00:00,5.2,85.88,0
2024-03-07T04:00:00,4.7,85.66,0
2024-03-07T05:00:00,4.1,78.33,0
2024-03-07T06:00:00,3.7,80.37,0
2024-03-07T07:00:00,3.7,81.28,0
2024-03-07T08:00:00,3.7,81.4,0
2024-03-07T09:00:00,4.9,80.64,0
2024-03-07T10:00:00,6.0,80.64,0
2024-03-07T11:00:00,6.6,79.84,0
2024-03-07T12:00:00,7.0,77.79,0
2024-03-07T13:00:00,7.0,77.58,0
2024-03-07T14:00:00,7.7,75.46,0
2024-03-07T15:00:00,7.7,75.85,0
2024-03-07T16:00:00,8.5,72.92,0
2024-03-07T17:00:00,8.1,77.43,0
2024-03-07T18:00:00,8.1,74.87,0
2024-03-07T19:00:00,7.4,78.11,0
2024-03-07T20:00:00,7.2,78.6,0
2024-03-07T21:00:00,7.2,78.16,0
2024-03-07T22:00:00,7.1,78.09,0
2024-03-07T23:00:00,6.9,78.6,0
2024-03-08T00:00:00,6.5,80.97,0
2024-03-08T01:00:00,6.5,84.32,0
2024-03-08T02:00:00,6.6,83.83,0
2024-03-08T03:00:00,6.6,84.45,0
2024-03-08T04:00:00,6.4,85.78,0
2024-03-08T05:00:00,5.9,86.03,0
2024-03-08T06:00:00,5.5,89.48,0
2024-03-08T07:00:00,5.0,92.8,0
2024-03-08T08:00:00,5.9,90.04,0
2024-03-08T09:00:00,6.6,93.26,1
2024-03-08T10:00:00,7.0,94.38,1
2024-03-08T11:00:00,8.0,93.51,1
2024-03-08T12:00:00,9.0,94.78,1
2024-03-08T13:00:00,10.2,93.33,1
2024-03-08T14:00:00,10.7,94.04,1
2024-03-08T15:00:00,11.4,94.57,1
2024-03-08T16:00:00,12.0,94.59,1
2024-03-08T17:00:00,12.5,91.51,1
2024-03-08T18:00:00,12.0,94.59,1
2024-03-08T19:00:00,12.0,94.59,1
2024-03-08T20:00:00,12.0,94.59,1
2024-03-08T21:00:00,12.0,94.59,1
2024-03-08T22:00:00,12.0,94.59,1
2024-03-08T23:00:00,12.0,94.59,1
2024-03-09T00:00:00,12.0,94.59,1
2024-03-09T01:00:00,12.1,97.42,1
2024-03-09T02:00:00,12.1,94.59,1
2024-03-09T03:00:00,11.0,90.92,1
2024-03-09T04:00:00,8.0,94.05,0
2024-03-09T05:00:00,6.5,94.35,0
2024-03-09T06:00:00,5.9,88.09,0
2024-03-09T07:00:00,5.3,88.04,0
2024-03-09T08:00:00,4.1,88.74,0
2024-03-09T09:00:00,4.0,88.73,0
2024-03-09T10:00:00,4.5,85.14,0
2024-03-09T11:00:00,4.6,81.56,0
2024-03-09T12:00:00,4.7,80.62,0
2024-03-09T13:00:00,4.8,80.65,0
2024-03-09T14:00:00,4.6,81.36,0
2024-03-09T15:00:00,4.3,80.09,0
2024-03-09T16:00:00,4.7,75.17,0
2024-03-09T17:00:00,5.4,73.19,0
2024-03-09T18:00:00,5.2,71.62,0
2024-03-09T19:00:00,4.0,70.95,0
2024-03-09T20:00:00,2.9,63.94,0
2024-03-09T21:00:00,2.4,66.38,0
2024-03-09T22:00:00,2.0,69.24,0
2024-03-09T23:00:00,2.0,71.28,0
2024-03-10T00:00:00,1.4,63.44,0
2024-03-10T01:00:00,0.5,71.03,0
2024-03-10T03:00:00,0.0,76.52,0
2024-03-10T04:00:00,0.5,71.87,0
2024-03-10T05:00:00,0.0,79.92,0
2024-03-10T06:00:00,0.0,76.06,0
2024-03-10T07:00:00,0.5,65.65,0
2024-03-10T08:00:00,0.5,65.59,0
2024-03-10T09:00:00,0.5,67.28,0
2024-03-10T10:00:00,0.5,67.35,0
2024-03-10T11:00:00,1.4,68.46,0
2024-03-10T12:00:00,1.9,66.75,0
2024-03-10T13:00:00,2.5,59.86,0
2024-03-10T14:00:00,2.6,59.03,0
2024-03-10T15:00:00,3.1,60.49,0
2024-03-10T16:00:00,3.1,58.3,0
2024-03-10T17:00:00,3.9,57.39,0
2024-03-10T18:00:00,3.2,56.31,0
2024-03-10T19:00:00,3.1,57.86,0
2024-03-10T20:00:00,1.9,60.92,0
2024-03-10T21:00:00,0.9,61.88,0
2024-03-10T22:00:00,0.9,61.8,0
2024-03-10T23:00:00,-0.6,68.03,0
2024-03-11T00:00:00,-1.2,69.44,0
2024-03-11T01:00:00,-1.3,69.28,0
2024-03-11T02:00:00,-1.6,69.03,0
2024-03-11T03:00:00,-1.8,69.7,0
2024-03-11T04:00:00,-2.0,73.04,0
2024-03-11T05:00:00,-1.8,69.83,0
2024-03-11T06:00:00,-1.7,71.49,0
2024-03-11T07:00:00,-3.4,76.29,0
2024-03-11T08:00:00,-2.9,74.03,0
2024-03-11T09:00:00,-1.0,74.29,0
2024-03-11T10:00:00,2.1,64.74,0
2024-03-11T11:00:00,4.9,55.5,0
2024-03-11T12:00:00,7.2,47.78,0
2024-03-11T13:00:00,8.8,45.9,0
2024-03-11T14:00:00,11.0,42.28,0
2024-03-11T15:00:00,12.7,43.01,0
2024-03-11T16:00:00,13.3,41.63,0
2024-03-11T17:00:00,13.7,40.48,0
2024-03-11T18:00:00,14.3,38.98,0
2024-03-11T19:00:00,13.3,41.62,0
2024-03-11T20:00:00,11.3,47.44,0
2024-03-11T21:00:00,10.2,51.07,0
2024-03-11T22:00:00,10.2,51.08,0
2024-03-11T23:00:00,9.5,53.61,0
2024-03-12T00:00:00,9.4,54.68,0
2024-03-12T01:00:00,8.7,57.25,0
2024-03-12T02:00:00,8.3,58.85,0
2024-03-12T03:00:00,7.9,60.57,0
2024-03-12T04:00:00,7.3,62.83,0
2024-03-12T05:00:00,7.1,63.66,0
2024-03-12T06:00:00,6.7,67.41,0
2024-03-12T07:00:00,5.7,72.29,0
2024-03-12T08:00:00,5.2,75.0,0
2024-03-12T09:00:00,7.1,68.53,0
2024-03-12T10:00:00,9.8,59.07,0
2024-03-12T11:00:00,12.1,52.95,0
2024-03-12T12:00:00,14.4,47.32,0
2024-03-12T13:00:00,16.7,42.11,0
2024-03-12T14:00:00,18.3,41.06,0
2024-03-12T15:00:00,19.2,37.83,0
2024-03-12T16:00:00,19.8,34.54,0
2024-03-12T17:00:00,19.8,32.58,0
2024-03-12T18:00:00,19.3,32.28,0
2024-03-12T19:00:00,17.8,38.03,0
2024-03-12T20:00:00,14.2,47.81,0
2024-03-12T21:00:00,11.4,57.54,0
2024-03-12T22:00:00,11.5,55.33,0
2024-03-12T23:00:00,11.0,56.65,0
2024-03-13T00:00:00,10.6,55.93,0
2024-03-13T01:00:00,10.0,58.38,0
2024-03-13T02:00:00,9.1,62.93,0
2024-03-13T03:00:00,8.1,65.16,0
2024-03-13T04:00:00,8.4,65.55,0
2024-03-13T05:00:00,7.9,65.94,0
2024-03-13T06:00:00,8.5,65.66,0
2024-03-13T07:00:00,8.6,67.41,0
2024-03-13T08:00:00,6.2,74.22,0
2024-03-13T09:00:00,9.0,69.47,0
2024-03-13T10:00:00,11.3,62.85,0
2024-03-13T11:00:00,13.7,57.72,0
2024-03-13T12:00:00,16.9,50.68,0
2024-03-13T13:00:00,18.0,47.48,0
2024-03-13T14:00:00,19.5,44.14,0
2024-03-13T15:00:00,20.8,40.04,0
2024-03-13T16:00:00,22.5,37.24,0
2024-03-13T17:00:00,22.6,34.61,0
2024-03-13T18:00:00,22.7,32.09,0
2024-03-13T19:00:00,21.0,37.95,0
2024-03-13T20:00:00,16.7,48.44,0
2024-03-13T21:00:00,14.9,53.49,0
2024-03-13T22:00:00,13.2,62.35,0
2024-03-13T23:00:00,14.1,57.03,0
2024-03-14T00:00:00,13.2,60.47,0
2024-03-14T01:00:00,13.1,60.84,0
2024-03-14T02:00:00,13.1,58.65,0
2024-03-14T03:00:00,13.1,59.09,1
2024-03-14T04:00:00,11.8,79.89,1
2024-03-14T05:00:00,12.7,83.08,1
2024-03-14T06:00:00,12.0,94.59,1
2024-03-14T07:00:00,11.5,94.57,1
2024-03-14T08:00:00,11.6,94.57,1
2024-03-14T09:00:00,11.6,94.36,1
2024-03-14T10:00:00,12.5,91.19,1
2024-03-14T11:00:00,13.0,91.84,1
2024-03-14T12:00:00,13.5,86.4,1
2024-03-14T13:00:00,12.1,97.23,1
2024-03-14T14:00:00,12.7,94.25,1
2024-03-14T15:00:00,14.7,89.6,0
2024-03-14T16:00:00,18.6,82.2,0
2024-03-14T17:00:00,19.2,76.64,0
2024-03-14T18:00:00,19.4,73.07,1
2024-03-14T19:00:00,18.9,75.11,0
2024-03-14T20:00:00,17.0,77.82,0
2024-03-14T21:00:00,15.7,86.06,0
2024-03-14T22:00:00,16.0,78.06,0
2024-03-14T23:00:00,13.6,82.12,0
2024-03-15T00:00:00,11.7,84.47,0
2024-03-15T01:00:00,10.5,85.18,0
2024-03-15T02:00:00,10.0,87.44,0
2024-03-15T03:00:00,7.7,87.71,0
2024-03-15T04:00:00,7.7,87.2,0
2024-03-15T05:00:00,7.7,85.68,0
2024-03-15T06:00:00,7.9,78.75,0
2024-03-15T07:00:00,7.5,78.11,0
2024-03-15T08:00:00,6.1,84.69,0
2024-03-15T09:00:00,7.0,82.82,0
2024-03-15T10:00:00,8.1,77.12,0
2024-03-15T11:00:00,9.1,72.03,0
2024-03-15T12:00:00,11.3,64.47,0
2024-03-15T13:00:00,12.0,59.17,0
2024-03-15T14:00:00,13.1,54.67,0
2024-03-15T15:00:00,14.1,49.41,0
2024-03-15T16:00:00,14.6,46.6,0
2024-03-15T17:00:00,14.1,46.26,0
2024-03-15T18:00:00,13.6,48.03,0
2024-03-15T19:00:00,12.1,52.44,0
2024-03-15T20:00:00,9.7,59.12,0
2024-03-15T21:00:00,8.0,66.47,0
2024-03-15T22:00:00,6.9,70.91,0
2024-03-15T23:00:00,5.7,76.3,0
2024-03-16T00:00:00,4.5,79.57,0
2024-03-16T01:00:00,2.6,89.2,0
2024-03-16T02:00:00,2.5,88.63,0
2024-03-16T03:00:00,2.0,88.23,0
2024-03-16T04:00:00,1.5,88.43,0
2024-03-16T05:00:00,1.6,88.34,0
2024-03-16T06:00:00,1.6,85.36,0
2024-03-16T07:00:00,2.2,78.76,0
2024-03-16T08:00:00,2.4,77.82,0
2024-03-16T09:00:00,4.4,78.37,0
2024-03-16T10:00:00,7.6,70.62,0
2024-03-16T11:00:00,9.8,65.21,0
2024-03-16T12:00:00,12.1,57.7,0
2024-03-16T13:00:00,13.3,51.76,0
2024-03-16T14:00:00,14.8,45.59,0
2024-03-16T15:00:00,15.5,45.07,0
2024-03-16T16:00:00,15.5,43.82,0
2024-03-16T17:00:00,14.9,47.29,0
2024-03-16T18:00:00,14.2,51.56,0
2024-03-16T19:00:00,13.9,53.73,1
2024-03-16T20:00:00,11.5,67.91,1
2024-03-16T21:00:00,10.7,51.33,1
2024-03-16T22:00:00,8.6,54.79,0
2024-03-16T23:00:00,7.5,55.96,0
2024-03-17T00:00:00,6.8,57.66,0
2024-03-17T01:00:00,5.5,64.06,0
2024-03-17T02:00:00,4.2,69.01,0
2024-03-17T03:00:00,3.7,70.7,0
2024-03-17T04:00:00,3.6,69.1,0
2024-03-17T05:00:00,3.1,71.48,0
2024-03-17T06:00:00,2.7,73.7,0
2024-03-17T07:00:00,2.0,74.81,0
2024-03-17T08:00:00,1.8,73.38,0
2024-03-17T09:00:00,2.7,71.35,0
2024-03-17T10:00:00,3.8,63.21,0
2024-03-17T11:00:00,4.3,63.62,0
2024-03-17T12:00:00,3.8,62.65,0
2024-03-17T13:00:00,3.9,57.89,0
2024-03-17T14:00:00,4.2,55.32,0
2024-03-17T15:00:00,4.2,63.67,0
2024-03-17T16:00:00,4.0,62.99,0
2024-03-17T17:00:00,3.3,67.72,0
2024-03-17T18:00:00,2.8,69.48,0
2024-03-17T19:00:00,2.5,59.2,0
2024-03-17T20:00:00,1.4,52.61,0
2024-03-17T21:00:00,1.0,54.84,0
2024-03-17T22:00:00,0.9,55.65,0
2024-03-17T23:00:00,-0.1,62.27,0
2024-03-18T00:00:00,-0.2,64.7,0
2024-03-18T01:00:00,-0.7,68.45,0
2024-03-18T02:00:00,-0.7,66.55,0
2024-03-18T03:00:00,-0.7,64.84,0
2024-03-18T04:00:00,-1.1,65.07,0
2024-03-18T05:00:00,-1.1,64.45,0
2024-03-18T06:00:00,-1.1,60.25,0
2024-03-18T07:00:00,-1.1,65.12,0
2024-03-18T08:00:00,-1.3,63.72,0
2024-03-18T09:00:00,-1.3,68.2,0
2024-03-18T10:00:00,-1.9,75.24,0
2024-03-18T11:00:00,-1.4,75.2,1
2024-03-18T12:00:00,0.5,66.96,0
2024-03-18T13:00:00,0.9,58.95,0
2024-03-18T14:00:00,1.6,60.61,0
2024-03-18T15:00:00,1.6,66.01,0
2024-03-18T16:00:00,1.5,69.02,0
2024-03-18T17:00:00,1.1,68.45,0
2024-03-18T18:00:00,1.1,68.16,0
2024-03-18T19:00:00,0.5,67.75,0
2024-03-18T20:00:00,0.5,62.76,0
2024-03-18T21:00:00,-0.1,62.61,0
2024-03-18T22:00:00,-0.1,57.91,0
2024-03-18T23:00:00,-0.7,66.04,0
2024-03-19T00:00:00,-1.7,70.98,0
2024-03-19T01:00:00,-2.1,72.79,0
2024-03-19T02:00:00,-1.7,67.4,0
2024-03-19T03:00:00,-2.1,69.48,0
2024-03-19T04:00:00,-1.7,69.56,0
2024-03-19T05:00:00,-1.1,64.57,0
2024-03-19T06:00:00,-1.1,61.27,0
2024-03-19T07:00:00,-1.6,63.2,0
2024-03-19T08:00:00,-2.1,65.88,0
2024-03-19T09:00:00,-1.2,61.65,0
2024-03-19T10:00:00,0.0,56.4,0
2024-03-19T11:00:00,1.6,52.33,0
2024-03-19T12:00:00,3.2,48.13,0
2024-03-19T13:00:00,4.9,46.17,0
2024-03-19T14:00:00,6.6,42.92,0
2024-03-19T15:00:00,8.3,41.9,0
2024-03-19T16:00:00,9.5,40.62,0
2024-03-19T17:00:00,10.6,39.28,0
2024-03-19T18:00:00,11.6,39.5,0
2024-03-19T19:00:00,11.5,41.34,0
2024-03-19T20:00:00,9.8,47.92,0
2024-03-19T21:00:00,6.7,57.08,0
2024-03-19T22:00:00,5.6,59.39,0
2024-03-19T23:00:00,5.0,60.39,0
2024-03-20T00:00:00,4.7,65.98,0
2024-03-20T01:00:00,3.0,71.72,0
2024-03-20T02:00:00,4.7,61.26,0
2024-03-20T03:00:00,1.6,77.16,0
2024-03-20T04:00:00,1.1,79.28,0
2024-03-20T05:00:00,2.3,75.12,0
2024-03-20T06:00:00,2.4,74.16,0
2024-03-20T07:00:00,3.2,67.5,0
2024-03-20T08:00:00,2.9,66.29,0
2024-03-20T09:00:00,3.4,64.46,0
2024-03-20T10:00:00,3.5,65.57,0
2024-03-20T11:00:00,3.6,58.98,0
2024-03-20T12:00:00,4.0,55.22,0
2024-03-20T13:00:00,4.2,46.41,0
2024-03-20T14:00:00,4.7,43.93,0
2024-03-20T15:00:00,4.5,41.28,0
2024-03-20T16:00:00,4.4,40.5,0
2024-03-20T17:00:00,2.2,49.96,0
2024-03-20T18:00:00,1.9,42.67,0
2024-03-20T19:00:00,1.0,45.67,0
2024-03-20T20:00:00,-0.7,47.06,0
2024-03-20T21:00:00,-1.7,51.0,0
2024-03-20T22:00:00,-2.7,54.98,0
2024-03-20T23:00:00,-3.8,58.99,0
2024-03-21T00:00:00,-4.0,60.12,0
2024-03-21T01:00:00,-3.7,65.7,0
2024-03-21T02:00:00,-4.6,73.9,0
2024-03-21T03:00:00,-4.2,68.71,0
2024-03-21T04:00:00,-4.1,63.07,0
2024-03-21T05:00:00,-4.7,67.74,0
2024-03-21T06:00:00,-5.8,70.43,0
2024-03-21T07:00:00,-5.7,64.82,0
2024-03-21T08:00:00,-5.9,68.23,0
2024-03-21T09:00:00,-4.0,60.48,0
2024-03-21T10:00:00,-3.2,52.62,0
2024-03-21T11:00:00,-2.1,47.21,0
2024-03-21T12:00:00,-1.5,45.04,0
2024-03-21T13:00:00,-1.0,44.79,0
2024-03-21T14:00:00,0.5,43.29,0
2024-03-21T15:00:00,0.7,41.43,0
2024-03-21T16:00:00,2.9,40.27,0
2024-03-21T17:00:00,2.9,36.35,0
2024-03-21T18:00:00,2.9,34.93,0
2024-03-21T19:00:00,2.1,37.19,0
2024-03-21T20:00:00,0.6,44.67,0
2024-03-21T21:00:00,-0.9,52.77,0
2024-03-21T22:00:00,-1.4,52.61,0
2024-03-21T23:00:00,-1.4,53.01,0
2024-03-22T00:00:00,-1.0,55.5,0
2024-03-22T01:00:00,-1.8,58.35,0
2024-03-22T02:00:00,-1.9,57.99,0
2024-03-22T03:00:00,-1.6,56.27,0
2024-03-22T04:00:00,-1.5,57.65,0
2024-03-22T05:00:00,-1.1,58.36,0
2024-03-22T06:00:00,-0.6,56.49,0
2024-03-22T07:00:00,-0.5,54.59,0
2024-03-22T08:00:00,0.0,54.11,0
2024-03-22T09:00:00,0.0,53.97,0
2024-03-22T10:00:00,1.5,48.87,0
2024-03-22T11:00:00,2.2,48.5,0
2024-03-22T12:00:00,3.5,44.69,0
2024-03-22T13:00:00,5.6,41.62,0
2024-03-22T14:00:00,8.1,37.57,0
2024-03-22T15:00:00,8.2,37.27,0
2024-03-22T16:00:00,8.3,38.94,0
2024-03-22T17:00:00,8.7,40.11,0
2024-03-22T18:00:00,7.8,45.45,0
2024-03-22T19:00:00,6.6,50.81,0
2024-03-22T20:00:00,5.7,54.12,0
2024-03-22T21:00:00,4.0,57.63,0
2024-03-22T22:00:00,3.1,58.69,0
2024-03-22T23:00:00,1.9,69.47,0
2024-03-23T00:00:00,0.0,86.68,1
2024-03-23T01:00:00,0.5,80.22,0
2024-03-23T02:00:00,0.0,79.97,0
2024-03-23T03:00:00,-0.2,83.73,0
2024-03-23T04:00:00,-0.7,80.27,0
2024-03-23T05:00:00,-1.5,82.85,0
2024-03-23T06:00:00,-1.7,83.6,0
2024-03-23T07:00:00,-2.1,86.62,0
2024-03-23T08:00:00,-2.6,86.3,0
2024-03-23T09:00:00,-1.1,80.39,0
2024-03-23T10:00:00,0.5,73.45,0
2024-03-23T11:00:00,1.8,66.34,0
2024-03-23T12:00:00,2.1,63.7,0
2024-03-23T13:00:00,3.5,50.89,0
2024-03-23T14:00:00,4.6,46.89,0
2024-03-23T15:00:00,4.1,46.54,0
2024-03-23T16:00:00,5.7,38.57,0
2024-03-23T17:00:00,5.2,38.27,0
2024-03-23T18:00:00,4.6,38.75,0
2024-03-23T19:00:00,4.0,39.0,0
2024-03-23T20:00:00,1.6,45.59,0
2024-03-23T21:00:00,0.0,55.78,0
2024-03-23T22:00:00,-0.2,52.83,0
2024-03-23T23:00:00,-1.3,57.08,0
2024-03-24T00:00:00,-2.2,61.86,0
2024-03-24T01:00:00,-2.1,61.17,0
2024-03-24T02:00:00,-3.2,65.87,0
2024-03-24T03:00:00,-3.6,64.88,0
2024-03-24T04:00:00,-2.8,66.26,0
2024-03-24T05:00:00,-2.8,71.59,0
2024-03-24T06:00:00,-1.7,68.71,0
2024-03-24T07:00:00,-1.3,67.69,0
2024-03-24T08:00:00,-1.2,68.92,0
2024-03-24T09:00:00,-0.2,61.65,0
2024-03-24T10:00:00,0.9,49.53,0
2024-03-24T11:00:00,2.1,41.15,0
2024-03-24T12:00:00,3.6,41.59,0
2024-03-24T13:00:00,4.8,40.06,0
2024-03-24T14:00:00,5.9,38.62,0
2024-03-24T15:00:00,6.0,39.0,0
2024-03-24T16:00:00,7.1,35.96,0
2024-03-24T17:00:00,7.9,33.66,0
2024-03-24T18:00:00,8.0,36.26,0
2024-03-24T19:00:00,7.5,37.43,0
2024-03-24T20:00:00,6.5,40.63,0
2024-03-24T21:00:00,5.1,47.23,0
2024-03-24T22:00:00,3.4,57.46,0
2024-03-24T23:00:00,1.7,65.17,0
2024-03-25T00:00:00,1.0,70.93,0
2024-03-25T01:00:00,0.5,73.65,0
2024-03-25T02:00:00,1.0,70.64,0
2024-03-25T03:00:00,0.6,70.41,0
2024-03-25T04:00:00,1.0,68.32,0
2024-03-25T05:00:00,0.8,69.25,0
2024-03-25T06:00:00,1.1,68.2,0
2024-03-25T07:00:00,3.1,58.26,0
2024-03-25T08:00:00,5.3,53.92,0
2024-03-25T09:00:00,7.5,46.92,0
2024-03-25T10:00:00,9.1,43.66,0
2024-03-25T11:00:00,11.5,40.18,0
2024-03-25T12:00:00,14.5,36.53,0
2024-03-25T13:00:00,15.7,37.86,0
2024-03-25T14:00:00,17.5,38.01,0
2024-03-25T15:00:00,18.6,39.75,0
2024-03-25T16:00:00,19.2,37.59,0
2024-03-25T17:00:00,19.3,37.15,0
2024-03-25T18:00:00,18.7,35.97,0
2024-03-25T19:00:00,17.7,37.01,0
2024-03-25T20:00:00,16.7,41.24,0
2024-03-25T21:00:00,15.7,41.21,0
2024-03-25T22:00:00,15.2,43.11,0
2024-03-25T23:00:00,15.5,39.03,0
2024-03-26T00:00:00,15.6,38.62,0
2024-03-26T01:00:00,15.0,35.08,0
2024-03-26T02:00:00,13.5,42.63,0
2024-03-26T03:00:00,11.7,54.94,1
2024-03-26T04:00:00,9.2,81.22,1
2024-03-26T05:00:00,8.5,88.09,1
2024-03-26T06:00:00,10.2,85.09,0
2024-03-26T07:00:00,10.5,80.88,0
2024-03-26T08:00:00,11.0,80.55,0
2024-03-26T09:00:00,11.4,81.37,0
2024-03-26T10:00:00,12.5,78.28,0
2024-03-26T11:00:00,13.1,78.3,0
2024-03-26T12:00:00,13.6,78.85,0
2024-03-26T13:00:00,15.0,74.71,0
2024-03-26T14:00:00,16.1,72.0,0
2024-03-26T15:00:00,18.0,63.97,1
2024-03-26T16:00:00,14.6,71.24,1
2024-03-26T17:00:00,10.5,77.86,1
2024-03-26T18:00:00,9.3,71.77,0
2024-03-26T19:00:00,9.1,68.61,0
2024-03-26T20:00:00,8.6,68.26,0
2024-03-26T21:00:00,6.1,72.73,0
2024-03-26T22:00:00,5.6,73.3,1
2024-03-26T23:00:00,5.0,73.91,0
2024-03-27T00:00:00,5.0,76.13,0
2024-03-27T01:00:00,4.9,76.71,0
2024-03-27T02:00:00,4.2,80.4,0
2024-03-27T03:00:00,3.7,80.93,0
2024-03-27T04:00:00,3.1,77.04,0
2024-03-27T05:00:00,2.7,73.37,0
2024-03-27T06:00:00,2.1,76.51,0
2024-03-27T07:00:00,1.6,76.51,0
2024-03-27T08:00:00,1.5,79.23,0
2024-03-27T09:00:00,0.9,76.46,0
2024-03-27T10:00:00,0.9,73.69,0
2024-03-27T11:00:00,1.0,73.58,0
2024-03-27T12:00:00,1.5,71.34,0
2024-03-27T13:00:00,1.6,73.35,0
2024-03-27T14:00:00,2.1,70.35,0
2024-03-27T15:00:00,3.1,65.41,0
2024-03-27T16:00:00,3.3,67.02,0
2024-03-27T17:00:00,4.1,60.52,0
2024-03-27T18:00:00,4.3,59.69,0
2024-03-27T19:00:00,4.1,58.64,0
2024-03-27T20:00:00,3.2,62.67,0
2024-03-27T21:00:00,1.7,69.85,0
2024-03-27T22:00:00,0.2,75.21,0
2024-03-27T23:00:00,-0.5,78.7,0
2024-03-28T00:00:00,-0.6,79.56,0
2024-03-28T01:00:00,-0.6,81.96,0
2024-03-28T02:00:00,-1.4,81.5,0
2024-03-28T03:00:00,-1.9,81.26,0
2024-03-28T04:00:00,-2.3,83.35,0
2024-03-28T05:00:00,-2.9,86.54,0
2024-03-28T06:00:00,-2.8,86.55,0
2024-03-28T07:00:00,-2.5,85.48,0
2024-03-28T08:00:00,-2.0,82.36,0
2024-03-28T09:00:00,0.0,81.49,0
2024-03-28T10:00:00,2.8,69.21,0
2024-03-28T11:00:00,4.9,50.91,0
2024-03-28T12:00:00,6.4,47.45,0
2024-03-28T13:00:00,7.1,48.13,0
2024-03-28T14:00:00,8.7,49.87,0
2024-03-28T15:00:00,10.3,44.92,0
2024-03-28T16:00:00,10.9,40.29,0
2024-03-28T17:00:00,10.9,40.41,0
2024-03-28T18:00:00,10.4,42.95,0
2024-03-28T19:00:00,10.3,45.08,0
2024-03-28T20:00:00,9.1,52.75,0
2024-03-28T21:00:00,7.9,55.04,0
2024-03-28T22:00:00,6.9,65.48,0
2024-03-28T23:00:00,5.6,73.47,0
2024-03-29T00:00:00,5.1,75.52,0
2024-03-29T01:00:00,3.9,70.12,0
2024-03-29T02:00:00,2.9,72.51,0
2024-03-29T03:00:00,2.3,74.61,0
2024-03-29T04:00:00,2.3,77.4,0
2024-03-29T05:00:00,2.6,75.58,0
2024-03-29T06:00:00,2.2,75.34,0
2024-03-29T07:00:00,1.1,81.4,0
2024-03-29T08:00:00,0.2,84.52,0
2024-03-29T09:00:00,2.9,75.84,0
2024-03-29T10:00:00,5.4,61.18,0
2024-03-29T11:00:00,7.5,40.54,0
2024-03-29T12:00:00,8.1,39.21,0
2024-03-29T13:00:00,10.4,36.11,0
2024-03-29T14:00:00,11.5,33.14,0
2024-03-29T15:00:00,13.1,32.17,0
2024-03-29T16:00:00,13.9,30.33,0
2024-03-29T17:00:00,14.1,32.47,0
2024-03-29T18:00:00,15.2,31.33,0
2024-03-29T19:00:00,14.5,34.43,0
2024-03-29T20:00:00,11.9,44.96,0
2024-03-29T21:00:00,9.1,54.57,0
2024-03-29T22:00:00,8.9,58.51,0
2024-03-29T23:00:00,9.4,59.66,0
2024-03-30T00:00:00,8.5,78.15,1
2024-03-30T01:00:00,8.5,79.9,1
2024-03-30T02:00:00,8.9,80.12,1
2024-03-30T03:00:00,8.6,82.58,0
2024-03-30T04:00:00,8.4,85.48,1
2024-03-30T05:00:00,8.5,83.12,1
2024-03-30T06:00:00,8.5,88.72,1
2024-03-30T07:00:00,8.5,91.56,1
2024-03-30T08:00:00,8.5,91.56,1
2024-03-30T09:00:00,8.7,90.69,1
2024-03-30T10:00:00,10.2,86.0,1
2024-03-30T11:00:00,12.8,77.59,0
2024-03-30T12:00:00,15.3,73.42,0
2024-03-30T13:00:00,18.0,67.68,0
2024-03-30T14:00:00,17.6,67.72,0
2024-03-30T15:00:00,17.7,67.33,0
2024-03-30T16:00:00,18.5,64.14,0
2024-03-30T17:00:00,18.6,61.31,0
2024-03-30T18:00:00,18.5,59.66,0
2024-03-30T19:00:00,17.6,58.32,0
2024-03-30T20:00:00,15.2,64.03,0
2024-03-30T21:00:00,10.9,83.17,0
2024-03-30T22:00:00,9.5,80.82,0
2024-03-30T23:00:00,8.1,81.14,0
2024-03-31T00:00:00,7.6,80.5,0
2024-03-31T01:00:00,6.9,84.69,0
2024-03-31T02:00:00,5.9,86.6,0
2024-03-31T03:00:00,5.9,83.52,0
2024-03-31T04:00:00,5.5,88.42,0
2024-03-31T05:00:00,5.5,85.99,0
2024-03-31T06:00:00,5.5,85.99,0
2024-03-31T07:00:00,5.5,87.98,0
2024-03-31T08:00:00,5.5,89.08,0
2024-03-31T09:00:00,6.0,90.04,0
2024-03-31T10:00:00,6.6,86.82,0
2024-03-31T11:00:00,7.1,87.48,0
2024-03-31T12:00:00,8.1,84.72,0
2024-03-31T13:00:00,8.6,81.42,0
2024-03-31T14:00:00,9.6,76.06,0
2024-03-31T15:00:00,11.5,71.82,0
2024-03-31T16:00:00,12.7,68.21,0
2024-03-31T17:00:00,12.7,68.2,0
2024-03-31T18:00:00,12.2,70.94,0
2024-03-31T19:00:00,12.1,71.87,0
2024-03-31T20:00:00,11.2,76.21,0
2024-03-31T21:00:00,9.7,81.15,0
2024-03-31T22:00:00,8.5,84.86,1
2024-03-31T23:00:00,7.5,90.88,1
2024-04-01T00:00:00,6.4,94.14,1
2024-04-01T01:00:00,6.4,90.66,1
2024-04-01T02:00:00,6.0,93.56,1
2024-04-01T03:00:00,6.0,93.58,1
2024-04-01T04:00:00,5.8,93.59,1
2024-04-01T05:00:00,5.4,92.82,1
2024-04-01T06:00:00,5.5,92.82,1
2024-04-01T07:00:00,5.9,93.81,1
2024-04-01T08:00:00,5.9,90.19,1
2024-04-01T09:00:00,5.9,93.62,0
2024-04-01T10:00:00,6.0,93.61,0
2024-04-01T11:00:00,6.5,90.67,0
2024-04-01T12:00:00,7.0,91.22,0
2024-04-01T13:00:00,7.7,86.69,0
2024-04-01T14:00:00,7.7,86.06,0
2024-04-01T15:00:00,7.7,86.18,0
2024-04-01T16:00:00,8.3,82.75,0
2024-04-01T17:00:00,8.7,81.22,0
2024-04-01T18:00:00,7.7,86.14,0
2024-04-01T19:00:00,7.6,89.61,1
2024-04-01T20:00:00,7.0,89.22,0
2024-04-01T21:00:00,6.6,88.36,1
2024-04-01T22:00:00,6.6,85.8,1
2024-04-01T23:00:00,6.0,89.51,1
2024-04-02T00:00:00,5.9,90.04,1
2024-04-02T01:00:00,5.9,90.22,1
2024-04-02T02:00:00,5.9,90.26,1
2024-04-02T03:00:00,5.9,93.81,1
2024-04-02T04:00:00,5.9,93.58,1
2024-04-02T05:00:00,5.4,93.08,1
2024-04-02T06:00:00,5.5,96.42,1
2024-04-02T07:00:00,5.9,93.56,1
2024-04-02T08:00:00,5.5,96.42,1
2024-04-02T09:00:00,5.9,93.59,0
2024-04-02T10:00:00,5.9,93.81,0
2024-04-02T11:00:00,6.4,94.35,0
2024-04-02T12:00:00,7.0,97.17,0
2024-04-02T13:00:00,8.1,94.05,0
2024-04-02T14:00:00,8.1,94.05,0
2024-04-02T15:00:00,8.5,94.58,0
2024-04-02T16:00:00,8.9,97.24,0
2024-04-02T17:00:00,9.6,96.53,1
2024-04-02T18:00:00,9.7,94.12,1
2024-04-02T19:00:00,11.0,94.05,1
2024-04-02T20:00:00,12.7,86.83,1
2024-04-02T21:00:00,10.4,82.63,0
2024-04-02T22:00:00,8.5,83.61,0
2024-04-02T23:00:00,5.9,85.6,1
2024-04-03T00:00:00,4.8,85.43,0
2024-04-03T01:00:00,4.1,81.93,0
2024-04-03T02:00:00,3.3,86.16,0
2024-04-03T03:00:00,2.7,87.23,0
2024-04-03T04:00:00,2.7,87.23,0
2024-04-03T05:00:00,2.7,83.75,0
2024-04-03T06:00:00,2.7,83.44,0
2024-04-03T07:00:00,2.7,87.23,0
2024-04-03T08:00:00,2.5,87.16,1
2024-04-03T09:00:00,3.1,84.12,0
2024-04-03T10:00:00,3.7,80.11,0
2024-04-03T11:00:00,4.1,77.85,0
2024-04-03T12:00:00,4.6,73.66,0
2024-04-03T13:00:00,4.6,80.44,0
2024-04-03T14:00:00,5.8,80.13,1
2024-04-03T15:00:00,6.0,71.26,1
2024-04-03T16:00:00,4.9,79.75,0
2024-04-03T17:00:00,5.3,80.4,1
2024-04-03T18:00:00,3.8,83.14,1
2024-04-03T19:00:00,4.1,84.21,1
2024-04-03T20:00:00,3.1,84.82,1
2024-04-03T21:00:00,2.7,89.75,1
2024-04-03T22:00:00,2.7,89.75,1
2024-04-03T23:00:00,2.0,94.15,1
2024-04-04T00:00:00,2.0,91.51,1
2024-04-04T01:00:00,1.6,94.13,1
2024-04-04T02:00:00,1.6,94.13,1
2024-04-04T03:00:00,1.6,94.13,1
2024-04-04T04:00:00,2.0,91.51,0
2024-04-04T05:00:00,2.0,94.15,1
2024-04-04T06:00:00,2.5,88.28,0
2024-04-04T07:00:00,2.5,87.86,0
2024-04-04T08:00:00,2.7,90.3,0
2024-04-04T09:00:00,3.7,87.64,0
2024-04-04T10:00:00,4.2,87.16,0
2024-04-04T11:00:00,5.9,77.27,0
2024-04-04T12:00:00,6.0,76.75,0
2024-04-04T13:00:00,5.5,77.97,0
2024-04-04T14:00:00,6.1,73.94,0
2024-04-04T15:00:00,7.0,71.56,0
2024-04-04T16:00:00,6.5,74.36,0
2024-04-04T17:00:00,6.0,76.7,0
2024-04-04T18:00:00,5.5,76.8,1
2024-04-04T19:00:00,5.6,73.97,0
2024-04-04T20:00:00,4.9,80.25,0
2024-04-04T21:00:00,4.8,78.1,0
2024-04-04T22:00:00,4.4,83.11,0
2024-04-04T23:00:00,4.3,87.45,0
2024-04-05T00:00:00,4.3,87.65,0
2024-04-05T01:00:00,4.8,84.54,0
2024-04-05T02:00:00,4.7,84.05,0
2024-04-05T03:00:00,4.6,84.64,0
2024-04-05T04:00:00,3.7,86.59,0
2024-04-05T05:00:00,3.7,83.37,0
2024-04-05T06:00:00,3.7,84.38,0
2024-04-05T07:00:00,3.1,89.03,1
2024-04-05T08:00:00,3.1,89.03,1
2024-04-05T09:00:00,4.6,77.79,0
2024-04-05T10:00:00,5.2,74.6,0
2024-04-05T11:00:00,5.3,73.7,0
2024-04-05T12:00:00,5.1,72.51,0
2024-04-05T13:00:00,5.9,67.75,0
2024-04-05T14:00:00,6.7,63.35,0
2024-04-05T15:00:00,7.8,56.86,0
2024-04-05T16:00:00,8.7,49.74,0
2024-04-05T17:00:00,8.7,44.41,0
2024-04-05T18:00:00,9.6,41.41,0
2024-04-05T19:00:00,8.3,44.14,0
2024-04-05T20:00:00,6.2,52.48,0
2024-04-05T21:00:00,6.3,51.41,0
2024-04-05T22:00:00,5.3,63.14,0
2024-04-05T23:00:00,3.7,68.58,0
2024-04-06T00:00:00,3.4,68.01,0
2024-04-06T01:00:00,2.9,70.37,0
2024-04-06T02:00:00,2.5,69.5,0
2024-04-06T03:00:00,1.9,71.73,0
2024-04-06T04:00:00,1.1,76.43,0
2024-04-06T05:00:00,0.9,75.08,0
2024-04-06T06:00:00,0.5,77.19,0
2024-04-06T07:00:00,-1.0,83.68,0
2024-04-06T08:00:00,0.9,77.7,0
2024-04-06T09:00:00,3.5,71.4,0
2024-04-06T10:00:00,7.5,56.01,0
2024-04-06T11:00:00,9.6,46.52,0
2024-04-06T12:00:00,10.8,41.57,0
2024-04-06T13:00:00,11.1,41.99,0
2024-04-06T14:00:00,12.0,41.84,0
2024-04-06T15:00:00,12.6,40.28,0
2024-04-06T16:00:00,12.1,38.97,0
2024-04-06T17:00:00,13.6,39.13,0
2024-04-06T18:00:00,13.6,39.15,0
2024-04-06T19:00:00,13.0,40.45,0
2024-04-06T20:00:00,11.1,46.1,0
2024-04-06T21:00:00,10.1,49.35,0
2024-04-06T22:00:00,8.0,59.17,0
2024-04-06T23:00:00,5.5,72.42,0
2024-04-07T00:00:00,4.8,78.84,0
2024-04-07T01:00:00,4.0,80.79,0
2024-04-07T02:00:00,3.5,81.49,0
2024-04-07T03:00:00,2.7,86.18,0
2024-04-07T04:00:00,1.7,85.79,0
2024-04-07T05:00:00,3.0,77.76,0
2024-04-07T06:00:00,2.1,82.9,0
2024-04-07T07:00:00,1.0,84.59,0
2024-04-07T08:00:00,1.7,82.99,0
2024-04-07T09:00:00,5.5,73.43,0
2024-04-07T10:00:00,8.6,63.74,0
2024-04-07T11:00:00,11.0,53.98,0
2024-04-07T12:00:00,12.1,49.24,0
2024-04-07T13:00:00,13.2,46.88,0
2024-04-07T14:00:00,13.2,41.08,0
2024-04-07T15:00:00,13.1,40.97,0
2024-04-07T16:00:00,15.1,37.16,0
2024-04-07T17:00:00,14.1,39.52,0
2024-04-07T18:00:00,14.2,37.85,0
2024-04-07T19:00:00,13.6,39.63,0
2024-04-07T20:00:00,10.8,64.34,1
2024-04-07T21:00:00,9.9,73.25,1
2024-04-07T22:00:00,10.2,67.77,1
2024-04-07T23:00:00,10.2,65.88,0
2024-04-08T00:00:00,9.7,68.76,0
2024-04-08T01:00:00,9.7,69.2,0
2024-04-08T02:00:00,9.1,71.68,0
2024-04-08T03:00:00,8.6,72.11,0
2024-04-08T04:00:00,7.0,77.74,0
2024-04-08T05:00:00,5.6,79.88,0
2024-04-08T06:00:00,6.1,80.28,0
2024-04-08T07:00:00,5.5,83.61,0
2024-04-08T08:00:00,5.4,84.6,0
2024-04-08T09:00:00,9.9,68.3,0
2024-04-08T10:00:00,13.6,69.09,0
2024-04-08T11:00:00,16.0,63.57,0
2024-04-08T12:00:00,18.8,52.77,0
2024-04-08T13:00:00,20.7,43.84,0
2024-04-08T14:00:00,22.1,35.17,0
2024-04-08T15:00:00,21.0,35.42,0
2024-04-08T16:00:00,21.2,38.23,0
2024-04-08T17:00:00,22.2,31.83,0
2024-04-08T18:00:00,22.7,30.83,0
2024-04-08T19:00:00,21.7,34.11,0
2024-04-08T20:00:00,19.0,40.7,0
2024-04-08T21:00:00,15.6,47.83,0
2024-04-08T22:00:00,12.9,62.34,0
2024-04-08T23:00:00,13.2,57.46,0
2024-04-09T00:00:00,12.6,57.38,0
2024-04-09T01:00:00,10.8,64.64,0
2024-04-09T02:00:00,9.8,70.95,0
2024-04-09T03:00:00,11.1,62.93,0
2024-04-09T04:00:00,9.6,74.29,0
2024-04-09T05:00:00,9.0,83.95,0
2024-04-09T06:00:00,9.5,89.04,0
2024-04-09T07:00:00,9.6,92.52,0
2024-04-09T08:00:00,11.9,91.1,0
2024-04-09T09:00:00,14.3,87.61,0
2024-04-09T10:00:00,16.7,81.97,0
2024-04-09T11:00:00,18.2,67.17,0
2024-04-09T12:00:00,19.2,62.37,0
2024-04-09T13:00:00,20.5,53.8,0
2024-04-09T14:00:00,21.6,47.13,0
2024-04-09T15:00:00,21.7,44.11,0
2024-04-09T16:00:00,22.0,39.06,0
2024-04-09T17:00:00,22.1,40.62,0
2024-04-09T18:00:00,21.6,41.02,0
2024-04-09T19:00:00,20.6,40.97,0
2024-04-09T20:00:00,19.1,42.46,0
2024-04-09T21:00:00,17.4,48.99,0
2024-04-09T22:00:00,16.3,53.99,0
2024-04-09T23:00:00,15.8,51.73,0
2024-04-10T00:00:00,14.6,53.75,0
2024-04-10T01:00:00,13.1,54.47,0
2024-04-10T02:00:00,12.0,61.94,0
2024-04-10T03:00:00,11.4,71.17,0
2024-04-10T04:00:00,10.9,71.29,0
2024-04-10T05:00:00,10.8,70.07,0
2024-04-10T06:00:00,9.6,78.38,0
2024-04-10T07:00:00,8.5,80.35,0
2024-04-10T08:00:00,8.5,78.55,0
2024-04-10T09:00:00,12.0,61.89,0
2024-04-10T10:00:00,13.7,53.77,0
2024-04-10T11:00:00,15.5,46.55,0
2024-04-10T12:00:00,16.5,44.46,0
2024-04-10T13:00:00,17.6,45.53,0
2024-04-10T14:00:00,18.2,43.25,0
2024-04-10T15:00:00,18.0,43.83,0
2024-04-10T16:00:00,18.2,46.62,0
2024-04-10T17:00:00,17.9,48.83,0
2024-04-10T18:00:00,16.7,58.27,0
2024-04-10T19:00:00,14.5,77.15,1
2024-04-10T20:00:00,13.3,86.25,1
2024-04-10T21:00:00,12.6,86.19,1
2024-04-10T22:00:00,11.5,83.36,1
2024-04-10T23:00:00,10.5,88.85,1
2024-04-11T00:00:00,10.4,93.07,1
2024-04-11T01:00:00,10.2,93.33,1
2024-04-11T02:00:00,9.8,96.67,1
2024-04-11T03:00:00,9.7,94.12,1
2024-04-11T04:00:00,9.6,93.9,1
2024-04-11T05:00:00,9.6,94.12,1
2024-04-11T06:00:00,9.6,93.89,1
2024-04-11T07:00:00,9.6,94.12,1
2024-04-11T08:00:00,9.6,94.12,1
2024-04-11T09:00:00,9.8,94.13,1
2024-04-11T10:00:00,10.5,93.34,1
2024-04-11T11:00:00,10.9,94.05,1
2024-04-11T12:00:00,11.9,94.39,1
2024-04-11T13:00:00,12.5,91.51,0
2024-04-11T14:00:00,12.9,91.55,0
2024-04-11T15:00:00,12.7,94.02,0
2024-04-11T16:00:00,12.5,91.5,0
2024-04-11T17:00:00,11.6,94.57,1
2024-04-11T18:00:00,11.5,91.31,1
2024-04-11T19:00:00,10.5,90.89,1
2024-04-11T20:00:00,9.7,91.63,1
2024-04-11T21:00:00,9.1,89.15,1
2024-04-11T22:00:00,9.0,89.15,1
2024-04-11T23:00:00,8.9,86.76,1
2024-04-12T00:00:00,8.5,86.25,0
2024-04-12T01:00:00,8.5,83.44,1
2024-04-12T02:00:00,8.5,83.02,0
2024-04-12T03:00:00,8.1,85.35,0
2024-04-12T04:00:00,8.1,81.21,0
2024-04-12T05:00:00,8.1,82.32,0
2024-04-12T06:00:00,8.1,85.38,0
2024-04-12T07:00:00,8.1,85.38,0
2024-04-12T08:00:00,8.1,87.74,0
2024-04-12T09:00:00,8.7,88.1,0
2024-04-12T10:00:00,9.1,88.13,0
2024-04-12T11:00:00,10.4,80.88,0
2024-04-12T12:00:00,10.9,78.49,0
2024-04-12T13:00:00,12.0,72.36,0
2024-04-12T14:00:00,12.6,67.22,0
2024-04-12T15:00:00,12.4,67.43,0
2024-04-12T16:00:00,12.6,63.0,0
2024-04-12T17:00:00,13.7,52.92,0
2024-04-12T18:00:00,14.5,49.09,0
2024-04-12T19:00:00,13.6,52.36,0
2024-04-12T20:00:00,12.0,55.09,0
2024-04-12T21:00:00,10.9,59.6,0
2024-04-12T22:00:00,9.7,66.99,0
2024-04-12T23:00:00,8.7,71.82,0
2024-04-13T00:00:00,8.6,71.8,0
2024-04-13T01:00:00,8.1,73.88,0
2024-04-13T02:00:00,7.0,79.62,0
2024-04-13T03:00:00,7.7,73.19,0
2024-04-13T04:00:00,7.4,71.56,0
2024-04-13T05:00:00,6.0,75.54,0
2024-04-13T06:00:00,5.3,76.04,0
2024-04-13T07:00:00,4.3,78.92,0
2024-04-13T08:00:00,5.5,75.97,0
2024-04-13T09:00:00,8.2,65.41,0
2024-04-13T10:00:00,10.5,53.9,0
2024-04-13T11:00:00,12.1,52.7,0
2024-04-13T12:00:00,13.3,50.03,0
2024-04-13T13:00:00,14.7,45.65,0
2024-04-13T14:00:00,15.9,45.18,0
2024-04-13T15:00:00,16.6,41.8,0
2024-04-13T16:00:00,17.0,41.54,0
2024-04-13T17:00:00,17.6,41.43,0
2024-04-13T18:00:00,17.7,39.5,0
2024-04-13T19:00:00,17.2,40.11,0
2024-04-13T20:00:00,15.6,45.33,0
2024-04-13T21:00:00,12.0,62.92,0
2024-04-13T22:00:00,11.3,63.71,0
2024-04-13T23:00:00,10.7,69.19,0
2024-04-14T00:00:00,10.7,70.12,0
2024-04-14T01:00:00,10.9,66.99,0
2024-04-14T02:00:00,11.7,60.74,0
2024-04-14T03:00:00,12.4,57.34,0
2024-04-14T04:00:00,13.1,57.46,0
2024-04-14T05:00:00,13.7,58.17,0
2024-04-14T06:00:00,14.1,60.68,0
2024-04-14T07:00:00,13.5,63.88,0
2024-04-14T08:00:00,14.4,64.68,0
2024-04-14T09:00:00,16.6,59.82,0
2024-04-14T10:00:00,19.9,52.14,0
2024-04-14T11:00:00,21.7,49.06,0
2024-04-14T12:00:00,22.9,46.21,0
2024-04-14T13:00:00,23.8,46.31,0
2024-04-14T14:00:00,24.8,43.58,0
2024-04-14T15:00:00,25.4,44.64,0
2024-04-14T16:00:00,25.9,43.85,0
2024-04-14T17:00:00,25.9,43.88,0
2024-04-14T18:00:00,25.9,43.85,0
2024-04-14T19:00:00,25.2,45.43,0
2024-04-14T20:00:00,22.7,47.89,0
2024-04-14T21:00:00,21.0,46.49,0
2024-04-14T22:00:00,19.0,43.89,0
2024-04-14T23:00:00,17.1,53.52,0
2024-04-15T00:00:00,14.6,67.37,0
2024-04-15T01:00:00,14.3,66.26,0
2024-04-15T02:00:00,13.8,67.66,0
2024-04-15T03:00:00,13.1,69.77,0
2024-04-15T04:00:00,13.2,68.13,0
2024-04-15T05:00:00,12.5,74.73,0
2024-04-15T06:00:00,11.7,75.41,0
2024-04-15T07:00:00,11.4,72.1,0
2024-04-15T08:00:00,10.6,77.82,0
2024-04-15T09:00:00,12.7,66.62,0
2024-04-15T10:00:00,14.4,59.27,0
2024-04-15T11:00:00,16.7,47.12,0
2024-04-15T12:00:00,18.3,43.73,0
2024-04-15T13:00:00,19.4,39.94,0
2024-04-15T14:00:00,20.5,38.23,0
2024-04-15T15:00:00,21.1,37.08,0
2024-04-15T16:00:00,22.5,35.19,0
2024-04-15T17:00:00,23.1,31.84,0
2024-04-15T18:00:00,23.1,32.49,0
2024-04-15T19:00:00,22.6,33.57,0
2024-04-15T20:00:00,20.4,40.4,0
2024-04-15T21:00:00,18.9,37.53,0
2024-04-15T22:00:00,17.3,43.12,0
2024-04-15T23:00:00,14.0,62.27,0
2024-04-16T00:00:00,14.7,51.67,0
2024-04-16T01:00:00,13.1,48.55,0
2024-04-16T02:00:00,11.4,53.3,0
2024-04-16T03:00:00,11.5,50.83,0
2024-04-16T04:00:00,11.4,51.47,0
2024-04-16T05:00:00,9.3,61.69,0
2024-04-16T06:00:00,9.6,58.93,0
2024-04-16T07:00:00,8.3,65.98,0
2024-04-16T08:00:00,10.4,61.43,0
2024-04-16T09:00:00,11.9,59.54,0
2024-04-16T10:00:00,14.7,55.61,0
2024-04-16T11:00:00,17.0,51.9,0
2024-04-16T12:00:00,19.8,46.78,0
2024-04-16T13:00:00,21.6,42.59,0
2024-04-16T14:00:00,24.0,37.97,0
2024-04-16T15:00:00,25.7,36.76,0
2024-04-16T16:00:00,26.4,37.88,0
2024-04-16T17:00:00,26.4,43.56,0
2024-04-16T18:00:00,25.6,49.2,0
2024-04-16T19:00:00,23.7,51.11,0
2024-04-16T20:00:00,20.7,48.67,0
2024-04-16T21:00:00,18.5,50.41,0
2024-04-16T22:00:00,17.4,52.18,0
2024-04-16T23:00:00,16.4,53.54,0
2024-04-17T00:00:00,14.4,67.63,1
2024-04-17T01:00:00,13.8,71.01,0
2024-04-17T02:00:00,16.3,79.05,1
2024-04-17T03:00:00,16.6,82.37,1
2024-04-17T04:00:00,16.1,87.71,1
2024-04-17T05:00:00,15.8,87.22,1
2024-04-17T06:00:00,17.4,79.49,0
2024-04-17T07:00:00,17.0,87.9,0
2024-04-17T08:00:00,17.7,88.08,0
2024-04-17T09:00:00,18.2,85.73,0
2024-04-17T10:00:00,19.9,81.31,0
2024-04-17T11:00:00,21.4,74.17,0
2024-04-17T12:00:00,22.7,68.38,0
2024-04-17T13:00:00,22.0,64.24,1
2024-04-17T14:00:00,17.6,81.95,1
2024-04-17T15:00:00,19.7,62.77,0
2024-04-17T16:00:00,18.7,59.58,0
2024-04-17T17:00:00,18.6,59.6,0
2024-04-17T18:00:00,17.7,60.49,0
2024-04-17T19:00:00,17.5,63.36,0
2024-04-17T20:00:00,16.6,62.73,0
2024-04-17T21:00:00,15.5,66.39,0
2024-04-17T22:00:00,14.3,65.42,0
2024-04-17T23:00:00,13.7,67.91,0
2024-04-18T00:00:00,13.7,69.76,0
2024-04-18T01:00:00,13.3,71.62,0
2024-04-18T02:00:00,13.1,70.07,0
2024-04-18T03:00:00,13.1,69.53,0
2024-04-18T04:00:00,12.7,67.16,0
2024-04-18T05:00:00,12.0,67.34,0
2024-04-18T06:00:00,11.6,69.34,0
2024-04-18T07:00:00,10.1,74.36,0
2024-04-18T08:00:00,11.0,71.27,0
2024-04-18T09:00:00,12.1,66.27,0
2024-04-18T10:00:00,13.6,58.16,0
2024-04-18T11:00:00,14.7,56.46,0
2024-04-18T12:00:00,15.9,53.8,0
2024-04-18T13:00:00,17.0,53.96,0
2024-04-18T14:00:00,17.5,51.94,0
2024-04-18T15:00:00,18.9,45.87,0
2024-04-18T16:00:00,19.5,46.1,0
2024-04-18T17:00:00,19.1,48.25,0
2024-04-18T18:00:00,19.1,44.89,0
2024-04-18T19:00:00,18.7,50.44,0
2024-04-18T20:00:00,17.7,56.99,0
2024-04-18T21:00:00,16.0,62.92,0
2024-04-18T22:00:00,15.7,65.05,0
2024-04-18T23:00:00,16.6,59.73,0
2024-04-19T00:00:00,16.9,59.55,0
2024-04-19T01:00:00,13.7,83.13,1
2024-04-19T02:00:00,12.0,91.11,1
2024-04-19T03:00:00,11.6,94.37,1
2024-04-19T04:00:00,12.0,94.36,1
2024-04-19T05:00:00,10.9,93.76,0
2024-04-19T06:00:00,9.6,94.12,1
2024-04-19T07:00:00,9.1,89.15,0
2024-04-19T08:00:00,8.9,89.14,0
2024-04-19T09:00:00,8.5,82.94,0
2024-04-19T10:00:00,9.7,63.87,0
2024-04-19T11:00:00,10.0,60.42,0
2024-04-19T12:00:00,10.5,58.6,0
2024-04-19T13:00:00,11.0,53.65,0
2024-04-19T14:00:00,11.6,44.68,0
2024-04-19T15:00:00,11.6,39.47,0
2024-04-19T16:00:00,12.5,39.95,0
2024-04-19T17:00:00,13.1,37.5,0
2024-04-19T18:00:00,13.1,41.66,0
2024-04-19T19:00:00,12.6,42.65,0
2024-04-19T20:00:00,11.6,44.5,0
2024-04-19T21:00:00,10.9,48.55,0
2024-04-19T22:00:00,10.5,52.08,0
2024-04-19T23:00:00,9.5,55.25,0
2024-04-20T00:00:00,9.9,53.91,0
2024-04-20T01:00:00,8.9,57.75,0
2024-04-20T02:00:00,8.4,61.56,0
2024-04-20T03:00:00,8.0,62.47,0
2024-04-20T04:00:00,6.8,56.52,0
2024-04-20T05:00:00,5.2,58.96,0
2024-04-20T06:00:00,4.1,63.69,0
2024-04-20T07:00:00,4.1,60.25,0
2024-04-20T08:00:00,4.1,56.62,0
2024-04-20T09:00:00,4.3,56.53,0
2024-04-20T10:00:00,5.3,52.69,0
2024-04-20T11:00:00,6.4,52.58,0
2024-04-20T12:00:00,7.0,52.18,0
2024-04-20T13:00:00,7.5,51.52,0
2024-04-20T14:00:00,8.0,49.34,0
2024-04-20T15:00:00,8.2,46.02,0
2024-04-20T16:00:00,8.5,45.26,0
2024-04-20T17:00:00,8.1,46.27,0
2024-04-20T18:00:00,8.1,46.05,0
2024-04-20T19:00:00,7.5,46.09,0
2024-04-20T20:00:00,6.9,46.81,0
2024-04-20T21:00:00,5.9,55.22,0
2024-04-20T22:00:00,5.9,57.24,0
2024-04-20T23:00:00,5.9,55.34,0
2024-04-21T00:00:00,5.3,53.95,0
2024-04-21T01:00:00,4.8,58.12,0
2024-04-21T02:00:00,4.6,59.25,0
2024-04-21T03:00:00,4.1,61.46,0
2024-04-21T04:00:00,4.1,61.93,0
2024-04-21T05:00:00,4.1,64.23,0
2024-04-21T06:00:00,3.7,63.36,0
2024-04-21T07:00:00,3.7,61.57,0
2024-04-21T08:00:00,3.7,64.15,0
2024-04-21T09:00:00,4.1,64.66,0
2024-04-21T10:00:00,4.9,62.19,0
2024-04-21T11:00:00,6.0,57.06,0
2024-04-21T12:00:00,7.2,49.65,0
2024-04-21T13:00:00,8.2,49.6,0
2024-04-21T14:00:00,9.3,46.79,0
2024-04-21T15:00:00,10.5,40.11,0
2024-04-21T16:00:00,11.1,41.25,0
2024-04-21T17:00:00,11.6,40.94,0
2024-04-21T18:00:00,11.6,35.43,0
2024-04-21T19:00:00,11.4,33.87,0
2024-04-21T20:00:00,9.7,35.27,0
2024-04-21T21:00:00,8.1,41.51,0
2024-04-21T22:00:00,6.4,50.22,0
2024-04-21T23:00:00,5.9,54.08,0
2024-04-22T00:00:00,4.1,64.77,0
2024-04-22T01:00:00,2.2,76.21,0
2024-04-22T02:00:00,2.7,73.78,0
2024-04-22T03:00:00,2.6,72.56,0
2024-04-22T04:00:00,1.6,77.93,0
2024-04-22T05:00:00,2.1,71.34,0
2024-04-22T06:00:00,2.0,74.22,0
2024-04-22T07:00:00,2.0,71.34,0
2024-04-22T08:00:00,3.6,70.32,0
2024-04-22T09:00:00,7.8,55.06,0
2024-04-22T10:00:00,11.0,46.47,0
2024-04-22T11:00:00,12.8,41.41,0
2024-04-22T12:00:00,14.9,33.55,0
2024-04-22T13:00:00,15.5,31.31,0
2024-04-22T14:00:00,16.0,32.21,0
2024-04-22T15:00:00,16.6,30.42,0
2024-04-22T16:00:00,17.0,30.5,0
2024-04-22T17:00:00,17.0,30.5,0
2024-04-22T18:00:00,17.0,31.64,0
2024-04-22T19:00:00,16.1,32.19,0
2024-04-22T20:00:00,14.4,38.76,0
2024-04-22T21:00:00,12.0,46.75,0
2024-04-22T22:00:00,10.9,51.81,0
2024-04-22T23:00:00,9.7,57.13,0
2024-04-23T00:00:00,9.2,60.54,0
2024-04-23T01:00:00,10.2,56.63,0
2024-04-23T02:00:00,10.2,56.64,0
2024-04-23T03:00:00,10.6,54.24,0
2024-04-23T04:00:00,11.0,52.62,0
2024-04-23T05:00:00,11.1,51.73,0
2024-04-23T06:00:00,10.7,51.45,0
2024-04-23T07:00:00,10.8,52.9,0
2024-04-23T08:00:00,11.5,51.88,0
2024-04-23T09:00:00,11.6,53.15,0
2024-04-23T10:00:00,12.2,53.05,0
2024-04-23T11:00:00,12.3,53.76,1
2024-04-23T12:00:00,10.2,77.18,1
2024-04-23T13:00:00,9.1,88.14,1
2024-04-23T14:00:00,9.1,94.58,1
2024-04-23T15:00:00,9.8,91.64,1
2024-04-23T16:00:00,9.8,91.64,1
2024-04-23T17:00:00,9.8,91.64,1
2024-04-23T18:00:00,9.8,94.13,1
2024-04-23T19:00:00,9.9,96.54,1
2024-04-23T20:00:00,9.8,94.13,1
2024-04-23T21:00:00,9.1,94.79,0
2024-04-23T22:00:00,10.4,90.88,1
2024-04-23T23:00:00,9.8,94.13,0
2024-04-24T00:00:00,10.3,90.88,1
2024-04-24T01:00:00,10.3,90.88,0
2024-04-24T02:00:00,10.7,90.91,0
2024-04-24T03:00:00,9.8,90.6,0
2024-04-24T04:00:00,9.1,91.75,0
2024-04-24T05:00:00,8.5,88.08,0
2024-04-24T06:00:00,6.7,86.83,0
2024-04-24T07:00:00,6.0,85.53,0
2024-04-24T08:00:00,4.6,87.2,0
2024-04-24T09:00:00,4.1,84.15,0
2024-04-24T10:00:00,4.2,82.94,0
2024-04-24T11:00:00,4.9,79.43,0
2024-04-24T12:00:00,6.0,73.32,0
2024-04-24T13:00:00,6.6,70.55,0
2024-04-24T14:00:00,7.0,68.64,0
2024-04-24T15:00:00,7.5,68.12,0
2024-04-24T16:00:00,7.6,67.6,0
2024-04-24T17:00:00,7.7,65.32,0
2024-04-24T18:00:00,7.2,67.59,0
2024-04-24T19:00:00,7.0,68.45,0
2024-04-24T20:00:00,6.6,70.35,0
2024-04-24T21:00:00,6.6,68.25,0
2024-04-24T22:00:00,5.7,74.26,0
2024-04-24T23:00:00,5.6,70.84,0
2024-04-25T00:00:00,5.6,72.3,0
2024-04-25T01:00:00,4.5,72.59,0
2024-04-25T02:00:00,2.9,81.58,0
2024-04-25T03:00:00,1.8,84.77,0
2024-04-25T04:00:00,1.4,84.87,0
2024-04-25T05:00:00,1.4,87.35,0
2024-04-25T06:00:00,0.5,90.17,0
2024-04-25T07:00:00,0.5,89.61,0
2024-04-25T08:00:00,0.9,87.63,0
2024-04-25T09:00:00,3.1,80.36,0
2024-04-25T10:00:00,5.9,69.13,0
2024-04-25T11:00:00,7.0,64.26,0
2024-04-25T12:00:00,8.6,52.62,0
2024-04-25T13:00:00,9.8,48.59,0
2024-04-25T14:00:00,10.6,47.82,0
2024-04-25T15:00:00,11.1,46.5,0
2024-04-25T16:00:00,12.2,44.3,0
2024-04-25T17:00:00,12.2,40.84,0
2024-04-25T18:00:00,12.2,38.95,0
2024-04-25T19:00:00,11.8,39.77,0
2024-04-25T20:00:00,10.6,44.69,0
2024-04-25T21:00:00,7.2,58.09,0
2024-04-25T22:00:00,6.2,62.58,0
2024-04-25T23:00:00,5.7,65.11,0
2024-04-26T00:00:00,5.6,73.25,0
2024-04-26T01:00:00,4.7,75.78,0
2024-04-26T02:00:00,3.1,80.31,0
2024-04-26T03:00:00,2.0,83.31,0
2024-04-26T04:00:00,2.0,80.91,0
2024-04-26T05:00:00,2.2,79.96,0
2024-04-26T06:00:00,2.0,78.55,0
2024-04-26T07:00:00,1.9,79.33,0
2024-04-26T08:00:00,4.3,73.73,0
2024-04-26T09:00:00,6.7,66.94,0
2024-04-26T10:00:00,9.9,57.99,0
2024-04-26T11:00:00,12.1,52.73,0
2024-04-26T12:00:00,13.7,50.55,0
2024-04-26T13:00:00,15.9,43.62,0
2024-04-26T14:00:00,16.6,39.95,0
2024-04-26T15:00:00,17.7,38.28,0
2024-04-26T16:00:00,19.0,36.05,0
2024-04-26T17:00:00,18.6,35.82,0
2024-04-26T18:00:00,16.2,55.71,1
2024-04-26T19:00:00,13.6,78.6,1
2024-04-26T20:00:00,13.1,89.26,1
2024-04-26T21:00:00,13.4,78.46,0
2024-04-26T22:00:00,13.4,78.74,1
2024-04-26T23:00:00,13.4,83.57,0
2024-04-27T00:00:00,14.3,81.73,0
2024-04-27T01:00:00,14.5,84.33,0
2024-04-27T02:00:00,15.7,79.41,0
2024-04-27T03:00:00,15.5,80.62,0
2024-04-27T04:00:00,15.1,89.48,1
2024-04-27T05:00:00,15.0,90.96,1
2024-04-27T06:00:00,15.0,90.46,0
2024-04-27T07:00:00,15.6,86.99,1
2024-04-27T08:00:00,16.5,84.91,1
2024-04-27T09:00:00,18.1,82.41,1
2024-04-27T10:00:00,20.9,73.8,0
2024-04-27T11:00:00,21.6,71.06,0
2024-04-27T12:00:00,21.7,70.52,0
2024-04-27T13:00:00,23.3,66.12,0
2024-04-27T14:00:00,24.8,60.31,0
2024-04-27T15:00:00,25.0,58.23,0
2024-04-27T16:00:00,25.9,56.36,0
2024-04-27T17:00:00,25.0,56.13,0
2024-04-27T18:00:00,23.3,66.22,1
2024-04-27T19:00:00,22.9,63.17,0
2024-04-27T20:00:00,21.3,71.52,0
2024-04-27T21:00:00,20.7,73.21,0
2024-04-27T22:00:00,19.9,71.73,0
2024-04-27T23:00:00,20.0,73.26,1
2024-04-28T00:00:00,18.5,84.74,1
2024-04-28T01:00:00,18.1,88.64,1
2024-04-28T02:00:00,17.2,96.48,1
2024-04-28T03:00:00,17.5,94.46,1
2024-04-28T04:00:00,17.0,94.57,1
2024-04-28T05:00:00,17.0,92.42,0
2024-04-28T06:00:00,17.5,86.56,0
2024-04-28T07:00:00,18.0,84.24,0
2024-04-28T08:00:00,18.0,83.99,1
2024-04-28T09:00:00,17.8,87.8,1
2024-04-28T10:00:00,20.3,77.1,0
2024-04-28T11:00:00,21.5,74.01,0
2024-04-28T12:00:00,23.7,68.28,0
2024-04-28T13:00:00,23.8,62.55,0
2024-04-28T14:00:00,24.9,59.81,0
2024-04-28T15:00:00,25.5,54.57,0
2024-04-28T16:00:00,25.5,55.31,0
2024-04-28T17:00:00,25.6,54.96,0
2024-04-28T18:00:00,26.1,52.05,0
2024-04-28T19:00:00,25.6,51.22,0
2024-04-28T20:00:00,24.4,53.38,0
2024-04-28T21:00:00,22.4,60.59,0
2024-04-28T22:00:00,20.8,69.21,0
2024-04-28T23:00:00,21.3,67.35,0
2024-04-29T00:00:00,21.3,67.38,0
2024-04-29T01:00:00,20.2,72.2,0
2024-04-29T02:00:00,19.4,75.52,0
2024-04-29T03:00:00,18.4,80.64,0
2024-04-29T04:00:00,18.0,80.11,0
2024-04-29T05:00:00,17.9,83.24,0
2024-04-29T06:00:00,17.7,81.48,0
2024-04-29T07:00:00,17.7,81.44,0
2024-04-29T08:00:00,18.8,78.57,0
2024-04-29T09:00:00,20.0,75.48,0
2024-04-29T10:00:00,22.0,67.25,0
2024-04-29T11:00:00,20.8,74.47,0
2024-04-29T12:00:00,20.8,70.12,0
2024-04-29T13:00:00,22.1,64.27,0
2024-04-29T14:00:00,22.7,61.24,0
2024-04-29T15:00:00,21.9,65.02,0
2024-04-29T16:00:00,19.7,82.76,1
2024-04-29T17:00:00,18.7,90.85,1
2024-04-29T18:00:00,18.2,93.7,1
2024-04-29T19:00:00,18.5,89.55,1
2024-04-29T20:00:00,17.2,97.38,1
2024-04-29T21:00:00,17.2,94.58,1
2024-04-29T22:00:00,17.2,94.59,1
2024-04-29T23:00:00,17.2,94.56,0
2024-04-30T00:00:00,17.0,94.57,0
2024-04-30T01:00:00,16.6,97.06,0
2024-04-30T02:00:00,16.6,94.6,0
2024-04-30T03:00:00,16.1,97.18,0
2024-04-30T04:00:00,16.1,91.15,0
2024-04-30T05:00:00,13.9,80.6,0
2024-04-30T06:00:00,12.6,84.18,0
2024-04-30T07:00:00,12.3,82.76,0
2024-04-30T08:00:00,12.0,90.36,1
2024-04-30T09:00:00,15.2,66.1,0
2024-04-30T10:00:00,16.8,62.6,0
2024-04-30T11:00:00,17.5,60.58,0
2024-04-30T12:00:00,18.5,61.28,0
2024-04-30T13:00:00,19.1,59.47,0
2024-04-30T14:00:00,20.4,54.44,0
2024-04-30T15:00:00,20.9,53.06,0
2024-04-30T16:00:00,21.6,52.55,0
2024-04-30T17:00:00,21.6,48.19,0
2024-04-30T18:00:00,22.0,46.99,0
2024-04-30T19:00:00,22.1,43.83,0
2024-04-30T20:00:00,21.0,48.95,0
2024-04-30T21:00:00,18.2,58.7,0
2024-04-30T22:00:00,16.5,67.94,0
2024-04-30T23:00:00,15.4,73.56,0
2024-05-01T00:00:00,14.8,75.82,0
2024-05-01T01:00:00,13.5,80.25,0
2024-05-01T02:00:00,13.7,81.28,0
2024-05-01T03:00:00,14.1,79.77,0
2024-05-01T04:00:00,14.7,79.24,0
2024-05-01T05:00:00,14.9,75.84,0
2024-05-01T06:00:00,14.1,76.72,0
2024-05-01T07:00:00,15.7,66.38,0
2024-05-01T08:00:00,15.7,68.8,0
2024-05-01T09:00:00,17.2,68.76,0
2024-05-01T10:00:00,18.8,62.99,0
2024-05-01T11:00:00,22.0,60.59,0
2024-05-01T12:00:00,23.2,59.71,0
2024-05-01T13:00:00,24.2,58.61,0
2024-05-01T14:00:00,25.5,57.8,0
2024-05-01T15:00:00,26.4,51.11,0
2024-05-01T16:00:00,26.6,43.22,0
2024-05-01T17:00:00,26.6,37.88,0
2024-05-01T18:00:00,26.5,33.52,0
2024-05-01T19:00:00,25.3,33.45,0
2024-05-01T20:00:00,23.0,35.13,0
2024-05-01T21:00:00,19.2,49.35,0
2024-05-01T22:00:00,18.8,46.93,0
2024-05-01T23:00:00,15.9,57.03,0
2024-05-02T00:00:00,14.0,64.58,0
2024-05-02T01:00:00,13.3,67.82,0
2024-05-02T02:00:00,11.5,80.92,0
2024-05-02T03:00:00,11.8,75.93,0
2024-05-02T04:00:00,10.7,80.44,0
2024-05-02T05:00:00,10.2,83.62,0
2024-05-02T06:00:00,10.2,80.31,0
2024-05-02T07:00:00,11.3,69.99,0
2024-05-02T08:00:00,13.0,66.73,0
2024-05-02T09:00:00,15.4,59.89,0
2024-05-02T10:00:00,18.0,51.17,0
2024-05-02T11:00:00,19.2,48.18,0
2024-05-02T12:00:00,21.5,44.05,0
2024-05-02T13:00:00,23.1,42.8,0
2024-05-02T14:00:00,24.7,44.84,0
2024-05-02T15:00:00,26.4,45.69,0
2024-05-02T16:00:00,27.5,49.21,0
2024-05-02T17:00:00,28.0,48.47,0
2024-05-02T18:00:00,27.0,51.7,0
2024-05-02T19:00:00,24.4,62.23,0
2024-05-02T20:00:00,24.0,55.05,0
2024-05-02T21:00:00,19.1,80.65,1
2024-05-02T22:00:00,20.0,74.67,0
2024-05-02T23:00:00,18.4,78.56,0
2024-05-03T00:00:00,17.8,78.85,1
2024-05-03T01:00:00,16.3,84.85,1
2024-05-03T02:00:00,16.4,83.89,0
2024-05-03T03:00:00,15.9,84.28,1
2024-05-03T04:00:00,15.9,75.96,1
2024-05-03T05:00:00,15.4,79.33,0
2024-05-03T06:00:00,15.3,79.73,0
2024-05-03T07:00:00,14.1,93.71,1
2024-05-03T08:00:00,14.6,91.68,1
2024-05-03T09:00:00,15.6,90.89,1
2024-05-03T10:00:00,16.4,91.27,0
2024-05-03T11:00:00,17.0,85.97,0
2024-05-03T12:00:00,18.4,81.63,0
2024-05-03T13:00:00,18.8,79.36,0
2024-05-03T14:00:00,21.5,71.31,0
2024-05-03T15:00:00,22.7,69.27,0
2024-05-03T16:00:00,24.1,61.11,0
2024-05-03T17:00:00,24.7,56.48,0
2024-05-03T18:00:00,22.8,66.08,0
2024-05-03T19:00:00,22.6,67.07,0
2024-05-03T20:00:00,21.0,71.64,0
2024-05-03T21:00:00,19.3,79.38,0
2024-05-03T22:00:00,19.1,80.73,0
2024-05-03T23:00:00,18.9,82.82,0
2024-05-04T00:00:00,18.3,85.9,0
2024-05-04T01:00:00,17.5,85.19,0
2024-05-04T02:00:00,16.5,85.6,0
2024-05-04T03:00:00,15.5,88.6,0
2024-05-04T04:00:00,14.8,90.67,0
2024-05-04T05:00:00,14.1,88.24,0
2024-05-04T06:00:00,13.9,88.73,0
2024-05-04T07:00:00,13.5,91.11,0
2024-05-04T08:00:00,14.1,88.13,0
2024-05-04T09:00:00,16.0,84.2,0
2024-05-04T10:00:00,17.1,84.1,0
2024-05-04T11:00:00,18.3,80.97,0
2024-05-04T12:00:00,19.2,81.32,0
2024-05-04T13:00:00,21.3,76.29,0
2024-05-04T14:00:00,22.5,71.73,0
2024-05-04T15:00:00,23.0,69.5,0
2024-05-04T16:00:00,23.1,69.11,0
2024-05-04T17:00:00,24.1,65.05,0
2024-05-04T18:00:00,24.8,58.92,0
2024-05-04T19:00:00,23.3,68.28,0
2024-05-04T20:00:00,22.6,69.41,0
2024-05-04T21:00:00,20.9,76.91,0
2024-05-04T22:00:00,19.2,85.63,0
2024-05-04T23:00:00,18.5,88.35,0
2024-05-05T00:00:00,18.0,91.64,0
2024-05-05T01:00:00,17.7,90.51,1
2024-05-05T02:00:00,18.2,92.23,1
2024-05-05T03:00:00,17.1,90.69,1
2024-05-05T04:00:00,16.5,94.07,0
2024-05-05T05:00:00,17.5,90.53,0
2024-05-05T06:00:00,17.7,88.58,0
2024-05-05T07:00:00,17.5,84.78,0
2024-05-05T08:00:00,17.5,88.56,0
2024-05-05T09:00:00,16.4,84.6,0
2024-05-05T10:00:00,15.9,84.29,0
2024-05-05T11:00:00,16.4,81.85,0
2024-05-05T12:00:00,17.3,77.16,0
2024-05-05T13:00:00,17.8,75.19,0
2024-05-05T14:00:00,17.7,72.32,0
2024-05-05T15:00:00,18.2,70.04,0
2024-05-05T16:00:00,18.8,67.53,0
2024-05-05T17:00:00,18.9,64.94,0
2024-05-05T18:00:00,19.5,60.77,0
2024-05-05T19:00:00,19.5,60.74,0
2024-05-05T20:00:00,18.4,64.35,0
2024-05-05T21:00:00,14.7,79.33,0
2024-05-05T22:00:00,13.9,83.05,0
2024-05-05T23:00:00,13.0,85.8,0
2024-05-06T00:00:00,12.5,90.06,0
2024-05-06T01:00:00,11.9,91.3,0
2024-05-06T02:00:00,11.4,94.34,0
2024-05-06T03:00:00,11.8,91.86,0
2024-05-06T04:00:00,12.5,88.81,0
2024-05-06T05:00:00,12.6,90.7,0
2024-05-06T06:00:00,12.5,90.21,0
2024-05-06T07:00:00,12.5,90.2,0
2024-05-06T08:00:00,13.0,87.29,0
2024-05-06T09:00:00,13.1,83.06,0
2024-05-06T10:00:00,13.6,77.71,0
2024-05-06T11:00:00,14.4,72.97,0
2024-05-06T12:00:00,16.2,70.14,0
2024-05-06T13:00:00,17.2,70.45,0
2024-05-06T14:00:00,17.4,63.91,0
2024-05-06T15:00:00,18.9,55.13,0
2024-05-06T16:00:00,19.5,51.05,0
2024-05-06T17:00:00,19.8,48.5,0
2024-05-06T18:00:00,19.6,47.37,0
2024-05-06T19:00:00,18.7,49.0,0
2024-05-06T20:00:00,17.6,52.1,0
2024-05-06T21:00:00,15.5,51.31,0
2024-05-06T22:00:00,14.5,51.84,0
2024-05-06T23:00:00,14.0,52.19,0
2024-05-07T00:00:00,13.4,54.88,0
2024-05-07T01:00:00,12.4,59.31,0
2024-05-07T02:00:00,11.8,59.95,0
2024-05-07T03:00:00,11.2,60.98,0
2024-05-07T04:00:00,11.6,62.24,0
2024-05-07T05:00:00,12.1,64.83,0
2024-05-07T06:00:00,12.7,59.99,0
2024-05-07T07:00:00,12.7,62.7,0
2024-05-07T08:00:00,13.6,61.24,0
2024-05-07T09:00:00,14.2,62.74,0
2024-05-07T10:00:00,16.5,67.52,0
2024-05-07T11:00:00,17.7,72.34,1
2024-05-07T12:00:00,18.9,80.37,0
2024-05-07T13:00:00,18.7,90.23,1
2024-05-07T14:00:00,21.2,85.42,1
2024-05-07T15:00:00,23.3,79.58,0
2024-05-07T16:00:00,24.0,73.14,0
2024-05-07T17:00:00,24.8,70.08,0
2024-05-07T18:00:00,25.0,66.26,0
2024-05-07T19:00:00,21.1,86.53,1
2024-05-07T20:00:00,21.5,87.49,1
2024-05-07T21:00:00,20.4,86.19,1
2024-05-07T22:00:00,18.4,91.67,0
2024-05-07T23:00:00,17.9,93.07,0
2024-05-08T00:00:00,17.2,94.23,0
2024-05-08T01:00:00,17.0,92.15,0
2024-05-08T02:00:00,16.4,91.38,0
2024-05-08T03:00:00,15.3,90.97,0
2024-05-08T04:00:00,14.3,94.85,1
2024-05-08T05:00:00,14.8,91.73,0
2024-05-08T06:00:00,15.2,91.21,0
2024-05-08T07:00:00,14.6,91.62,0
2024-05-08T08:00:00,16.2,85.85,0
2024-05-08T09:00:00,18.3,72.0,0
2024-05-08T10:00:00,20.4,58.9,0
2024-05-08T11:00:00,22.5,48.13,0
2024-05-08T12:00:00,23.5,42.3,0
2024-05-08T13:00:00,24.1,39.42,0
2024-05-08T14:00:00,24.9,35.72,0
2024-05-08T15:00:00,25.9,33.53,0
2024-05-08T16:00:00,25.5,35.09,0
2024-05-08T17:00:00,25.5,34.98,0
2024-05-08T18:00:00,25.5,33.95,0
2024-05-08T19:00:00,25.8,42.44,0
2024-05-08T20:00:00,24.5,38.68,0
2024-05-08T21:00:00,20.7,53.08,0
2024-05-08T22:00:00,19.6,59.13,0
2024-05-08T23:00:00,18.4,58.87,0
2024-05-09T00:00:00,18.3,54.61,0
2024-05-09T01:00:00,17.9,55.66,0
2024-05-09T02:00:00,18.4,49.7,0
2024-05-09T03:00:00,14.9,77.38,0
2024-05-09T04:00:00,13.7,74.88,0
2024-05-09T05:00:00,13.1,78.29,0
2024-05-09T06:00:00,12.7,84.17,1
2024-05-09T07:00:00,12.0,90.76,1
2024-05-09T08:00:00,12.0,90.74,1
2024-05-09T09:00:00,12.0,94.36,1
2024-05-09T10:00:00,12.0,94.36,1
2024-05-09T11:00:00,12.1,97.42,1
2024-05-09T12:00:00,12.6,94.01,1
2024-05-09T13:00:00,13.3,91.58,1
2024-05-09T14:00:00,12.5,94.39,1
2024-05-09T15:00:00,12.9,91.84,1
2024-05-09T16:00:00,12.7,87.61,1
2024-05-09T17:00:00,12.0,84.37,0
2024-05-09T18:00:00,13.1,76.85,1
2024-05-09T19:00:00,12.2,73.9,0
2024-05-09T20:00:00,11.6,76.98,0
2024-05-09T21:00:00,11.6,75.23,0
2024-05-09T22:00:00,11.4,77.25,0
2024-05-09T23:00:00,11.0,85.2,0
2024-05-10T00:00:00,11.1,87.14,1
2024-05-10T01:00:00,10.7,92.02,1
2024-05-10T02:00:00,10.7,92.3,1
2024-05-10T03:00:00,11.0,89.05,0
2024-05-10T04:00:00,10.9,87.88,0
2024-05-10T05:00:00,10.4,85.02,0
2024-05-10T06:00:00,9.3,83.83,0
2024-05-10T07:00:00,9.6,80.86,0
2024-05-10T08:00:00,10.4,79.04,0
2024-05-10T09:00:00,12.0,68.77,0
2024-05-10T10:00:00,13.7,56.72,0
2024-05-10T11:00:00,15.0,47.86,0
2024-05-10T12:00:00,16.5,43.71,0
2024-05-10T13:00:00,17.1,49.13,0
2024-05-10T14:00:00,17.6,45.09,0
2024-05-10T15:00:00,17.7,46.09,0
2024-05-10T16:00:00,17.7,46.27,0
2024-05-10T17:00:00,18.6,46.52,0
2024-05-10T18:00:00,17.7,48.09,0
2024-05-10T19:00:00,18.3,47.45,0
2024-05-10T20:00:00,16.6,53.76,0
2024-05-10T21:00:00,14.6,67.74,0
2024-05-10T22:00:00,13.0,74.0,0
2024-05-10T23:00:00,12.0,79.17,0
2024-05-11T00:00:00,12.7,76.24,0
2024-05-11T01:00:00,12.1,77.46,0
2024-05-11T02:00:00,11.8,79.18,0
2024-05-11T03:00:00,12.2,77.04,0
2024-05-11T04:00:00,12.8,76.4,0
2024-05-11T05:00:00,13.1,81.99,1
2024-05-11T06:00:00,12.5,88.27,1
2024-05-11T07:00:00,11.8,92.12,1
2024-05-11T08:00:00,12.4,85.58,0
2024-05-11T09:00:00,13.5,73.95,0
2024-05-11T10:00:00,14.6,65.64,0
2024-05-11T11:00:00,15.2,61.34,0
2024-05-11T12:00:00,14.8,60.44,0
2024-05-11T13:00:00,14.9,58.22,0
2024-05-11T14:00:00,15.5,56.21,0
2024-05-11T15:00:00,16.0,54.26,0
2024-05-11T16:00:00,16.3,52.41,0
2024-05-11T17:00:00,16.8,49.23,0
2024-05-11T18:00:00,16.9,48.67,0
2024-05-11T19:00:00,16.4,49.96,0
2024-05-11T20:00:00,15.4,51.94,0
2024-05-11T21:00:00,13.5,60.44,0
2024-05-11T22:00:00,11.8,68.65,0
2024-05-11T23:00:00,11.3,70.54,0
2024-05-12T00:00:00,10.4,75.46,0
2024-05-12T01:00:00,9.6,78.86,0
2024-05-12T02:00:00,8.9,83.16,0
2024-05-12T03:00:00,8.4,85.51,0
2024-05-12T04:00:00,7.7,84.57,0
2024-05-12T05:00:00,7.0,87.19,0
2024-05-12T06:00:00,6.9,87.71,0
2024-05-12T07:00:00,6.9,88.24,0
2024-05-12T08:00:00,10.3,80.85,0
2024-05-12T09:00:00,13.0,75.11,0
2024-05-12T10:00:00,16.0,53.99,0
2024-05-12T11:00:00,17.6,49.52,0
2024-05-12T12:00:00,18.7,46.84,0
2024-05-12T13:00:00,20.4,42.2,0
2024-05-12T14:00:00,21.6,39.69,0
2024-05-12T15:00:00,22.6,38.63,0
2024-05-12T16:00:00,23.1,37.62,0
2024-05-12T17:00:00,24.1,36.43,0
2024-05-12T18:00:00,24.1,35.19,0
2024-05-12T19:00:00,23.3,35.6,0
2024-05-12T20:00:00,21.8,41.89,0
2024-05-12T21:00:00,18.3,56.09,0
2024-05-12T22:00:00,17.4,56.28,0
2024-05-12T23:00:00,18.3,51.67,0
2024-05-13T00:00:00,17.9,54.84,0
2024-05-13T01:00:00,17.4,58.23,0
2024-05-13T02:00:00,16.5,62.58,0
2024-05-13T03:00:00,15.9,66.95,0
2024-05-13T04:00:00,15.4,69.56,0
2024-05-13T05:00:00,15.2,68.62,0
2024-05-13T06:00:00,13.9,73.88,0
2024-05-13T07:00:00,13.8,74.4,0
2024-05-13T08:00:00,16.8,66.55,0
2024-05-13T09:00:00,19.3,58.71,0
2024-05-13T10:00:00,21.6,50.79,0
2024-05-13T11:00:00,23.7,43.53,0
2024-05-13T12:00:00,24.8,41.98,0
2024-05-13T13:00:00,25.9,39.6,0
2024-05-13T14:00:00,25.6,40.54,0
2024-05-13T15:00:00,26.0,38.28,0
2024-05-13T16:00:00,26.0,38.03,0
2024-05-13T17:00:00,26.0,39.01,0
2024-05-13T18:00:00,24.4,41.81,0
2024-05-13T19:00:00,24.2,42.27,0
2024-05-13T20:00:00,22.8,55.44,0
2024-05-13T21:00:00,19.7,68.91,0
2024-05-13T22:00:00,18.5,72.98,0
2024-05-13T23:00:00,18.4,75.82,0
2024-05-14T00:00:00,18.5,75.68,0
2024-05-14T01:00:00,18.8,73.91,0
2024-05-14T02:00:00,18.0,71.25,0
2024-05-14T03:00:00,16.0,78.55,0
2024-05-14T04:00:00,15.4,77.98,0
2024-05-14T05:00:00,15.7,78.57,0
2024-05-14T06:00:00,14.3,84.01,0
2024-05-14T07:00:00,14.1,86.4,0
2024-05-14T08:00:00,15.5,84.77,0
2024-05-14T09:00:00,16.8,82.24,0
2024-05-14T10:00:00,17.4,79.63,0
2024-05-14T11:00:00,18.0,79.12,0
2024-05-14T12:00:00,18.3,78.0,0
2024-05-14T13:00:00,19.2,73.73,0
2024-05-14T14:00:00,19.3,73.56,0
2024-05-14T15:00:00,20.5,73.25,0
2024-05-14T16:00:00,20.0,72.92,0
2024-05-14T17:00:00,20.0,70.59,0
2024-05-14T18:00:00,19.9,70.9,0
2024-05-14T19:00:00,18.7,81.69,0
2024-05-14T20:00:00,17.9,88.5,1
2024-05-14T21:00:00,17.2,93.42,1
2024-05-14T22:00:00,17.1,93.78,1
2024-05-14T23:00:00,17.0,94.6,1
2024-05-15T00:00:00,17.0,94.79,1
2024-05-15T01:00:00,16.6,97.2,1
2024-05-15T02:00:00,16.2,97.19,1
2024-05-15T03:00:00,16.0,97.05,1
2024-05-15T04:00:00,14.0,97.46,1
2024-05-15T05:00:00,13.6,94.96,1
2024-05-15T06:00:00,12.6,94.25,0
2024-05-15T07:00:00,12.5,91.51,0
2024-05-15T08:00:00,13.0,89.17,0
2024-05-15T09:00:00,13.5,86.91,0
2024-05-15T10:00:00,13.5,89.51,0
2024-05-15T11:00:00,14.4,86.66,0
2024-05-15T12:00:00,17.0,81.18,0
2024-05-15T13:00:00,18.4,77.06,0
2024-05-15T14:00:00,19.0,77.92,0
2024-05-15T15:00:00,18.9,78.74,0
2024-05-15T16:00:00,21.3,73.89,1
2024-05-15T17:00:00,21.1,70.97,0
2024-05-15T18:00:00,20.7,67.79,0
2024-05-15T19:00:00,21.2,67.11,0
2024-05-15T20:00:00,20.4,68.74,0
2024-05-15T21:00:00,18.1,80.0,0
2024-05-15T22:00:00,17.0,85.57,0
2024-05-15T23:00:00,16.4,87.73,0
2024-05-16T00:00:00,15.3,88.04,0
2024-05-16T01:00:00,15.6,87.22,0
2024-05-16T02:00:00,15.3,83.81,0
2024-05-16T03:00:00,14.0,88.07,0
2024-05-16T04:00:00,13.9,89.04,0
2024-05-16T05:00:00,13.3,84.64,0
2024-05-16T06:00:00,12.9,82.8,0
2024-05-16T07:00:00,12.5,88.87,0
2024-05-16T08:00:00,14.0,88.02,0
2024-05-16T09:00:00,16.6,75.34,0
2024-05-16T10:00:00,18.6,67.12,0
2024-05-16T11:00:00,20.9,63.51,0
2024-05-16T12:00:00,22.0,60.14,0
2024-05-16T13:00:00,22.7,57.65,0
2024-05-16T14:00:00,24.1,54.42,0
2024-05-16T15:00:00,24.6,52.49,0
2024-05-16T16:00:00,24.0,54.41,0
2024-05-16T17:00:00,22.6,61.8,1
2024-05-16T18:00:00,23.1,59.55,0
2024-05-16T19:00:00,19.5,79.4,0
2024-05-16T20:00:00,20.7,70.84,1
2024-05-16T21:00:00,19.3,84.64,1
2024-05-16T22:00:00,18.9,84.33,1
2024-05-16T23:00:00,18.3,87.36,1
2024-05-17T00:00:00,18.1,91.16,0
2024-05-17T01:00:00,17.5,94.46,1
2024-05-17T02:00:00,17.5,91.82,0
2024-05-17T03:00:00,17.5,94.46,0
2024-05-17T04:00:00,17.5,94.29,0
2024-05-17T05:00:00,17.5,91.82,0
2024-05-17T06:00:00,17.0,94.63,0
2024-05-17T07:00:00,17.5,91.91,1
2024-05-17T08:00:00,18.0,91.91,0
2024-05-17T09:00:00,18.1,91.78,0
2024-05-17T10:00:00,18.6,89.41,0
2024-05-17T11:00:00,19.6,83.46,0
2024-05-17T12:00:00,20.5,75.88,0
2024-05-17T13:00:00,21.1,73.95,0
2024-05-17T14:00:00,22.2,71.01,0
2024-05-17T15:00:00,22.8,66.41,0
2024-05-17T16:00:00,23.5,63.4,0
2024-05-17T17:00:00,24.2,56.98,0
2024-05-17T18:00:00,24.9,52.6,0
2024-05-17T19:00:00,25.3,49.13,0
2024-05-17T20:00:00,24.1,56.79,0
2024-05-17T21:00:00,21.6,67.14,0
2024-05-17T22:00:00,20.1,75.54,0
2024-05-17T23:00:00,18.9,78.65,0
2024-05-18T00:00:00,17.9,83.52,0
2024-05-18T01:00:00,17.0,91.17,0
2024-05-18T02:00:00,16.9,91.92,0
2024-05-18T03:00:00,16.4,90.37,0
2024-05-18T04:00:00,16.8,91.68,0
2024-05-18T05:00:00,16.1,91.38,0
2024-05-18T06:00:00,14.6,96.79,0
2024-05-18T07:00:00,15.4,93.59,0
2024-05-18T08:00:00,17.6,94.46,0
2024-05-18T09:00:00,19.9,84.89,0
2024-05-18T10:00:00,22.0,77.85,0
2024-05-18T11:00:00,23.8,70.96,0
2024-05-18T12:00:00,25.3,57.4,0
2024-05-18T13:00:00,26.5,48.33,0
2024-05-18T14:00:00,26.9,45.34,0
2024-05-18T15:00:00,27.9,44.25,0
2024-05-18T16:00:00,28.0,39.35,0
2024-05-18T17:00:00,28.1,45.6,0
2024-05-18T18:00:00,28.4,39.66,0
2024-05-18T19:00:00,28.0,42.1,0
2024-05-18T20:00:00,26.5,47.39,0
2024-05-18T21:00:00,23.8,61.63,0
2024-05-18T22:00:00,21.8,74.06,0
2024-05-18T23:00:00,21.0,74.32,0
2024-05-19T00:00:00,19.7,79.78,0
2024-05-19T01:00:00,18.5,86.44,0
2024-05-19T02:00:00,18.1,85.47,0
2024-05-19T03:00:00,18.0,85.42,0
2024-05-19T04:00:00,17.0,88.01,0
2024-05-19T05:00:00,16.9,88.87,0
2024-05-19T06:00:00,16.4,91.63,0
2024-05-19T07:00:00,16.4,91.14,0
2024-05-19T08:00:00,19.2,84.76,0
2024-05-19T09:00:00,23.1,72.2,0
2024-05-19T10:00:00,24.9,62.55,0
2024-05-19T11:00:00,27.1,57.2,0
2024-05-19T12:00:00,28.5,51.09,0
2024-05-19T13:00:00,28.3,51.48,0
2024-05-19T14:00:00,29.2,48.57,0
2024-05-19T15:00:00,30.4,42.41,0
2024-05-19T16:00:00,30.5,42.46,0
2024-05-19T17:00:00,30.7,42.29,0
2024-05-19T18:00:00,30.2,44.95,0
2024-05-19T19:00:00,29.0,48.68,0
2024-05-19T20:00:00,27.5,57.06,0
2024-05-19T21:00:00,25.5,70.93,0
2024-05-19T22:00:00,23.6,68.4,0
2024-05-19T23:00:00,22.8,70.94,0
2024-05-20T00:00:00,22.2,73.96,0
2024-05-20T01:00:00,20.9,80.56,0
2024-05-20T02:00:00,20.2,82.11,0
2024-05-20T03:00:00,18.9,86.75,0
2024-05-20T04:00:00,18.1,90.69,0
2024-05-20T05:00:00,18.0,86.27,0
2024-05-20T06:00:00,18.1,88.61,0
2024-05-20T07:00:00,18.5,86.44,0
2024-05-20T08:00:00,19.8,84.91,0
2024-05-20T09:00:00,23.1,74.18,0
2024-05-20T10:00:00,25.8,61.72,0
2024-05-20T11:00:00,27.5,55.93,0
2024-05-20T12:00:00,28.5,52.62,0
2024-05-20T13:00:00,28.7,47.31,0
2024-05-20T14:00:00,30.7,41.77,0
2024-05-20T15:00:00,29.9,42.51,0
2024-05-20T16:00:00,29.9,40.75,0
2024-05-20T17:00:00,30.7,38.63,0
2024-05-20T18:00:00,29.8,38.22,0
2024-05-20T19:00:00,29.1,39.57,0
2024-05-20T20:00:00,27.1,43.74,0
2024-05-20T21:00:00,24.9,52.55,0
2024-05-20T22:00:00,24.2,55.79,0
2024-05-20T23:00:00,22.9,59.33,0
2024-05-21T00:00:00,21.5,67.11,0
2024-05-21T01:00:00,20.4,72.27,0
2024-05-21T02:00:00,19.8,74.12,0
2024-05-21T03:00:00,19.2,80.47,0
2024-05-21T04:00:00,18.9,81.14,0
2024-05-21T05:00:00,18.5,83.38,0
2024-05-21T06:00:00,18.0,86.04,1
2024-05-21T07:00:00,17.6,88.75,0
2024-05-21T08:00:00,20.8,77.65,0
2024-05-21T09:00:00,23.7,66.94,0
2024-05-21T10:00:00,25.6,60.16,0
2024-05-21T11:00:00,27.6,53.17,0
2024-05-21T12:00:00,28.5,47.58,0
2024-05-21T13:00:00,28.7,49.78,0
2024-05-21T14:00:00,29.6,44.64,0
2024-05-21T15:00:00,30.8,42.55,0
2024-05-21T16:00:00,31.4,41.68,0
2024-05-21T17:00:00,30.0,43.81,0
2024-05-21T18:00:00,30.9,42.35,0
2024-05-21T19:00:00,29.4,43.75,0
2024-05-21T20:00:00,28.7,48.06,0
2024-05-21T21:00:00,27.2,52.66,0
2024-05-21T22:00:00,26.5,55.1,0
2024-05-21T23:00:00,25.7,59.43,0
2024-05-22T00:00:00,25.1,61.51,0
2024-05-22T01:00:00,25.5,58.44,0
2024-05-22T02:00:00,25.5,54.95,0
2024-05-22T03:00:00,25.5,54.78,0
2024-05-22T04:00:00,25.0,56.45,0
2024-05-22T05:00:00,24.3,60.43,0
2024-05-22T06:00:00,23.3,64.37,0
2024-05-22T07:00:00,22.7,69.35,0
2024-05-22T08:00:00,23.1,69.33,0
2024-05-22T09:00:00,24.1,67.99,0
2024-05-22T10:00:00,25.3,63.62,0
2024-05-22T11:00:00,26.9,55.95,0
2024-05-22T12:00:00,28.0,50.16,0
2024-05-22T13:00:00,28.8,40.46,0
2024-05-22T14:00:00,28.4,39.05,0
2024-05-22T15:00:00,28.4,35.08,0
2024-05-22T16:00:00,28.9,33.84,0
2024-05-22T17:00:00,28.8,34.26,0
2024-05-22T18:00:00,28.3,35.01,0
2024-05-22T19:00:00,26.9,37.82,0
2024-05-22T20:00:00,25.7,39.45,0
2024-05-22T21:00:00,23.5,42.94,0
2024-05-22T22:00:00,21.8,47.63,0
2024-05-22T23:00:00,20.1,52.81,0
2024-05-23T00:00:00,18.5,58.39,0
2024-05-23T01:00:00,17.5,60.09,0
2024-05-23T02:00:00,17.3,57.28,0
2024-05-23T03:00:00,16.7,60.85,0
2024-05-23T04:00:00,16.0,61.72,0
2024-05-23T05:00:00,15.4,64.36,0
2024-05-23T06:00:00,13.7,69.53,0
2024-05-23T07:00:00,13.0,75.15,0
2024-05-23T08:00:00,16.0,71.14,0
2024-05-23T09:00:00,18.8,53.55,0
2024-05-23T10:00:00,21.6,43.79,0
2024-05-23T11:00:00,23.5,36.32,0
2024-05-23T12:00:00,24.1,34.21,0
2024-05-23T13:00:00,24.7,31.29,0
2024-05-23T14:00:00,25.4,30.53,0
2024-05-23T15:00:00,26.4,28.88,0
2024-05-23T16:00:00,26.9,29.92,0
2024-05-23T17:00:00,27.5,27.26,0
2024-05-23T18:00:00,27.5,27.6,0
2024-05-23T19:00:00,26.6,32.03,0
2024-05-23T20:00:00,25.0,42.48,0
2024-05-23T21:00:00,22.6,45.32,0
2024-05-23T22:00:00,21.2,46.96,0
2024-05-23T23:00:00,20.8,45.52,0
2024-05-24T00:00:00,19.4,49.08,0
2024-05-24T01:00:00,18.7,48.36,0
2024-05-24T02:00:00,17.8,54.01,0
2024-05-24T03:00:00,16.3,59.16,0
2024-05-24T04:00:00,14.3,77.91,0
2024-05-24T05:00:00,13.3,80.5,0
2024-05-24T06:00:00,13.6,74.39,0
2024-05-24T07:00:00,14.1,76.96,0
2024-05-24T08:00:00,17.5,69.09,0
2024-05-24T09:00:00,20.7,51.85,0
2024-05-24T10:00:00,23.4,41.91,0
2024-05-24T11:00:00,25.7,37.71,0
2024-05-24T12:00:00,26.5,39.0,0
2024-05-24T13:00:00,27.1,43.15,0
2024-05-24T14:00:00,28.2,43.49,0
2024-05-24T15:00:00,28.5,42.95,0
2024-05-24T16:00:00,29.0,40.83,0
2024-05-24T17:00:00,27.1,52.28,1
2024-05-24T18:00:00,26.8,57.24,0
2024-05-24T19:00:00,25.4,62.21,1
2024-05-24T20:00:00,19.1,81.54,1
2024-05-24T21:00:00,19.0,77.26,1
2024-05-24T22:00:00,18.6,81.91,1
2024-05-24T23:00:00,18.1,89.57,0
2024-05-25T00:00:00,17.9,85.78,0
2024-05-25T01:00:00,18.0,85.79,0
2024-05-25T02:00:00,18.3,84.57,0
2024-05-25T03:00:00,17.8,89.88,0
2024-05-25T04:00:00,17.8,88.93,0
2024-05-25T05:00:00,17.2,90.46,0
2024-05-25T06:00:00,17.1,90.46,0
2024-05-25T07:00:00,17.3,89.5,0
2024-05-25T08:00:00,19.3,81.69,0
2024-05-25T09:00:00,20.4,79.27,0
2024-05-25T10:00:00,20.6,78.39,0
2024-05-25T11:00:00,22.6,73.36,0
2024-05-25T12:00:00,23.3,69.99,0
2024-05-25T13:00:00,23.9,65.64,0
2024-05-25T14:00:00,24.8,58.47,0
2024-05-25T15:00:00,25.0,51.62,0
2024-05-25T16:00:00,25.5,44.54,0
2024-05-25T17:00:00,25.9,34.54,0
2024-05-25T18:00:00,25.9,33.43,0
2024-05-25T19:00:00,25.0,34.24,0
2024-05-25T20:00:00,24.0,33.12,0
2024-05-25T21:00:00,21.6,40.76,0
2024-05-25T22:00:00,17.9,52.91,0
2024-05-25T23:00:00,17.6,50.57,0
2023-01-01T00:00:00,2.0,93.92,0
2023-01-01T01:00:00,2.2,95.89,0
2023-01-01T02:00:00,2.2,97.1,0
2023-01-01T03:00:00,2.7,100.0,0
2023-01-01T04:00:00,2.7,93.54,0
2023-01-01T05:00:00,2.7,96.34,0
2023-01-01T06:00:00,3.1,97.12,0
2023-01-01T07:00:00,3.9,97.14,0
2023-01-01T08:00:00,4.6,96.39,0
2023-01-01T09:00:00,5.6,93.55,0
2023-01-01T10:00:00,6.4,94.12,0
2023-01-01T11:00:00,7.5,93.78,0
2023-01-01T12:00:00,8.1,93.81,0
2023-01-01T13:00:00,8.5,91.22,0
2023-01-01T14:00:00,8.5,94.55,0
2023-01-01T15:00:00,9.1,87.67,0
2023-01-01T16:00:00,9.1,87.67,0
2023-01-01T17:00:00,8.7,90.15,0
2023-01-01T18:00:00,8.7,90.15,0
2023-01-01T19:00:00,8.1,93.81,0
2023-01-01T20:00:00,7.0,94.15,0
2023-01-01T21:00:00,7.3,96.47,0
2023-01-01T22:00:00,7.5,96.47,0
2023-01-01T23:00:00,7.7,96.48,0
2023-01-02T00:00:00,7.7,96.48,0
2023-01-02T01:00:00,7.2,97.21,0
2023-01-02T02:00:00,7.5,93.78,0
2023-01-02T03:00:00,7.5,93.78,0
2023-01-02T04:00:00,7.5,100.0,0
2023-01-02T05:00:00,7.5,96.47,0
2023-01-02T06:00:00,7.7,96.48,0
2023-01-02T07:00:00,7.5,96.47,0
2023-01-02T08:00:00,7.5,93.78,1
2023-01-02T09:00:00,7.5,96.47,0
2023-01-02T10:00:00,7.5,96.47,0
2023-01-02T11:00:00,7.0,97.21,0
2023-01-02T12:00:00,7.7,96.48,0
2023-01-02T13:00:00,8.1,93.81,0
2023-01-02T14:00:00,8.1,93.81,0
2023-01-02T15:00:00,8.1,93.81,0
2023-01-02T16:00:00,8.1,93.81,0
2023-01-02T17:00:00,7.7,96.48,0
2023-01-02T18:00:00,7.7,96.48,0
2023-01-02T19:00:00,7.7,96.48,0
2023-01-02T20:00:00,8.1,97.23,0
2023-01-02T21:00:00,8.1,97.23,0
2023-01-02T22:00:00,8.1,97.23,0
2023-01-02T23:00:00,7.9,97.23,0
2023-01-03T00:00:00,7.5,96.5,0
2023-01-03T01:00:00,7.0,97.21,0
2023-01-03T02:00:00,7.5,96.5,0
2023-01-03T03:00:00,7.5,96.47,1
2023-01-03T04:00:00,8.1,97.23,1
2023-01-03T05:00:00,7.9,97.23,1
2023-01-03T06:00:00,7.9,97.23,1
2023-01-03T07:00:00,7.9,97.23,1
2023-01-03T08:00:00,7.5,96.47,1
2023-01-03T09:00:00,7.5,96.47,1
2023-01-03T10:00:00,7.9,97.23,1
2023-01-03T11:00:00,8.5,97.24,0
2023-01-03T12:00:00,10.9,94.32,0
2023-01-03T13:00:00,14.3,93.27,0
2023-01-03T14:00:00,15.2,88.15,0
2023-01-03T15:00:00,15.5,88.18,0
2023-01-03T16:00:00,15.1,88.44,0
2023-01-03T17:00:00,14.7,90.82,0
2023-01-03T18:00:00,14.1,94.09,0
2023-01-03T19:00:00,13.6,97.35,1
2023-01-03T20:00:00,13.8,94.77,0
2023-01-03T21:00:00,13.1,94.04,0
2023-01-03T22:00:00,13.1,91.52,0
2023-01-03T23:00:00,12.7,91.18,0
2023-01-04T00:00:00,12.7,91.18,0
2023-01-04T01:00:00,12.0,94.37,0
2023-01-04T02:00:00,12.2,94.38,0
2023-01-04T03:00:00,12.0,94.37,0
2023-01-04T04:00:00,12.7,91.18,0
2023-01-04T05:00:00,12.0,94.37,0
2023-01-04T06:00:00,10.7,90.55,0
2023-01-04T07:00:00,8.9,85.93,0
2023-01-04T08:00:00,7.9,85.03,0
2023-01-04T09:00:00,7.4,88.13,0
2023-01-04T10:00:00,7.7,85.01,0
2023-01-04T11:00:00,7.7,75.97,0
2023-01-04T12:00:00,7.7,73.32,0
2023-01-04T13:00:00,7.9,72.76,0
2023-01-04T14:00:00,7.9,70.67,0
2023-01-04T15:00:00,7.4,67.67,0
2023-01-04T16:00:00,6.3,69.48,0
2023-01-04T17:00:00,4.5,70.89,0
2023-01-04T18:00:00,3.3,73.76,0
2023-01-04T19:00:00,2.7,75.91,0
2023-01-04T20:00:00,2.2,81.21,0
2023-01-04T21:00:00,2.7,75.91,0
2023-01-04T22:00:00,2.2,85.46,0
2023-01-04T23:00:00,2.0,83.29,0
2023-01-05T00:00:00,2.0,80.82,0
2023-01-05T01:00:00,2.0,80.82,0
2023-01-05T02:00:00,2.0,83.29,0
2023-01-05T03:00:00,2.2,82.26,0
2023-01-05T04:00:00,2.7,76.89,0
2023-01-05T05:00:00,2.7,76.89,0
2023-01-05T06:00:00,2.2,79.82,0
2023-01-05T07:00:00,2.2,82.26,0
2023-01-05T08:00:00,1.8,84.71,0
2023-01-05T09:00:00,2.2,85.46,0
2023-01-05T10:00:00,3.1,79.96,0
2023-01-05T11:00:00,3.7,73.84,0
2023-01-05T12:00:00,3.5,75.72,0
2023-01-05T13:00:00,3.7,74.79,0
2023-01-05T14:00:00,3.1,77.95,0
2023-01-05T15:00:00,1.1,92.14,1
2023-01-05T16:00:00,1.6,89.12,0
2023-01-05T17:00:00,0.5,92.52,1
2023-01-05T18:00:00,0.5,89.78,1
2023-01-05T19:00:00,0.5,89.78,0
2023-01-05T20:00:00,0.5,89.78,0
2023-01-05T21:00:00,0.5,88.63,0
2023-01-05T22:00:00,0.0,86.79,0
2023-01-05T23:00:00,0.0,86.79,0
2023-01-06T00:00:00,0.0,83.49,0
2023-01-06T01:00:00,0.0,86.79,0
2023-01-06T02:00:00,0.0,90.63,0
2023-01-06T03:00:00,0.0,90.63,0
2023-01-06T04:00:00,0.0,90.63,0
2023-01-06T05:00:00,0.0,90.63,0
2023-01-06T06:00:00,0.0,90.63,0
2023-01-06T07:00:00,0.0,87.92,0
2023-01-06T08:00:00,-0.5,94.15,0
2023-01-06T09:00:00,-0.5,94.15,0
2023-01-06T10:00:00,0.0,90.63,0
2023-01-06T11:00:00,0.0,87.92,0
2023-01-06T12:00:00,0.0,87.92,0
2023-01-06T13:00:00,0.0,86.79,0
2023-01-06T14:00:00,0.0,83.49,0
2023-01-06T15:00:00,0.0,80.98,0
2023-01-06T16:00:00,0.0,80.98,0
2023-01-06T17:00:00,-0.5,83.04,0
2023-01-06T18:00:00,-0.5,80.21,0
2023-01-06T19:00:00,-0.9,82.66,0
2023-01-06T20:00:00,-1.1,81.17,0
2023-01-06T21:00:00,-1.1,80.13,0
2023-01-06T22:00:00,-1.1,80.13,0
2023-01-06T23:00:00,-1.1,80.5,0
2023-01-07T00:00:00,-1.1,80.5,0
2023-01-07T01:00:00,-1.5,80.44,0
2023-01-07T02:00:00,-2.1,80.6,0
2023-01-07T03:00:00,-2.1,82.89,0
2023-01-07T04:00:00,-1.9,81.46,0
2023-01-07T05:00:00,-2.8,79.06,0
2023-01-07T06:00:00,-2.6,73.27,0
2023-01-07T07:00:00,-2.1,75.07,0
2023-01-07T08:00:00,-2.1,76.07,0
2023-01-07T09:00:00,-1.5,75.17,0
2023-01-07T10:00:00,-1.1,73.91,0
2023-01-07T11:00:00,-0.1,71.19,0
2023-01-07T12:00:00,0.5,73.25,0
2023-01-07T13:00:00,0.9,72.04,0
2023-01-07T14:00:00,0.9,72.04,0
2023-01-07T15:00:00,0.5,74.22,0
2023-01-07T16:00:00,0.5,74.22,0
2023-01-07T17:00:00,0.5,74.22,0
2023-01-07T18:00:00,0.0,77.21,0
2023-01-07T19:00:00,0.0,74.87,0
2023-01-07T20:00:00,0.0,76.2,0
2023-01-07T21:00:00,0.0,76.2,0
2023-01-07T22:00:00,0.0,73.89,0
2023-01-07T23:00:00,-0.5,79.17,0
2023-01-08T00:00:00,-0.5,79.17,0
2023-01-08T01:00:00,-0.9,79.11,0
2023-01-08T02:00:00,-2.3,84.95,0
2023-01-08T03:00:00,-2.9,84.16,0
2023-01-08T04:00:00,-3.5,88.27,0
2023-01-08T05:00:00,-3.2,86.39,0
2023-01-08T06:00:00,-3.7,89.43,0
2023-01-08T07:00:00,-4.1,88.21,0
2023-01-08T08:00:00,-4.5,89.37,0
2023-01-08T09:00:00,-3.4,89.87,0
2023-01-08T10:00:00,-0.9,85.57,0
2023-01-08T11:00:00,0.0,79.93,0
2023-01-08T12:00:00,0.7,75.86,0
2023-01-08T13:00:00,1.1,73.64,0
2023-01-08T14:00:00,2.0,71.31,0
2023-01-08T15:00:00,2.2,68.3,0
2023-01-08T16:00:00,2.0,71.31,0
2023-01-08T17:00:00,1.6,74.41,0
2023-01-08T18:00:00,0.5,76.83,0
2023-01-08T19:00:00,-1.5,86.3,0
2023-01-08T20:00:00,-2.1,86.24,0
2023-01-08T21:00:00,-3.2,89.88,0
2023-01-08T22:00:00,-3.7,89.43,0
2023-01-08T23:00:00,-1.3,83.71,0
2023-01-09T00:00:00,-3.1,88.72,0
2023-01-09T01:00:00,-1.1,83.73,0
2023-01-09T02:00:00,-1.1,82.64,0
2023-01-09T03:00:00,-1.1,80.13,0
2023-01-09T04:00:00,-1.1,80.2,0
2023-01-09T05:00:00,-1.7,83.66,0
2023-01-09T06:00:00,-2.1,86.24,0
2023-01-09T07:00:00,-2.1,88.94,0
2023-01-09T08:00:00,-2.1,86.24,0
2023-01-09T09:00:00,-2.1,81.68,0
2023-01-09T10:00:00,-2.1,81.68,0
2023-01-09T11:00:00,-0.7,74.62,0
2023-01-09T12:00:00,0.5,68.16,0
2023-01-09T13:00:00,1.6,65.85,0
2023-01-09T14:00:00,3.1,63.08,0
2023-01-09T15:00:00,3.7,61.31,0
2023-01-09T16:00:00,3.7,63.22,0
2023-01-09T17:00:00,2.7,70.53,0
2023-01-09T18:00:00,0.7,78.22,0
2023-01-09T19:00:00,-0.4,81.98,0
2023-01-09T20:00:00,-0.5,83.04,0
2023-01-09T21:00:00,-1.1,83.73,0
2023-01-09T22:00:00,-0.9,80.15,0
2023-01-09T23:00:00,-0.2,80.95,0
2023-01-10T00:00:00,0.5,76.83,0
2023-01-10T01:00:00,0.0,82.41,0
2023-01-10T02:00:00,0.0,82.41,0
2023-01-10T03:00:00,0.0,82.41,0
2023-01-10T04:00:00,0.0,82.41,0
2023-01-10T05:00:00,0.5,79.22,0
2023-01-10T06:00:00,0.0,82.41,0
2023-01-10T07:00:00,0.0,79.93,0
2023-01-10T08:00:00,1.0,76.82,0
2023-01-10T09:00:00,0.9,80.98,1
2023-01-10T10:00:00,0.9,88.67,1
2023-01-10T11:00:00,1.4,84.29,1
2023-01-10T12:00:00,2.0,83.29,0
2023-01-10T13:00:00,3.5,77.66,0
2023-01-10T14:00:00,4.1,77.53,0
2023-01-10T15:00:00,5.6,72.02,0
2023-01-10T16:00:00,5.6,72.02,0
2023-01-10T17:00:00,4.6,74.73,0
2023-01-10T18:00:00,1.3,84.98,0
2023-01-10T19:00:00,0.9,86.04,0
2023-01-10T20:00:00,0.0,87.92,0
2023-01-10T21:00:00,-0.2,84.56,0
2023-01-10T22:00:00,-0.5,91.34,0
2023-01-10T23:00:00,-0.5,91.34,0
2023-01-11T00:00:00,0.0,87.92,0
2023-01-11T01:00:00,0.0,89.47,0
2023-01-11T02:00:00,0.0,87.92,0
2023-01-11T03:00:00,0.0,90.63,0
2023-01-11T04:00:00,0.5,89.78,0
2023-01-11T05:00:00,0.9,89.81,0
2023-01-11T06:00:00,1.4,86.87,0
2023-01-11T07:00:00,1.4,86.87,0
2023-01-11T08:00:00,1.8,87.62,0
2023-01-11T09:00:00,2.3,87.81,0
2023-01-11T10:00:00,3.3,88.23,0
2023-01-11T11:00:00,5.4,78.6,0
2023-01-11T12:00:00,8.4,71.35,0
2023-01-11T13:00:00,9.8,67.56,0
2023-01-11T14:00:00,10.0,70.13,0
2023-01-11T15:00:00,8.9,76.29,0
2023-01-11T16:00:00,9.1,76.41,0
2023-01-11T17:00:00,8.7,81.51,0
2023-01-11T18:00:00,8.3,86.24,0
2023-01-11T19:00:00,7.7,89.75,0
2023-01-11T20:00:00,7.7,90.84,0
2023-01-11T21:00:00,7.7,93.79,0
2023-01-11T22:00:00,7.2,97.21,0
2023-01-11T23:00:00,7.7,93.79,0
2023-01-12T00:00:00,7.7,96.48,0
2023-01-12T01:00:00,7.7,96.48,0
2023-01-12T02:00:00,7.7,93.79,0
2023-01-12T03:00:00,7.2,97.21,0
2023-01-12T04:00:00,7.2,94.16,0
2023-01-12T05:00:00,6.8,94.14,0
2023-01-12T06:00:00,6.6,96.85,0
2023-01-12T07:00:00,7.0,94.15,0
2023-01-12T08:00:00,7.0,94.15,0
2023-01-12T09:00:00,7.0,94.15,0
2023-01-12T10:00:00,7.0,94.15,0
2023-01-12T11:00:00,7.0,94.15,0
2023-01-12T12:00:00,7.0,91.51,0
2023-01-12T13:00:00,6.8,91.5,1
2023-01-12T14:00:00,5.5,87.97,0
2023-01-12T15:00:00,5.4,82.97,0
2023-01-12T16:00:00,4.1,87.2,1
2023-01-12T17:00:00,3.5,87.15,0
2023-01-12T18:00:00,3.1,86.78,0
2023-01-12T19:00:00,2.7,82.33,0
2023-01-12T20:00:00,2.7,82.33,0
2023-01-12T21:00:00,2.7,76.89,0
2023-01-12T22:00:00,2.7,76.89,0
2023-01-12T23:00:00,2.7,73.65,0
2023-01-13T00:00:00,2.7,73.65,0
2023-01-13T01:00:00,2.7,71.45,0
2023-01-13T02:00:00,2.0,75.1,0
2023-01-13T03:00:00,2.0,71.31,0
2023-01-13T04:00:00,1.6,71.23,0
2023-01-13T05:00:00,1.6,71.23,0
2023-01-13T06:00:00,1.6,68.81,0
2023-01-13T07:00:00,0.9,73.61,0
2023-01-13T08:00:00,0.5,71.02,0
2023-01-13T09:00:00,0.5,71.02,0
2023-01-13T10:00:00,0.5,73.25,0
2023-01-13T11:00:00,0.0,72.92,0
2023-01-13T12:00:00,-0.5,79.17,0
2023-01-13T13:00:00,-0.5,78.14,0
2023-01-13T14:00:00,-0.5,71.74,0
2023-01-13T15:00:00,-0.5,72.7,0
2023-01-13T16:00:00,0.0,68.13,0
2023-01-13T17:00:00,0.0,70.91,0
2023-01-13T18:00:00,0.0,70.91,0
2023-01-13T19:00:00,0.0,69.98,0
2023-01-13T20:00:00,-0.2,67.21,0
2023-01-13T21:00:00,-0.2,63.13,0
2023-01-13T22:00:00,-0.7,61.85,0
2023-01-13T23:00:00,-0.7,59.39,0
2023-01-14T00:00:00,-1.1,61.21,0
2023-01-14T01:00:00,-1.3,62.0,0
2023-01-14T02:00:00,-1.7,63.91,0
2023-01-14T03:00:00,-2.1,63.81,0
2023-01-14T04:00:00,-2.3,63.77,0
2023-01-14T05:00:00,-3.0,65.67,0
2023-01-14T06:00:00,-3.4,69.26,0
2023-01-14T07:00:00,-3.4,66.8,0
2023-01-14T08:00:00,-4.5,72.28,0
2023-01-14T09:00:00,-4.5,74.94,0
2023-01-14T10:00:00,-3.4,66.8,0
2023-01-14T11:00:00,-2.8,66.3,0
2023-01-14T12:00:00,-1.7,61.9,0
2023-01-14T13:00:00,-0.7,59.39,0
2023-01-14T14:00:00,0.5,54.25,0
2023-01-14T15:00:00,1.4,53.04,0
2023-01-14T16:00:00,1.4,53.04,0
2023-01-14T17:00:00,0.9,52.67,0
2023-01-14T18:00:00,-0.7,61.85,0
2023-01-14T19:00:00,-2.8,70.33,0
2023-01-14T20:00:00,-3.7,74.07,0
2023-01-14T21:00:00,-4.5,81.68,0
2023-01-14T22:00:00,-4.5,78.43,0
2023-01-14T23:00:00,-5.0,81.73,0
2023-01-15T00:00:00,-5.9,85.0,0
2023-01-15T01:00:00,-5.0,81.73,0
2023-01-15T02:00:00,-6.4,87.72,0
2023-01-15T03:00:00,-5.8,86.7,0
2023-01-15T04:00:00,-6.5,85.76,0
2023-01-15T05:00:00,-6.5,83.04,0
2023-01-15T06:00:00,-6.3,90.14,0
2023-01-15T07:00:00,-6.1,86.15,0
2023-01-15T08:00:00,-5.2,86.25,0
2023-01-15T09:00:00,-4.1,86.64,0
2023-01-15T10:00:00,-2.6,81.6,0
2023-01-15T11:00:00,-0.5,78.14,0
2023-01-15T12:00:00,0.9,71.1,0
2023-01-15T13:00:00,2.5,63.52,0
2023-01-15T14:00:00,3.5,59.18,0
2023-01-15T15:00:00,4.1,56.79,0
2023-01-15T16:00:00,3.7,56.68,0
2023-01-15T17:00:00,2.7,60.83,0
2023-01-15T18:00:00,1.1,67.19,0
2023-01-15T19:00:00,0.0,71.96,0
2023-01-15T20:00:00,0.0,66.36,0
2023-01-15T21:00:00,0.0,66.36,0
2023-01-15T22:00:00,0.0,63.46,0
2023-01-15T23:00:00,-0.5,68.94,0
2023-01-16T00:00:00,-0.5,69.87,0
2023-01-16T01:00:00,-0.9,69.78,0
2023-01-16T02:00:00,-0.5,69.87,0
2023-01-16T03:00:00,-0.5,68.94,0
2023-01-16T04:00:00,-0.5,68.94,0
2023-01-16T05:00:00,-1.5,71.89,0
2023-01-16T06:00:00,-1.5,74.18,0
2023-01-16T07:00:00,-1.5,71.89,0
2023-01-16T08:00:00,-1.1,69.75,0
2023-01-16T09:00:00,0.0,66.36,0
2023-01-16T10:00:00,1.4,62.32,0
2023-01-16T11:00:00,2.5,61.59,0
2023-01-16T12:00:00,3.5,57.38,0
2023-01-16T13:00:00,4.6,54.74,0
2023-01-16T14:00:00,3.5,71.61,0
2023-01-16T15:00:00,3.1,79.96,1
2023-01-16T16:00:00,2.7,89.35,1
2023-01-16T17:00:00,3.1,90.85,1
2023-01-16T18:00:00,3.5,94.34,1
2023-01-16T19:00:00,4.6,89.84,1
2023-01-16T20:00:00,4.6,93.64,0
2023-01-16T21:00:00,5.4,92.8,0
2023-01-16T22:00:00,5.9,93.56,0
2023-01-16T23:00:00,6.4,96.85,0
2023-01-17T00:00:00,7.0,97.21,1
2023-01-17T01:00:00,8.1,93.81,1
2023-01-17T02:00:00,9.5,91.29,1
2023-01-17T03:00:00,9.5,93.87,1
2023-01-17T04:00:00,9.8,91.31,1
2023-01-17T05:00:00,7.9,93.8,0
2023-01-17T06:00:00,7.7,88.29,0
2023-01-17T07:00:00,7.7,77.7,0
2023-01-17T08:00:00,6.1,83.07,0
2023-01-17T09:00:00,6.6,81.81,0
2023-01-17T10:00:00,7.5,76.72,0
2023-01-17T11:00:00,7.0,77.25,0
2023-01-17T12:00:00,5.5,79.96,0
2023-01-17T13:00:00,5.0,83.05,0
2023-01-17T14:00:00,5.0,86.21,0
2023-01-17T15:00:00,5.0,83.05,0
2023-01-17T16:00:00,4.8,83.03,0
2023-01-17T17:00:00,4.8,80.63,0
2023-01-17T18:00:00,4.1,84.67,0
2023-01-17T19:00:00,4.1,80.88,0
2023-01-17T20:00:00,3.7,80.82,0
2023-01-17T21:00:00,3.7,80.82,0
2023-01-17T22:00:00,3.7,80.82,0
2023-01-17T23:00:00,3.7,80.82,0
2023-01-18T00:00:00,3.3,83.21,0
2023-01-18T01:00:00,3.3,79.98,0
2023-01-18T02:00:00,3.1,81.02,0
2023-01-18T03:00:00,2.7,82.33,0
2023-01-18T04:00:00,2.7,79.24,0
2023-01-18T05:00:00,2.7,82.33,0
2023-01-18T06:00:00,2.7,82.33,0
2023-01-18T07:00:00,2.7,79.24,0
2023-01-18T08:00:00,2.2,82.26,0
2023-01-18T09:00:00,2.7,79.24,0
2023-01-18T10:00:00,2.9,75.94,0
2023-01-18T11:00:00,3.3,73.76,0
2023-01-18T12:00:00,3.7,71.65,0
2023-01-18T13:00:00,3.9,70.77,0
2023-01-18T14:00:00,3.7,73.84,0
2023-01-18T15:00:00,3.7,71.65,0
2023-01-18T16:00:00,3.9,72.93,0
2023-01-18T17:00:00,3.3,78.97,0
2023-01-18T18:00:00,2.9,81.31,0
2023-01-18T19:00:00,2.7,82.33,0
2023-01-18T20:00:00,2.7,86.74,0
2023-01-18T21:00:00,2.7,86.74,1
2023-01-18T22:00:00,2.7,89.35,1
2023-01-18T23:00:00,2.7,89.35,1
2023-01-19T00:00:00,2.7,89.35,1
2023-01-19T01:00:00,2.7,93.54,1
2023-01-19T02:00:00,3.1,90.85,1
2023-01-19T03:00:00,3.1,93.56,1
2023-01-19T04:00:00,3.5,94.34,1
2023-01-19T05:00:00,4.1,94.36,1
2023-01-19T06:00:00,4.3,94.79,0
2023-01-19T07:00:00,4.6,93.64,1
2023-01-19T08:00:00,4.6,96.39,0
2023-01-19T09:00:00,6.6,91.48,0
2023-01-19T10:00:00,7.5,88.28,0
2023-01-19T11:00:00,7.7,87.23,0
2023-01-19T12:00:00,8.1,87.27,0
2023-01-19T13:00:00,8.9,85.21,0
2023-01-19T14:00:00,10.6,76.24,0
2023-01-19T15:00:00,10.4,72.91,0
2023-01-19T16:00:00,7.9,86.56,1
2023-01-19T17:00:00,6.5,78.47,1
2023-01-19T18:00:00,4.1,80.88,0
2023-01-19T19:00:00,3.7,81.85,0
2023-01-19T20:00:00,3.1,85.31,0
2023-01-19T21:00:00,2.7,83.38,0
2023-01-19T22:00:00,2.2,83.31,0
2023-01-19T23:00:00,1.6,86.88,0
2023-01-20T00:00:00,1.6,83.24,0
2023-01-20T01:00:00,0.9,87.15,0
2023-01-20T02:00:00,0.9,84.56,0
2023-01-20T03:00:00,0.9,84.56,0
2023-01-20T04:00:00,0.9,84.56,0
2023-01-20T05:00:00,0.9,84.56,0
2023-01-20T06:00:00,1.1,83.5,0
2023-01-20T07:00:00,0.9,84.56,0
2023-01-20T08:00:00,0.5,84.51,0
2023-01-20T09:00:00,0.5,87.11,0
2023-01-20T10:00:00,0.5,89.78,0
2023-01-20T11:00:00,0.5,89.78,0
2023-01-20T12:00:00,1.1,86.06,0
2023-01-20T13:00:00,1.1,86.06,0
2023-01-20T14:00:00,1.8,79.76,0
2023-01-20T15:00:00,1.3,82.45,0
2023-01-20T16:00:00,1.1,83.5,0
2023-01-20T17:00:00,0.5,84.51,0
2023-01-20T18:00:00,0.5,83.43,0
2023-01-20T19:00:00,0.5,80.25,0
2023-01-20T20:00:00,0.5,80.25,0
2023-01-20T21:00:00,0.0,78.23,0
2023-01-20T22:00:00,0.0,79.93,0
2023-01-20T23:00:00,0.0,77.21,0
2023-01-21T00:00:00,-0.5,83.04,0
2023-01-21T01:00:00,-0.7,84.11,0
2023-01-21T02:00:00,-0.5,83.04,0
2023-01-21T03:00:00,-0.7,84.11,0
2023-01-21T04:00:00,-0.7,84.11,0
2023-01-21T05:00:00,-0.7,84.11,0
2023-01-21T06:00:00,-0.7,86.72,0
2023-01-21T07:00:00,-0.5,80.21,0
2023-01-21T08:00:00,-0.7,81.25,0
2023-01-21T09:00:00,-0.7,81.25,0
2023-01-21T10:00:00,-0.5,77.78,0
2023-01-21T11:00:00,-0.5,77.78,0
2023-01-21T12:00:00,-0.5,73.67,0
2023-01-21T13:00:00,0.0,70.91,0
2023-01-21T14:00:00,0.0,76.2,0
2023-01-21T15:00:00,0.0,76.2,0
2023-01-21T16:00:00,0.0,76.2,0
2023-01-21T17:00:00,0.0,76.03,0
2023-01-21T18:00:00,0.0,76.2,0
2023-01-21T19:00:00,0.0,77.21,0
2023-01-21T20:00:00,0.0,77.21,0
2023-01-21T21:00:00,-0.5,77.78,0
2023-01-21T22:00:00,-0.5,79.17,0
2023-01-21T23:00:00,-0.5,79.17,0
2023-01-22T00:00:00,-0.5,79.17,0
2023-01-22T01:00:00,-0.5,79.17,0
2023-01-22T02:00:00,-1.1,82.64,0
2023-01-22T03:00:00,-0.7,83.02,0
2023-01-22T04:00:00,-0.7,84.11,0
2023-01-22T05:00:00,-0.7,84.11,0
2023-01-22T06:00:00,-1.1,89.37,1
2023-01-22T07:00:00,-1.1,92.65,1
2023-01-22T08:00:00,-1.1,90.54,1
2023-01-22T09:00:00,-1.1,90.54,1
2023-01-22T10:00:00,-1.1,94.12,1
2023-01-22T11:00:00,-0.7,91.33,1
2023-01-22T12:00:00,-0.3,88.78,1
2023-01-22T13:00:00,0.0,86.79,0
2023-01-22T14:00:00,0.5,83.43,0
2023-01-22T15:00:00,0.5,86.0,0
2023-01-22T16:00:00,0.5,86.0,0
2023-01-22T17:00:00,0.5,86.0,0
2023-01-22T18:00:00,0.0,92.21,1
2023-01-22T19:00:00,0.0,92.21,1
2023-01-22T20:00:00,-0.5,94.15,1
2023-01-22T21:00:00,-0.5,94.15,1
2023-01-22T22:00:00,-0.5,94.15,0
2023-01-22T23:00:00,-0.7,94.14,1
2023-01-23T00:00:00,-0.7,91.33,1
2023-01-23T01:00:00,-1.1,94.12,0
2023-01-23T02:00:00,-1.1,94.12,1
2023-01-23T03:00:00,-1.1,89.37,0
2023-01-23T04:00:00,-1.1,89.37,0
2023-01-23T05:00:00,-1.1,94.12,0
2023-01-23T06:00:00,-0.9,92.92,0
2023-01-23T07:00:00,-0.5,90.17,0
2023-01-23T08:00:00,-0.5,89.01,0
2023-01-23T09:00:00,-0.5,90.17,1
2023-01-23T10:00:00,-0.5,86.74,0
2023-01-23T11:00:00,-1.1,83.73,0
2023-01-23T12:00:00,-1.5,86.3,0
2023-01-23T13:00:00,-1.3,83.71,0
2023-01-23T14:00:00,-1.5,82.59,0
2023-01-23T15:00:00,-1.9,81.7,0
2023-01-23T16:00:00,-1.7,78.19,0
2023-01-23T17:00:00,-1.7,75.14,0
2023-01-23T18:00:00,-1.7,79.23,0
2023-01-23T19:00:00,-1.1,75.89,0
2023-01-23T20:00:00,-1.5,79.26,0
2023-01-23T21:00:00,-1.1,80.13,0
2023-01-23T22:00:00,-1.5,79.26,0
2023-01-23T23:00:00,-1.9,81.7,0
2023-01-24T00:00:00,-3.1,85.27,0
2023-01-24T01:00:00,-2.6,86.04,0
2023-01-24T02:00:00,-1.7,83.66,0
2023-01-24T03:00:00,-1.9,86.26,0
2023-01-24T04:00:00,-0.5,83.04,0
2023-01-24T05:00:00,-0.7,84.11,0
2023-01-24T06:00:00,-1.1,86.68,0
2023-01-24T07:00:00,-1.1,89.37,0
2023-01-24T08:00:00,-1.1,86.68,0
2023-01-24T09:00:00,-1.1,89.37,0
2023-01-24T10:00:00,-0.5,89.01,0
2023-01-24T11:00:00,0.0,85.68,0
2023-01-24T12:00:00,0.0,85.68,0
2023-01-24T13:00:00,0.5,82.35,0
2023-01-24T14:00:00,0.9,80.98,0
2023-01-24T15:00:00,0.9,80.98,0
2023-01-24T16:00:00,0.9,83.48,0
2023-01-24T17:00:00,0.9,83.48,0
2023-01-24T18:00:00,0.5,86.0,0
2023-01-24T19:00:00,0.5,86.0,0
2023-01-24T20:00:00,0.5,86.0,0
2023-01-24T21:00:00,0.5,86.0,0
2023-01-24T22:00:00,0.0,89.47,0
2023-01-24T23:00:00,0.5,86.0,0
2023-01-25T00:00:00,0.5,86.0,0
2023-01-25T01:00:00,0.5,86.0,0
2023-01-25T02:00:00,0.5,87.59,0
2023-01-25T03:00:00,0.5,87.11,0
2023-01-25T04:00:00,0.5,87.11,0
2023-01-25T05:00:00,0.5,87.11,0
2023-01-25T06:00:00,0.0,93.4,0
2023-01-25T07:00:00,0.0,93.4,1
2023-01-25T08:00:00,0.0,93.4,1
2023-01-25T09:00:00,0.0,93.4,1
2023-01-25T10:00:00,0.5,92.52,1
2023-01-25T11:00:00,0.5,92.52,1
2023-01-25T12:00:00,0.5,92.52,1
2023-01-25T13:00:00,0.5,92.52,1
2023-01-25T14:00:00,0.9,89.81,1
2023-01-25T15:00:00,0.5,92.52,1
2023-01-25T16:00:00,0.5,92.52,1
2023-01-25T17:00:00,0.5,92.52,0
2023-01-25T18:00:00,0.5,89.78,0
2023-01-25T19:00:00,0.5,87.11,0
2023-01-25T20:00:00,0.5,87.11,0
2023-01-25T21:00:00,0.0,90.63,0
2023-01-25T22:00:00,0.0,90.63,0
2023-01-25T23:00:00,0.0,89.47,0
2023-01-26T00:00:00,-0.5,90.17,0
2023-01-26T01:00:00,0.0,89.47,0
2023-01-26T02:00:00,0.5,88.63,0
2023-01-26T03:00:00,0.5,88.63,0
2023-01-26T04:00:00,0.5,89.78,0
2023-01-26T05:00:00,0.5,89.78,0
2023-01-26T06:00:00,0.0,90.63,0
2023-01-26T07:00:00,0.0,90.63,1
2023-01-26T08:00:00,-0.5,91.34,0
2023-01-26T09:00:00,-0.5,91.34,0
2023-01-26T10:00:00,-0.5,86.74,0
2023-01-26T11:00:00,-1.8,86.28,0
2023-01-26T12:00:00,-1.9,82.79,1
2023-01-26T13:00:00,-2.9,81.84,0
2023-01-26T14:00:00,-3.1,81.55,0
2023-01-26T15:00:00,-3.1,77.97,0
2023-01-26T16:00:00,-4.1,78.49,0
2023-01-26T17:00:00,-4.8,81.76,0
2023-01-26T18:00:00,-5.0,79.17,0
2023-01-26T19:00:00,-5.5,82.38,0
2023-01-26T20:00:00,-5.0,82.04,0
2023-01-26T21:00:00,-5.0,81.73,0
2023-01-26T22:00:00,-5.2,80.22,0
2023-01-26T23:00:00,-5.7,82.96,0
2023-01-27T00:00:00,-5.7,82.36,0
2023-01-27T01:00:00,-6.1,81.97,0
2023-01-27T02:00:00,-6.1,79.37,0
2023-01-27T03:00:00,-6.5,78.47,0
2023-01-27T04:00:00,-6.5,81.91,0
2023-01-27T05:00:00,-6.5,75.29,0
2023-01-27T06:00:00,-9.1,74.07,0
2023-01-27T07:00:00,-12.1,79.07,0
2023-01-27T08:00:00,-11.5,81.2,0
2023-01-27T09:00:00,-10.8,84.42,0
2023-01-27T10:00:00,-6.5,76.33,0
2023-01-27T11:00:00,-4.8,70.99,0
2023-01-27T12:00:00,-3.7,68.26,0
2023-01-27T13:00:00,-2.1,62.95,0
2023-01-27T14:00:00,-1.1,66.68,0
2023-01-27T15:00:00,0.0,69.06,0
2023-01-27T16:00:00,0.0,88.32,1
2023-01-27T17:00:00,0.9,83.48,0
2023-01-27T18:00:00,0.9,89.81,1
2023-01-27T19:00:00,1.6,85.78,1
2023-01-27T20:00:00,2.5,77.86,1
2023-01-27T21:00:00,2.7,76.89,0
2023-01-27T22:00:00,2.7,76.89,0
2023-01-27T23:00:00,2.2,76.45,0
2023-01-28T00:00:00,0.9,79.94,0
2023-01-28T01:00:00,-0.2,77.18,0
2023-01-28T02:00:00,-1.5,77.19,0
2023-01-28T03:00:00,-2.3,78.47,0
2023-01-28T04:00:00,-3.7,79.61,0
2023-01-28T05:00:00,-4.3,77.4,0
2023-01-28T06:00:00,-4.1,76.04,0
2023-01-28T07:00:00,-4.5,78.43,0
2023-01-28T08:00:00,-5.5,85.05,0
2023-01-28T09:00:00,-4.8,83.99,0
2023-01-28T10:00:00,-3.2,80.44,0
2023-01-28T11:00:00,-2.1,74.07,0
2023-01-28T12:00:00,-1.7,71.85,0
2023-01-28T13:00:00,-1.3,69.71,0
2023-01-28T14:00:00,-0.7,68.91,0
2023-01-28T15:00:00,0.0,66.36,0
2023-01-28T16:00:00,0.5,66.38,0
2023-01-28T17:00:00,0.0,74.23,0
2023-01-28T18:00:00,-0.7,78.11,0
2023-01-28T19:00:00,-1.3,79.05,0
2023-01-28T20:00:00,-1.3,79.05,0
2023-01-28T21:00:00,-2.1,81.68,0
2023-01-28T22:00:00,-1.7,82.56,0
2023-01-28T23:00:00,-1.3,83.71,0
2023-01-29T00:00:00,-0.9,84.09,0
2023-01-29T01:00:00,-0.2,85.66,0
2023-01-29T02:00:00,2.2,86.69,1
2023-01-29T03:00:00,2.3,89.32,1
2023-01-29T04:00:00,2.3,93.52,1
2023-01-29T05:00:00,2.7,93.54,0
2023-01-29T06:00:00,2.7,93.54,1
2023-01-29T07:00:00,2.9,96.34,1
2023-01-29T08:00:00,3.3,93.57,1
2023-01-29T09:00:00,2.5,96.33,1
2023-01-29T10:00:00,1.8,91.16,0
2023-01-29T11:00:00,0.5,92.52,0
2023-01-29T12:00:00,0.0,88.32,0
2023-01-29T13:00:00,-0.7,86.72,0
2023-01-29T14:00:00,-0.2,79.9,0
2023-01-29T15:00:00,-0.7,83.02,0
2023-01-29T16:00:00,-0.7,80.19,0
2023-01-29T17:00:00,-1.1,79.08,0
2023-01-29T18:00:00,-1.1,75.89,0
2023-01-29T19:00:00,-1.5,78.22,0
2023-01-29T20:00:00,-1.5,78.22,0
2023-01-29T21:00:00,-1.5,79.26,0
2023-01-29T22:00:00,-1.3,77.89,0
2023-01-29T23:00:00,-1.3,76.87,0
2023-01-30T00:00:00,-1.3,76.87,0
2023-01-30T01:00:00,-1.7,79.23,0
2023-01-30T02:00:00,-1.7,82.56,0
2023-01-30T03:00:00,-1.7,82.57,0
2023-01-30T04:00:00,-2.3,83.84,0
2023-01-30T05:00:00,-2.3,87.36,0
2023-01-30T06:00:00,-2.3,82.74,0
2023-01-30T07:00:00,-2.3,81.65,0
2023-01-30T08:00:00,-2.8,81.58,0
2023-01-30T09:00:00,-2.8,79.06,0
2023-01-30T10:00:00,-2.8,79.06,0
2023-01-30T11:00:00,-3.1,77.97,0
2023-01-30T12:00:00,-3.2,74.5,0
2023-01-30T13:00:00,-3.2,76.9,0
2023-01-30T14:00:00,-3.9,75.05,0
2023-01-30T15:00:00,-3.9,71.71,0
2023-01-30T16:00:00,-4.5,69.99,0
2023-01-30T17:00:00,-5.0,71.94,0
2023-01-30T18:00:00,-5.7,71.68,0
2023-01-30T19:00:00,-6.1,70.96,0
2023-01-30T20:00:00,-6.7,69.51,0
2023-01-30T21:00:00,-7.1,78.76,0
2023-01-30T22:00:00,-7.8,73.64,0
2023-01-30T23:00:00,-8.2,69.52,0
2023-01-31T00:00:00,-8.9,65.81,0
2023-01-31T01:00:00,-9.3,67.0,0
2023-01-31T02:00:00,-10.0,64.93,0
2023-01-31T03:00:00,-10.0,66.83,0
2023-01-31T04:00:00,-9.6,64.9,0
2023-01-31T05:00:00,-9.6,65.85,0
2023-01-31T06:00:00,-10.2,66.79,0
2023-01-31T07:00:00,-12.5,83.71,0
2023-01-31T08:00:00,-11.8,82.75,0
2023-01-31T09:00:00,-11.4,82.81,0
2023-01-31T10:00:00,-8.4,71.48,0
2023-01-31T11:00:00,-8.7,70.71,0
2023-01-31T12:00:00,-8.2,64.75,0
2023-01-31T13:00:00,-7.6,61.87,0
2023-01-31T14:00:00,-7.6,61.87,0
2023-01-31T15:00:00,-6.7,57.56,0
2023-01-31T16:00:00,-6.7,55.65,0
2023-01-31T17:00:00,-7.1,57.44,0
2023-01-31T18:00:00,-7.3,59.36,0
2023-01-31T19:00:00,-8.0,59.73,0
2023-01-31T20:00:00,-9.1,64.83,0
2023-01-31T21:00:00,-9.6,67.88,0
2023-01-31T22:00:00,-9.6,67.88,0
2023-01-31T23:00:00,-10.7,70.64,0
2023-02-01T00:00:00,-12.1,74.62,0
2023-02-01T01:00:00,-11.5,70.84,0
2023-02-01T02:00:00,-12.8,65.82,0
2023-02-01T03:00:00,-13.7,64.46,0
2023-02-01T04:00:00,-14.1,66.61,0
2023-02-01T05:00:00,-14.3,66.63,0
2023-02-01T06:00:00,-14.8,69.68,0
2023-02-01T07:00:00,-15.0,67.64,0
2023-02-01T08:00:00,-15.0,70.7,0
2023-02-01T09:00:00,-13.2,63.34,0
2023-02-01T10:00:00,-11.9,61.65,0
2023-02-01T11:00:00,-9.7,54.29,0
2023-02-01T12:00:00,-8.1,53.09,0
2023-02-01T13:00:00,-6.5,48.85,0
2023-02-01T14:00:00,-5.9,51.01,0
2023-02-01T15:00:00,-5.0,48.2,0
2023-02-01T16:00:00,-4.3,43.01,0
2023-02-01T17:00:00,-4.3,50.7,0
2023-02-01T18:00:00,-6.4,60.32,0
2023-02-01T19:00:00,-6.9,65.65,0
2023-02-01T20:00:00,-6.7,66.64,0
2023-02-01T21:00:00,-6.1,64.61,0
2023-02-01T22:00:00,-6.5,67.63,0
2023-02-01T23:00:00,-6.9,67.53,0
2023-02-02T00:00:00,-6.8,68.86,0
2023-02-02T01:00:00,-7.5,69.34,0
2023-02-02T02:00:00,-6.9,67.53,0
2023-02-02T03:00:00,-8.5,73.14,0
2023-02-02T04:00:00,-7.9,69.6,0
2023-02-02T05:00:00,-8.3,69.79,0
2023-02-02T06:00:00,-8.5,70.75,0
2023-02-02T07:00:00,-9.5,76.26,0
2023-02-02T08:00:00,-8.1,73.59,0
2023-02-02T09:00:00,-6.5,69.89,0
2023-02-02T10:00:00,-4.3,61.75,0
2023-02-02T11:00:00,-2.6,61.41,0
2023-02-02T12:00:00,-0.7,53.99,0
2023-02-02T13:00:00,0.5,54.25,0
2023-02-02T14:00:00,1.6,54.8,0
2023-02-02T15:00:00,2.5,51.26,0
2023-02-02T16:00:00,2.5,53.61,0
2023-02-02T17:00:00,2.0,59.76,0
2023-02-02T18:00:00,0.9,64.43,0
2023-02-02T19:00:00,0.5,63.79,0
2023-02-02T20:00:00,-0.7,64.7,0
2023-02-02T21:00:00,-1.3,57.93,0
2023-02-02T22:00:00,-3.4,62.93,0
2023-02-02T23:00:00,-4.3,59.47,0
2023-02-03T00:00:00,-4.5,56.7,0
2023-02-03T01:00:00,-5.0,58.26,0
2023-02-03T02:00:00,-6.1,61.64,0
2023-02-03T03:00:00,-6.7,64.47,0
2023-02-03T04:00:00,-7.6,61.56,0
2023-02-03T05:00:00,-8.2,60.73,0
2023-02-03T06:00:00,-8.9,76.23,0
2023-02-03T07:00:00,-9.1,70.64,0
2023-02-03T08:00:00,-9.5,64.01,0
2023-02-03T09:00:00,-9.6,66.91,0
2023-02-03T10:00:00,-9.1,61.09,0
2023-02-03T11:00:00,-9.1,57.35,0
2023-02-03T12:00:00,-8.2,58.12,0
2023-02-03T13:00:00,-8.2,58.16,0
2023-02-03T14:00:00,-8.2,62.92,0
2023-02-03T15:00:00,-7.8,56.33,0
2023-02-03T16:00:00,-7.8,53.94,0
2023-02-03T17:00:00,-8.2,55.69,0
2023-02-03T18:00:00,-8.9,58.54,0
2023-02-03T19:00:00,-8.9,58.54,0
2023-02-03T20:00:00,-9.6,69.21,0
2023-02-03T21:00:00,-11.3,77.42,0
2023-02-03T22:00:00,-10.9,80.48,0
2023-02-03T23:00:00,-9.6,72.92,0
2023-02-04T00:00:00,-9.5,74.0,0
2023-02-04T01:00:00,-10.0,77.26,0
2023-02-04T02:00:00,-10.5,77.55,0
2023-02-04T03:00:00,-9.5,74.0,0
2023-02-04T04:00:00,-10.0,72.97,0
2023-02-04T05:00:00,-10.0,74.4,0
2023-02-04T06:00:00,-8.9,74.12,0
2023-02-04T07:00:00,-8.7,70.71,0
2023-02-04T08:00:00,-8.9,71.69,0
2023-02-04T09:00:00,-7.8,68.29,0
2023-02-04T10:00:00,-6.1,62.51,0
2023-02-04T11:00:00,-3.9,57.14,0
2023-02-04T12:00:00,-1.3,50.85,0
2023-02-04T13:00:00,0.5,48.65,0
2023-02-04T14:00:00,1.1,55.15,0
2023-02-04T15:00:00,2.0,54.18,0
2023-02-04T16:00:00,3.1,55.22,0
2023-02-04T17:00:00,3.3,57.59,0
2023-02-04T18:00:00,2.2,64.27,0
2023-02-04T19:00:00,1.8,64.18,0
2023-02-04T20:00:00,2.7,60.83,0
2023-02-04T21:00:00,2.9,61.96,0
2023-02-04T22:00:00,3.3,60.18,0
2023-02-04T23:00:00,2.9,61.96,0
2023-02-05T00:00:00,2.9,59.29,0
2023-02-05T01:00:00,2.4,61.54,0
2023-02-05T02:00:00,2.4,61.54,0
2023-02-05T03:00:00,2.9,61.96,0
2023-02-05T04:00:00,2.4,62.36,0
2023-02-05T05:00:00,2.2,65.12,0
2023-02-05T06:00:00,1.8,67.07,0
2023-02-05T07:00:00,2.7,67.85,0
2023-02-05T08:00:00,2.7,67.85,0
2023-02-05T09:00:00,2.7,71.45,0
2023-02-05T10:00:00,3.3,68.54,0
2023-02-05T11:00:00,4.5,65.05,0
2023-02-05T12:00:00,5.0,65.47,0
2023-02-05T13:00:00,5.9,65.58,0
2023-02-05T14:00:00,6.1,64.79,0
2023-02-05T15:00:00,7.2,67.64,0
2023-02-05T16:00:00,6.6,68.11,0
2023-02-05T17:00:00,7.7,61.27,0
2023-02-05T18:00:00,5.9,66.42,0
2023-02-05T19:00:00,5.4,68.31,0
2023-02-05T20:00:00,4.6,69.14,0
2023-02-05T21:00:00,2.7,73.65,0
2023-02-05T22:00:00,1.6,77.35,0
2023-02-05T23:00:00,0.9,80.98,0
2023-02-06T00:00:00,0.0,79.93,0
2023-02-06T01:00:00,-0.5,77.78,0
2023-02-06T02:00:00,-0.5,80.21,0
2023-02-06T03:00:00,-0.5,80.21,0
2023-02-06T04:00:00,-0.5,79.17,0
2023-02-06T05:00:00,-0.7,79.14,0
2023-02-06T06:00:00,-1.1,75.89,0
2023-02-06T07:00:00,-2.8,79.06,0
2023-02-06T08:00:00,-3.2,81.52,0
2023-02-06T09:00:00,-1.7,78.19,0
2023-02-06T10:00:00,-0.7,77.75,0
2023-02-06T11:00:00,0.0,76.2,0
2023-02-06T12:00:00,0.9,73.61,0
2023-02-06T13:00:00,2.0,71.31,0
2023-02-06T14:00:00,3.1,68.5,0
2023-02-06T15:00:00,3.7,66.58,0
2023-02-06T16:00:00,4.6,62.34,0
2023-02-06T17:00:00,4.1,62.22,0
2023-02-06T18:00:00,2.7,67.85,0
2023-02-06T19:00:00,2.2,71.35,0
2023-02-06T20:00:00,2.0,71.31,0
2023-02-06T21:00:00,2.0,71.31,0
2023-02-06T22:00:00,1.6,73.45,0
2023-02-06T23:00:00,0.9,76.9,0
2023-02-07T00:00:00,0.9,76.9,0
2023-02-07T01:00:00,0.5,79.22,0
2023-02-07T02:00:00,1.4,74.38,0
2023-02-07T03:00:00,2.0,71.31,0
2023-02-07T04:00:00,2.9,70.57,0
2023-02-07T05:00:00,4.3,65.86,0
2023-02-07T06:00:00,5.9,60.48,0
2023-02-07T07:00:00,7.0,61.01,0
2023-02-07T08:00:00,7.2,67.64,0
2023-02-07T09:00:00,8.5,67.91,0
2023-02-07T10:00:00,8.9,70.87,0
2023-02-07T11:00:00,10.0,71.09,0
2023-02-07T12:00:00,12.0,69.57,0
2023-02-07T13:00:00,11.6,67.49,0
2023-02-07T14:00:00,11.4,57.4,0
2023-02-07T15:00:00,11.1,56.82,0
2023-02-07T16:00:00,10.9,56.78,0
2023-02-07T17:00:00,9.3,63.44,0
2023-02-07T18:00:00,6.6,71.31,0
2023-02-07T19:00:00,4.1,78.52,0
2023-02-07T20:00:00,2.7,79.24,0
2023-02-07T21:00:00,2.7,82.33,0
2023-02-07T22:00:00,3.1,76.96,0
2023-02-07T23:00:00,2.2,79.82,0
2023-02-08T00:00:00,0.7,84.91,0
2023-02-08T01:00:00,0.9,86.04,0
2023-02-08T02:00:00,0.0,86.79,0
2023-02-08T03:00:00,-0.5,90.17,0
2023-02-08T04:00:00,-0.9,90.56,0
2023-02-08T05:00:00,-1.4,92.13,0
2023-02-08T06:00:00,-2.1,90.12,0
2023-02-08T07:00:00,-1.7,87.42,0
2023-02-08T08:00:00,-2.1,93.29,0
2023-02-08T09:00:00,-1.1,94.12,0
2023-02-08T10:00:00,0.5,92.52,0
2023-02-08T11:00:00,2.2,82.26,0
2023-02-08T12:00:00,3.9,75.77,0
2023-02-08T13:00:00,4.5,69.99,0
2023-02-08T14:00:00,5.0,70.1,0
2023-02-08T15:00:00,5.5,70.21,0
2023-02-08T16:00:00,5.9,65.58,0
2023-02-08T17:00:00,5.9,68.23,0
2023-02-08T18:00:00,4.3,74.45,0
2023-02-08T19:00:00,4.6,72.75,0
2023-02-08T20:00:00,4.6,72.75,0
2023-02-08T21:00:00,4.6,72.75,0
2023-02-08T22:00:00,4.1,80.88,1
2023-02-08T23:00:00,3.7,88.65,1
2023-02-09T00:00:00,3.7,93.18,1
2023-02-09T01:00:00,4.1,90.52,1
2023-02-09T02:00:00,4.1,91.65,1
2023-02-09T03:00:00,4.1,94.36,1
2023-02-09T04:00:00,4.6,93.64,1
2023-02-09T05:00:00,5.2,96.26,1
2023-02-09T06:00:00,5.6,97.18,1
2023-02-09T07:00:00,6.2,96.84,1
2023-02-09T08:00:00,7.8,97.23,0
2023-02-09T09:00:00,8.6,97.24,0
2023-02-09T10:00:00,12.2,94.0,1
2023-02-09T11:00:00,13.3,71.98,1
2023-02-09T12:00:00,13.3,65.15,1
2023-02-09T13:00:00,13.1,62.81,0
2023-02-09T14:00:00,10.2,73.87,0
2023-02-09T15:00:00,8.9,83.88,0
2023-02-09T16:00:00,8.1,77.77,1
2023-02-09T17:00:00,6.6,86.31,1
2023-02-09T18:00:00,5.5,74.17,0
2023-02-09T19:00:00,4.1,79.51,0
2023-02-09T20:00:00,3.3,86.8,0
2023-02-09T21:00:00,3.1,90.85,0
2023-02-09T22:00:00,3.1,86.78,0
2023-02-09T23:00:00,2.7,89.35,0
2023-02-10T00:00:00,2.7,89.35,0
2023-02-10T01:00:00,3.1,84.24,0
2023-02-10T02:00:00,3.1,84.24,0
2023-02-10T03:00:00,3.1,84.24,0
2023-02-10T04:00:00,2.7,86.74,0
2023-02-10T05:00:00,2.7,83.38,0
2023-02-10T06:00:00,2.2,86.55,0
2023-02-10T07:00:00,2.2,86.55,0
2023-02-10T08:00:00,2.2,86.55,0
2023-02-10T09:00:00,2.2,86.55,0
2023-02-10T10:00:00,2.2,85.46,0
2023-02-10T11:00:00,2.7,82.33,0
2023-02-10T12:00:00,3.9,81.2,0
2023-02-10T13:00:00,3.7,68.63,0
2023-02-10T14:00:00,5.0,62.71,0
2023-02-10T15:00:00,5.5,55.61,0
2023-02-10T16:00:00,5.4,52.05,0
2023-02-10T17:00:00,5.2,49.76,0
2023-02-10T18:00:00,3.5,46.9,0
2023-02-10T19:00:00,2.3,46.78,0
2023-02-10T20:00:00,1.4,49.34,0
2023-02-10T21:00:00,-0.2,57.17,0
2023-02-10T22:00:00,-0.7,57.53,0
2023-02-10T23:00:00,-1.7,61.9,0
2023-02-11T00:00:00,-3.2,71.55,0
2023-02-11T01:00:00,-3.9,72.69,0
2023-02-11T02:00:00,-4.5,78.43,0
2023-02-11T03:00:00,-5.0,82.85,0
2023-02-11T04:00:00,-5.0,82.85,0
2023-02-11T05:00:00,-5.7,86.19,0
2023-02-11T06:00:00,-5.2,86.25,0
2023-02-11T07:00:00,-5.7,86.19,0
2023-02-11T08:00:00,-6.1,86.15,0
2023-02-11T09:00:00,-3.4,84.1,0
2023-02-11T10:00:00,-1.1,69.75,0
2023-02-11T11:00:00,0.0,63.46,0
2023-02-11T12:00:00,1.6,54.8,0
2023-02-11T13:00:00,2.9,56.24,0
2023-02-11T14:00:00,3.9,49.94,0
2023-02-11T15:00:00,4.4,50.61,0
2023-02-11T16:00:00,5.0,52.39,0
2023-02-11T17:00:00,5.0,47.77,0
2023-02-11T18:00:00,3.3,57.59,0
2023-02-11T19:00:00,1.3,65.48,0
2023-02-11T20:00:00,-0.1,70.41,0
2023-02-11T21:00:00,-0.9,74.92,0
2023-02-11T22:00:00,-1.4,77.22,0
2023-02-11T23:00:00,-1.4,74.21,0
2023-02-12T00:00:00,-1.8,75.48,0
2023-02-12T01:00:00,-2.7,80.89,0
2023-02-12T02:00:00,-2.9,80.49,0
2023-02-12T03:00:00,-3.3,82.21,0
2023-02-12T04:00:00,-4.5,86.73,0
2023-02-12T05:00:00,-4.1,84.35,0
2023-02-12T06:00:00,-4.7,85.15,0
2023-02-12T07:00:00,-4.7,84.01,0
2023-02-12T08:00:00,-4.8,85.13,0
2023-02-12T09:00:00,-0.7,83.02,0
2023-02-12T10:00:00,2.7,66.97,0
2023-02-12T11:00:00,5.9,50.64,0
2023-02-12T12:00:00,8.1,38.03,0
2023-02-12T13:00:00,9.1,31.91,0
2023-02-12T14:00:00,10.0,30.23,0
2023-02-12T15:00:00,10.7,29.73,0
2023-02-12T16:00:00,11.1,28.93,0
2023-02-12T17:00:00,10.5,30.08,0
2023-02-12T18:00:00,8.1,36.69,0
2023-02-12T19:00:00,4.0,54.34,0
2023-02-12T20:00:00,2.9,56.98,0
2023-02-12T21:00:00,1.7,60.46,0
2023-02-12T22:00:00,1.2,60.65,0
2023-02-12T23:00:00,0.5,63.88,0
2023-02-13T00:00:00,0.0,66.36,0
2023-02-13T01:00:00,0.3,64.7,0
2023-02-13T02:00:00,1.8,58.4,0
2023-02-13T03:00:00,2.2,59.01,0
2023-02-13T04:00:00,0.9,64.72,0
2023-02-13T05:00:00,1.3,65.48,0
2023-02-13T06:00:00,2.2,59.8,0
2023-02-13T07:00:00,2.2,62.32,0
2023-02-13T08:00:00,1.8,64.18,0
2023-02-13T09:00:00,3.5,57.38,0
2023-02-13T10:00:00,5.0,56.03,0
2023-02-13T11:00:00,7.2,51.64,0
2023-02-13T12:00:00,8.9,48.04,0
2023-02-13T13:00:00,10.5,42.43,0
2023-02-13T14:00:00,10.9,36.09,0
2023-02-13T15:00:00,10.9,32.28,0
2023-02-13T16:00:00,10.5,34.52,0
2023-02-13T17:00:00,10.2,35.34,0
2023-02-13T18:00:00,7.9,41.66,0
2023-02-13T19:00:00,6.1,46.76,0
2023-02-13T20:00:00,5.0,48.34,0
2023-02-13T21:00:00,2.7,56.86,0
2023-02-13T22:00:00,0.0,74.87,0
2023-02-13T23:00:00,-0.7,74.62,0
2023-02-14T00:00:00,0.2,70.1,0
2023-02-14T01:00:00,-0.8,78.33,0
2023-02-14T02:00:00,-2.6,82.7,0
2023-02-14T03:00:00,-2.6,82.7,0
2023-02-14T04:00:00,-2.8,82.67,0
2023-02-14T05:00:00,-1.9,77.49,0
2023-02-14T06:00:00,-1.9,80.63,0
2023-02-14T07:00:00,-1.1,76.9,0
2023-02-14T08:00:00,-0.7,76.73,0
2023-02-14T09:00:00,1.6,73.45,0
2023-02-14T10:00:00,3.5,68.59,0
2023-02-14T11:00:00,6.8,56.93,0
2023-02-14T12:00:00,9.1,50.87,0
2023-02-14T13:00:00,10.5,46.24,0
2023-02-14T14:00:00,11.4,47.16,0
2023-02-14T15:00:00,12.0,47.32,0
2023-02-14T16:00:00,11.6,51.78,0
2023-02-14T17:00:00,10.7,61.14,0
2023-02-14T18:00:00,10.0,64.96,0
2023-02-14T19:00:00,10.0,63.1,0
2023-02-14T20:00:00,10.5,60.83,0
2023-02-14T21:00:00,10.5,60.83,0
2023-02-14T22:00:00,10.8,70.08,1
2023-02-14T23:00:00,10.9,69.27,0
2023-02-15T00:00:00,10.2,72.98,1
2023-02-15T01:00:00,10.5,72.06,0
2023-02-15T02:00:00,11.1,71.3,1
2023-02-15T03:00:00,11.1,71.3,0
2023-02-15T04:00:00,11.6,72.26,0
2023-02-15T05:00:00,11.1,74.51,0
2023-02-15T06:00:00,11.3,76.68,0
2023-02-15T07:00:00,11.6,75.23,0
2023-02-15T08:00:00,12.2,71.51,0
2023-02-15T09:00:00,12.2,68.68,0
2023-02-15T10:00:00,12.0,65.4,0
2023-02-15T11:00:00,13.1,57.83,0
2023-02-15T12:00:00,12.2,61.49,0
2023-02-15T13:00:00,13.5,56.29,0
2023-02-15T14:00:00,14.5,56.09,0
2023-02-15T15:00:00,13.9,52.19,0
2023-02-15T16:00:00,13.3,56.25,0
2023-02-15T17:00:00,12.9,56.26,0
2023-02-15T18:00:00,9.7,66.09,0
2023-02-15T19:00:00,7.5,71.49,0
2023-02-15T20:00:00,6.4,74.33,0
2023-02-15T21:00:00,5.2,78.57,0
2023-02-15T22:00:00,4.1,80.88,0
2023-02-15T23:00:00,3.5,81.83,0
2023-02-16T00:00:00,2.7,82.33,0
2023-02-16T01:00:00,2.5,83.36,0
2023-02-16T02:00:00,1.6,85.78,0
2023-02-16T03:00:00,1.6,85.78,0
2023-02-16T04:00:00,1.1,88.69,0
2023-02-16T05:00:00,2.0,86.53,0
2023-02-16T06:00:00,2.7,82.33,0
2023-02-16T07:00:00,3.1,84.24,0
2023-02-16T08:00:00,3.1,84.24,0
2023-02-16T09:00:00,3.1,84.24,0
2023-02-16T10:00:00,3.9,81.88,0
2023-02-16T11:00:00,4.1,81.91,0
2023-02-16T12:00:00,5.4,77.62,0
2023-02-16T13:00:00,5.5,81.97,1
2023-02-16T14:00:00,6.4,80.43,0
2023-02-16T15:00:00,5.9,83.05,0
2023-02-16T16:00:00,5.5,85.45,0
2023-02-16T17:00:00,4.6,89.84,0
2023-02-16T18:00:00,3.5,94.34,0
2023-02-16T19:00:00,3.1,97.12,1
2023-02-16T20:00:00,3.1,95.92,1
2023-02-16T21:00:00,2.9,97.12,1
2023-02-16T22:00:00,2.8,93.55,0
2023-02-16T23:00:00,2.3,90.46,0
2023-02-17T00:00:00,0.5,92.52,1
2023-02-17T01:00:00,-0.7,86.72,1
2023-02-17T02:00:00,-1.7,81.48,0
2023-02-17T03:00:00,-2.8,80.5,0
2023-02-17T04:00:00,-3.2,77.94,0
2023-02-17T05:00:00,-3.9,78.15,0
2023-02-17T06:00:00,-3.9,75.05,0
2023-02-17T07:00:00,-4.1,76.04,0
2023-02-17T08:00:00,-4.5,77.38,0
2023-02-17T09:00:00,-4.5,72.28,0
2023-02-17T10:00:00,-4.1,72.65,0
2023-02-17T11:00:00,-2.3,63.77,0
2023-02-17T12:00:00,-2.1,62.95,0
2023-02-17T13:00:00,-2.1,60.71,0
2023-02-17T14:00:00,-1.7,57.03,0
2023-02-17T15:00:00,-1.7,58.89,0
2023-02-17T16:00:00,-1.7,63.91,0
2023-02-17T17:00:00,-1.9,55.59,0
2023-02-17T18:00:00,-2.1,57.98,0
2023-02-17T19:00:00,-3.2,60.32,0
2023-02-17T20:00:00,-4.3,65.26,0
2023-02-17T21:00:00,-5.9,74.0,0
2023-02-17T22:00:00,-6.5,77.4,0
2023-02-17T23:00:00,-6.1,77.22,0
2023-02-18T00:00:00,-6.1,78.29,0
2023-02-18T01:00:00,-5.7,79.43,0
2023-02-18T02:00:00,-5.7,79.43,0
2023-02-18T03:00:00,-5.0,75.32,0
2023-02-18T04:00:00,-5.0,79.17,0
2023-02-18T05:00:00,-5.0,79.17,0
2023-02-18T06:00:00,-5.0,79.17,0
2023-02-18T07:00:00,-4.8,78.12,0
2023-02-18T08:00:00,-4.1,73.99,0
2023-02-18T09:00:00,-2.1,68.6,0
2023-02-18T10:00:00,0.0,61.49,0
2023-02-18T11:00:00,1.8,56.6,0
2023-02-18T12:00:00,4.1,51.46,0
2023-02-18T13:00:00,5.9,45.29,0
2023-02-18T14:00:00,7.0,44.48,0
2023-02-18T15:00:00,7.5,43.48,0
2023-02-18T16:00:00,7.7,44.32,0
2023-02-18T17:00:00,7.2,44.54,0
2023-02-18T18:00:00,6.1,45.95,0
2023-02-18T19:00:00,3.6,56.92,0
2023-02-18T20:00:00,3.1,60.4,0
2023-02-18T21:00:00,2.9,61.96,0
2023-02-18T22:00:00,2.4,64.31,0
2023-02-18T23:00:00,1.8,67.07,0
2023-02-19T00:00:00,1.1,70.21,0
2023-02-19T01:00:00,1.6,67.91,0
2023-02-19T02:00:00,1.4,68.77,0
2023-02-19T03:00:00,2.3,62.36,0
2023-02-19T04:00:00,2.7,60.83,0
2023-02-19T05:00:00,3.1,59.08,0
2023-02-19T06:00:00,2.2,63.14,0
2023-02-19T07:00:00,2.7,57.61,0
2023-02-19T08:00:00,3.1,55.95,0
2023-02-19T09:00:00,4.8,49.65,0
2023-02-19T10:00:00,6.6,47.82,0
2023-02-19T11:00:00,7.2,48.18,0
2023-02-19T12:00:00,8.9,45.82,0
2023-02-19T13:00:00,10.9,41.82,0
2023-02-19T14:00:00,11.1,41.31,0
2023-02-19T15:00:00,12.0,39.51,0
2023-02-19T16:00:00,12.7,38.89,0
2023-02-19T17:00:00,11.6,41.85,0
2023-02-19T18:00:00,11.1,43.15,0
2023-02-19T19:00:00,8.9,51.69,0
2023-02-19T20:00:00,6.5,60.88,0
2023-02-19T21:00:00,6.8,59.68,0
2023-02-19T22:00:00,5.9,65.86,0
2023-02-19T23:00:00,5.7,66.67,0
2023-02-20T00:00:00,5.7,66.67,0
2023-02-20T01:00:00,5.7,67.52,0
2023-02-20T02:00:00,4.6,71.83,0
2023-02-20T03:00:00,1.9,81.18,0
2023-02-20T04:00:00,3.1,76.96,0
2023-02-20T05:00:00,2.9,77.92,0
2023-02-20T06:00:00,1.6,83.24,0
2023-02-20T07:00:00,0.0,86.79,0
2023-02-20T08:00:00,-0.7,94.09,0
2023-02-20T09:00:00,2.8,85.28,0
2023-02-20T10:00:00,4.5,72.72,0
2023-02-20T11:00:00,5.9,63.13,0
2023-02-20T12:00:00,7.0,56.51,0
2023-02-20T13:00:00,8.3,50.44,0
2023-02-20T14:00:00,8.9,48.26,0
2023-02-20T15:00:00,9.8,45.31,0
2023-02-20T16:00:00,9.6,45.85,0
2023-02-20T17:00:00,9.6,46.44,0
2023-02-20T18:00:00,8.5,52.25,0
2023-02-20T19:00:00,5.5,63.31,0
2023-02-20T20:00:00,5.2,64.87,0
2023-02-20T21:00:00,1.6,78.71,0
2023-02-20T22:00:00,1.6,78.71,0
2023-02-20T23:00:00,0.3,83.53,0
2023-02-21T00:00:00,-0.7,86.72,0
2023-02-21T01:00:00,0.9,83.48,0
2023-02-21T02:00:00,2.0,82.23,0
2023-02-21T03:00:00,2.9,78.26,0
2023-02-21T04:00:00,3.7,76.71,0
2023-02-21T05:00:00,4.1,74.52,0
2023-02-21T06:00:00,4.1,71.73,0
2023-02-21T07:00:00,3.7,71.65,0
2023-02-21T08:00:00,3.1,63.91,0
2023-02-21T09:00:00,2.2,60.6,0
2023-02-21T10:00:00,2.5,57.56,0
2023-02-21T11:00:00,3.1,50.74,0
2023-02-21T12:00:00,2.9,49.11,0
2023-02-21T13:00:00,3.3,43.58,0
2023-02-21T14:00:00,3.3,41.46,0
2023-02-21T15:00:00,4.5,38.35,0
2023-02-21T16:00:00,4.5,37.13,0
2023-02-21T17:00:00,3.5,35.29,0
2023-02-21T18:00:00,3.5,35.62,0
2023-02-21T19:00:00,1.4,47.59,0
2023-02-21T20:00:00,1.4,51.63,0
2023-02-21T21:00:00,0.9,58.93,0
2023-02-21T22:00:00,0.9,56.34,0
2023-02-21T23:00:00,0.9,56.34,0
2023-02-22T00:00:00,0.9,55.59,0
2023-02-22T01:00:00,0.5,61.82,0
2023-02-22T02:00:00,0.9,60.01,0
2023-02-22T03:00:00,0.9,60.01,0
2023-02-22T04:00:00,0.5,66.38,0
2023-02-22T05:00:00,0.5,73.87,1
2023-02-22T06:00:00,0.5,82.35,1
2023-02-22T07:00:00,0.7,84.67,1
2023-02-22T08:00:00,0.5,89.78,1
2023-02-22T09:00:00,0.5,92.52,1
2023-02-22T10:00:00,0.9,93.31,0
2023-02-22T11:00:00,0.9,93.31,1
2023-02-22T12:00:00,0.9,93.31,1
2023-02-22T13:00:00,0.9,93.31,1
2023-02-22T14:00:00,0.9,93.31,1
2023-02-22T15:00:00,0.9,93.31,1
2023-02-22T16:00:00,0.9,93.31,1
2023-02-22T17:00:00,0.9,93.31,1
2023-02-22T18:00:00,0.9,89.81,1
2023-02-22T19:00:00,0.9,93.31,1
2023-02-22T20:00:00,0.9,93.31,1
2023-02-22T21:00:00,0.9,89.81,1
2023-02-22T22:00:00,0.9,89.81,0
2023-02-22T23:00:00,0.9,93.31,0
2023-02-23T00:00:00,0.9,93.31,1
2023-02-23T01:00:00,0.9,93.31,0
2023-02-23T02:00:00,0.9,97.07,1
2023-02-23T03:00:00,0.9,93.31,0
2023-02-23T04:00:00,0.9,97.07,0
2023-02-23T05:00:00,0.9,97.07,0
2023-02-23T06:00:00,1.4,96.72,0
2023-02-23T07:00:00,1.4,96.72,0
2023-02-23T08:00:00,2.0,97.1,0
2023-02-23T09:00:00,3.3,100.0,0
2023-02-23T10:00:00,6.6,96.85,0
2023-02-23T11:00:00,11.1,94.33,0
2023-02-23T12:00:00,14.2,79.3,0
2023-02-23T13:00:00,14.5,69.98,0
2023-02-23T14:00:00,13.7,68.99,0
2023-02-23T15:00:00,13.1,64.59,0
2023-02-23T16:00:00,8.7,73.82,0
2023-02-23T17:00:00,6.1,75.82,0
2023-02-23T18:00:00,4.8,73.82,0
2023-02-23T19:00:00,3.3,73.76,0
2023-02-23T20:00:00,2.2,74.17,0
2023-02-23T21:00:00,1.1,72.69,0
2023-02-23T22:00:00,0.0,69.98,0
2023-02-23T23:00:00,-0.5,66.82,0
2023-02-24T00:00:00,-0.5,66.82,0
2023-02-24T01:00:00,-1.1,66.68,0
2023-02-24T02:00:00,-1.5,65.7,0
2023-02-24T03:00:00,-2.6,63.99,0
2023-02-24T04:00:00,-3.1,69.34,0
2023-02-24T05:00:00,-2.6,67.25,0
2023-02-24T06:00:00,-3.1,69.34,0
2023-02-24T07:00:00,-2.6,67.25,0
2023-02-24T08:00:00,-2.1,64.68,0
2023-02-24T09:00:00,-1.5,61.11,0
2023-02-24T10:00:00,-1.5,60.28,0
2023-02-24T11:00:00,0.0,54.67,0
2023-02-24T12:00:00,0.5,54.25,0
2023-02-24T13:00:00,0.0,57.21,0
2023-02-24T14:00:00,0.5,54.25,0
2023-02-24T15:00:00,1.8,54.86,0
2023-02-24T16:00:00,1.4,53.04,0
2023-02-24T17:00:00,0.9,52.67,0
2023-02-24T18:00:00,0.5,59.1,0
2023-02-24T19:00:00,-0.2,62.28,0
2023-02-24T20:00:00,-0.7,66.78,0
2023-02-24T21:00:00,-1.9,74.1,0
2023-02-24T22:00:00,-1.1,71.01,0
2023-02-24T23:00:00,-1.1,71.97,0
2023-02-25T00:00:00,-1.1,71.97,0
2023-02-25T01:00:00,-1.1,72.93,0
2023-02-25T02:00:00,-1.3,74.86,0
2023-02-25T03:00:00,-1.3,74.86,0
2023-02-25T04:00:00,-1.7,76.15,0
2023-02-25T05:00:00,-1.7,75.14,0
2023-02-25T06:00:00,-1.7,75.14,0
2023-02-25T07:00:00,-1.3,75.86,0
2023-02-25T08:00:00,-2.1,77.46,0
2023-02-25T09:00:00,-0.7,73.64,0
2023-02-25T10:00:00,1.4,65.81,0
2023-02-25T11:00:00,2.7,64.95,0
2023-02-25T12:00:00,3.5,66.54,0
2023-02-25T13:00:00,4.6,62.34,0
2023-02-25T14:00:00,3.9,64.64,0
2023-02-25T15:00:00,3.9,64.64,0
2023-02-25T16:00:00,3.5,69.48,0
2023-02-25T17:00:00,3.5,66.54,0
2023-02-25T18:00:00,3.1,68.5,0
2023-02-25T19:00:00,2.2,73.22,0
2023-02-25T20:00:00,0.7,79.24,0
2023-02-25T21:00:00,0.5,79.22,0
2023-02-25T22:00:00,-0.5,85.62,0
2023-02-25T23:00:00,-1.4,88.2,0
2023-02-26T00:00:00,-1.8,87.82,0
2023-02-26T01:00:00,-1.4,89.35,0
2023-02-26T02:00:00,-1.1,86.68,0
2023-02-26T03:00:00,-1.5,89.34,0
2023-02-26T04:00:00,-1.4,89.35,0
2023-02-26T05:00:00,-1.9,90.13,0
2023-02-26T06:00:00,-1.9,90.13,0
2023-02-26T07:00:00,-1.4,89.35,0
2023-02-26T08:00:00,-1.5,93.32,0
2023-02-26T09:00:00,0.5,89.78,0
2023-02-26T10:00:00,2.7,82.33,0
2023-02-26T11:00:00,4.8,70.96,0
2023-02-26T12:00:00,6.6,60.41,0
2023-02-26T13:00:00,8.1,52.81,0
2023-02-26T14:00:00,9.3,48.16,0
2023-02-26T15:00:00,10.0,45.95,0
2023-02-26T16:00:00,10.5,42.98,0
2023-02-26T17:00:00,10.4,42.93,0
2023-02-26T18:00:00,9.1,47.28,0
2023-02-26T19:00:00,5.0,61.91,0
2023-02-26T20:00:00,3.5,66.54,0
2023-02-26T21:00:00,2.3,72.31,0
2023-02-26T22:00:00,0.9,75.9,0
2023-02-26T23:00:00,0.9,76.9,0
2023-02-27T00:00:00,0.4,80.23,0
2023-02-27T01:00:00,2.3,74.54,0
2023-02-27T02:00:00,3.8,69.53,0
2023-02-27T03:00:00,3.5,73.8,0
2023-02-27T04:00:00,4.5,68.23,0
2023-02-27T05:00:00,3.9,68.68,0
2023-02-27T06:00:00,3.5,78.77,0
2023-02-27T07:00:00,3.3,87.13,1
2023-02-27T08:00:00,3.3,90.87,1
2023-02-27T09:00:00,3.9,94.36,1
2023-02-27T10:00:00,5.2,92.79,1
2023-02-27T11:00:00,7.6,93.78,1
2023-02-27T12:00:00,9.1,91.26,1
2023-02-27T13:00:00,10.7,90.92,1
2023-02-27T14:00:00,12.8,91.5,1
2023-02-27T15:00:00,11.2,86.81,1
2023-02-27T16:00:00,10.2,90.51,1
2023-02-27T17:00:00,10.2,88.02,1
2023-02-27T18:00:00,9.9,87.99,0
2023-02-27T19:00:00,9.3,90.45,1
2023-02-27T20:00:00,9.5,87.95,1
2023-02-27T21:00:00,8.9,93.85,0
2023-02-27T22:00:00,9.1,91.26,1
2023-02-27T23:00:00,7.4,88.13,0
2023-02-28T00:00:00,5.9,85.13,0
2023-02-28T01:00:00,5.2,81.93,0
2023-02-28T02:00:00,4.6,76.65,0
2023-02-28T03:00:00,3.9,76.41,0
2023-02-28T04:00:00,3.5,78.66,0
2023-02-28T05:00:00,3.1,76.96,0
2023-02-28T06:00:00,3.1,76.96,0
2023-02-28T07:00:00,3.1,76.96,0
2023-02-28T08:00:00,2.7,79.24,0
2023-02-28T09:00:00,2.7,79.24,0
2023-02-28T10:00:00,3.1,76.96,0
2023-02-28T11:00:00,3.7,76.71,0
2023-02-28T12:00:00,4.3,77.56,0
2023-02-28T13:00:00,5.9,71.18,0
2023-02-28T14:00:00,7.0,66.21,0
2023-02-28T15:00:00,8.1,59.58,0
2023-02-28T16:00:00,8.3,59.88,0
2023-02-28T17:00:00,8.3,61.91,0
2023-02-28T18:00:00,7.2,65.42,0
2023-02-28T19:00:00,5.2,74.21,0
2023-02-28T20:00:00,4.1,78.85,0
2023-02-28T21:00:00,2.9,82.35,0
2023-02-28T22:00:00,2.4,85.48,0
2023-02-28T23:00:00,2.2,83.31,0
2023-03-01T00:00:00,2.2,86.55,0
2023-03-01T01:00:00,3.1,84.24,0
2023-03-01T02:00:00,3.1,84.24,0
2023-03-01T03:00:00,3.7,83.26,0
2023-03-01T04:00:00,3.1,84.24,0
2023-03-01T05:00:00,1.8,89.13,0
2023-03-01T06:00:00,1.6,89.12,0
2023-03-01T07:00:00,1.1,88.69,0
2023-03-01T08:00:00,1.6,92.72,0
2023-03-01T09:00:00,3.7,84.31,0
2023-03-01T10:00:00,5.9,79.66,0
2023-03-01T11:00:00,7.9,76.79,0
2023-03-01T12:00:00,10.6,70.04,0
2023-03-01T13:00:00,12.5,66.32,0
2023-03-01T14:00:00,14.1,62.26,0
2023-03-01T15:00:00,15.8,58.0,0
2023-03-01T16:00:00,16.4,53.71,0
2023-03-01T17:00:00,15.5,56.81,0
2023-03-01T18:00:00,14.1,59.33,0
2023-03-01T19:00:00,12.7,64.27,0
2023-03-01T20:00:00,11.8,65.36,0
2023-03-01T21:00:00,9.6,64.6,0
2023-03-01T22:00:00,9.1,65.0,0
2023-03-01T23:00:00,7.7,70.64,0
2023-03-02T00:00:00,6.1,75.82,0
2023-03-02T01:00:00,5.0,79.65,0
2023-03-02T02:00:00,3.5,85.73,0
2023-03-02T03:00:00,3.7,80.82,0
2023-03-02T04:00:00,4.1,77.53,0
2023-03-02T05:00:00,3.7,76.71,0
2023-03-02T06:00:00,2.7,76.89,0
2023-03-02T07:00:00,2.2,79.82,0
2023-03-02T08:00:00,2.2,79.82,0
2023-03-02T09:00:00,2.7,79.24,0
2023-03-02T10:00:00,3.7,73.84,0
2023-03-02T11:00:00,4.1,71.73,0
2023-03-02T12:00:00,5.0,70.99,0
2023-03-02T13:00:00,5.0,70.99,0
2023-03-02T14:00:00,5.7,66.67,0
2023-03-02T15:00:00,6.3,64.83,0
2023-03-02T16:00:00,6.6,62.76,0
2023-03-02T17:00:00,6.6,60.41,0
2023-03-02T18:00:00,6.1,64.79,0
2023-03-02T19:00:00,4.3,70.85,0
2023-03-02T20:00:00,3.1,76.96,0
2023-03-02T21:00:00,2.5,80.24,0
2023-03-02T22:00:00,2.0,79.79,0
2023-03-02T23:00:00,2.0,80.82,0
2023-03-03T00:00:00,2.2,82.26,0
2023-03-03T01:00:00,2.0,83.29,0
2023-03-03T02:00:00,2.0,83.29,0
2023-03-03T03:00:00,1.6,85.78,0
2023-03-03T04:00:00,1.6,85.78,0
2023-03-03T05:00:00,1.6,85.78,0
2023-03-03T06:00:00,1.6,85.78,0
2023-03-03T07:00:00,2.0,83.29,0
2023-03-03T08:00:00,1.6,85.78,0
2023-03-03T09:00:00,1.6,85.78,0
2023-03-03T10:00:00,1.6,85.78,0
2023-03-03T11:00:00,1.6,89.12,1
2023-03-03T12:00:00,1.6,89.12,1
2023-03-03T13:00:00,2.0,90.02,1
2023-03-03T14:00:00,2.5,89.34,1
2023-03-03T15:00:00,2.7,92.53,1
2023-03-03T16:00:00,2.9,89.7,1
2023-03-03T17:00:00,2.0,92.74,1
2023-03-03T18:00:00,2.0,92.74,1
2023-03-03T19:00:00,1.4,90.25,1
2023-03-03T20:00:00,0.5,92.52,1
2023-03-03T21:00:00,0.9,89.81,1
2023-03-03T22:00:00,0.9,89.81,1
2023-03-03T23:00:00,0.9,89.81,0
2023-03-04T00:00:00,1.6,89.12,0
2023-03-04T01:00:00,1.6,89.12,0
2023-03-04T02:00:00,1.6,85.78,0
2023-03-04T03:00:00,0.9,87.15,0
2023-03-04T04:00:00,1.4,80.74,0
2023-03-04T05:00:00,0.9,86.04,0
2023-03-04T06:00:00,0.9,87.15,0
2023-03-04T07:00:00,0.5,86.0,0
2023-03-04T08:00:00,0.5,89.78,0
2023-03-04T09:00:00,0.5,87.11,0
2023-03-04T10:00:00,1.1,86.06,0
2023-03-04T11:00:00,2.0,83.29,0
2023-03-04T12:00:00,3.1,79.96,0
2023-03-04T13:00:00,4.5,77.93,0
2023-03-04T14:00:00,6.1,69.74,0
2023-03-04T15:00:00,7.8,64.17,0
2023-03-04T16:00:00,8.3,64.3,0
2023-03-04T17:00:00,7.9,66.13,0
2023-03-04T18:00:00,7.8,62.85,0
2023-03-04T19:00:00,5.6,72.93,0
2023-03-04T20:00:00,5.6,72.93,0
2023-03-04T21:00:00,4.6,80.6,0
2023-03-04T22:00:00,4.1,84.67,0
2023-03-04T23:00:00,4.6,87.25,0
2023-03-05T00:00:00,5.6,81.62,0
2023-03-05T01:00:00,5.2,86.48,0
2023-03-05T02:00:00,4.1,90.52,0
2023-03-05T03:00:00,3.9,90.51,0
2023-03-05T04:00:00,3.1,89.72,0
2023-03-05T05:00:00,2.5,90.47,0
2023-03-05T06:00:00,1.8,93.91,0
2023-03-05T07:00:00,0.5,92.52,0
2023-03-05T08:00:00,0.5,96.12,0
2023-03-05T09:00:00,2.7,93.54,0
2023-03-05T10:00:00,4.8,77.01,0
2023-03-05T11:00:00,6.1,70.32,0
2023-03-05T12:00:00,8.1,59.58,0
2023-03-05T13:00:00,8.7,50.75,0
2023-03-05T14:00:00,9.3,47.33,0
2023-03-05T15:00:00,10.9,42.36,0
2023-03-05T16:00:00,10.5,40.63,0
2023-03-05T17:00:00,10.4,41.65,0
2023-03-05T18:00:00,8.9,49.95,0
2023-03-05T19:00:00,5.9,61.26,0
2023-03-05T20:00:00,4.8,66.28,0
2023-03-05T21:00:00,3.9,68.37,0
2023-03-05T22:00:00,4.6,65.1,0
2023-03-05T23:00:00,5.4,63.8,0
2023-03-06T00:00:00,5.5,63.03,0
2023-03-06T01:00:00,5.4,61.91,0
2023-03-06T02:00:00,4.8,68.3,0
2023-03-06T03:00:00,4.1,74.52,0
2023-03-06T04:00:00,4.1,74.52,0
2023-03-06T05:00:00,4.1,74.52,0
2023-03-06T06:00:00,3.7,73.84,0
2023-03-06T07:00:00,3.7,73.84,0
2023-03-06T08:00:00,4.1,74.52,0
2023-03-06T09:00:00,5.5,70.21,0
2023-03-06T10:00:00,7.0,66.21,0
2023-03-06T11:00:00,9.6,59.69,0
2023-03-06T12:00:00,11.6,54.88,0
2023-03-06T13:00:00,13.0,51.71,0
2023-03-06T14:00:00,14.8,48.44,0
2023-03-06T15:00:00,15.1,47.12,0
2023-03-06T16:00:00,12.4,57.65,0
2023-03-06T17:00:00,9.7,64.51,0
2023-03-06T18:00:00,7.8,73.33,0
2023-03-06T19:00:00,6.2,76.18,1
2023-03-06T20:00:00,5.8,81.65,0
2023-03-06T21:00:00,5.2,87.56,0
2023-03-06T22:00:00,4.1,91.65,0
2023-03-06T23:00:00,4.1,91.65,0
2023-03-07T00:00:00,3.9,91.64,0
2023-03-07T01:00:00,4.1,94.36,0
2023-03-07T02:00:00,3.9,91.64,0
2023-03-07T03:00:00,3.1,89.72,0
2023-03-07T04:00:00,3.1,84.24,0
2023-03-07T05:00:00,2.5,87.83,0
2023-03-07T06:00:00,2.5,83.36,0
2023-03-07T07:00:00,2.0,85.44,0
2023-03-07T08:00:00,1.6,74.41,0
2023-03-07T09:00:00,2.9,67.59,0
2023-03-07T10:00:00,3.5,62.89,0
2023-03-07T11:00:00,5.4,52.74,0
2023-03-07T12:00:00,6.4,45.04,0
2023-03-07T13:00:00,7.0,35.38,0
2023-03-07T14:00:00,7.5,33.06,0
2023-03-07T15:00:00,7.7,32.67,0
2023-03-07T16:00:00,7.7,34.18,0
2023-03-07T17:00:00,7.5,37.17,0
2023-03-07T18:00:00,5.5,43.4,0
2023-03-07T19:00:00,3.5,48.4,0
2023-03-07T20:00:00,2.0,53.93,0
2023-03-07T21:00:00,1.8,52.91,0
2023-03-07T22:00:00,0.0,60.38,0
2023-03-07T23:00:00,0.9,53.38,0
2023-03-08T00:00:00,0.4,58.0,0
2023-03-08T01:00:00,-0.9,60.43,0
2023-03-08T02:00:00,-1.1,61.21,0
2023-03-08T03:00:00,-1.9,59.93,0
2023-03-08T04:00:00,-1.9,59.93,0
2023-03-08T05:00:00,-2.1,61.55,0
2023-03-08T06:00:00,-1.5,57.12,0
2023-03-08T07:00:00,-1.9,60.76,0
2023-03-08T08:00:00,-0.5,58.64,0
2023-03-08T09:00:00,0.5,53.27,0
2023-03-08T10:00:00,2.5,49.66,0
2023-03-08T11:00:00,3.5,48.4,0
2023-03-08T12:00:00,5.0,42.33,0
2023-03-08T13:00:00,6.6,39.11,0
2023-03-08T14:00:00,6.6,39.11,0
2023-03-08T15:00:00,7.2,36.4,0
2023-03-08T16:00:00,7.7,39.69,0
2023-03-08T17:00:00,7.0,41.58,0
2023-03-08T18:00:00,5.9,44.7,0
2023-03-08T19:00:00,3.5,54.35,0
2023-03-08T20:00:00,2.7,58.38,0
2023-03-08T21:00:00,2.7,54.63,0
2023-03-08T22:00:00,1.8,56.35,0
2023-03-08T23:00:00,1.1,59.26,0
2023-03-09T00:00:00,-0.5,65.93,0
2023-03-09T01:00:00,0.5,59.1,0
2023-03-09T02:00:00,0.0,59.58,0
2023-03-09T03:00:00,-0.5,68.94,0
2023-03-09T04:00:00,-0.9,78.07,0
2023-03-09T05:00:00,-1.3,80.1,0
2023-03-09T06:00:00,-1.7,79.23,0
2023-03-09T07:00:00,-2.1,80.6,0
2023-03-09T08:00:00,-1.1,80.13,0
2023-03-09T09:00:00,0.0,73.89,0
2023-03-09T10:00:00,2.0,69.16,0
2023-03-09T11:00:00,2.9,64.99,0
2023-03-09T12:00:00,5.0,59.29,0
2023-03-09T13:00:00,6.1,56.97,0
2023-03-09T14:00:00,7.7,52.7,0
2023-03-09T15:00:00,7.7,54.32,0
2023-03-09T16:00:00,7.7,52.7,0
2023-03-09T17:00:00,7.0,54.58,0
2023-03-09T18:00:00,5.9,58.68,0
2023-03-09T19:00:00,4.1,64.68,0
2023-03-09T20:00:00,3.3,65.93,0
2023-03-09T21:00:00,3.1,66.76,0
2023-03-09T22:00:00,2.2,74.17,1
2023-03-09T23:00:00,0.5,89.78,1
2023-03-10T00:00:00,0.5,92.52,1
2023-03-10T01:00:00,0.5,92.52,1
2023-03-10T02:00:00,0.5,92.52,1
2023-03-10T03:00:00,0.5,92.52,1
2023-03-10T04:00:00,0.5,92.52,1
2023-03-10T05:00:00,0.0,96.25,1
2023-03-10T06:00:00,0.0,93.4,1
2023-03-10T07:00:00,0.0,92.21,1
2023-03-10T08:00:00,0.5,91.35,1
2023-03-10T09:00:00,0.0,93.4,1
2023-03-10T10:00:00,0.0,92.21,0
2023-03-10T11:00:00,0.9,87.15,1
2023-03-10T12:00:00,0.9,87.15,0
2023-03-10T13:00:00,1.1,86.06,0
2023-03-10T14:00:00,1.1,82.43,0
2023-03-10T15:00:00,1.1,83.5,0
2023-03-10T16:00:00,1.1,83.5,0
2023-03-10T17:00:00,1.1,86.06,0
2023-03-10T18:00:00,1.6,82.18,0
2023-03-10T19:00:00,1.6,81.13,0
2023-03-10T20:00:00,1.6,81.13,0
2023-03-10T21:00:00,1.6,78.71,0
2023-03-10T22:00:00,1.6,78.71,0
2023-03-10T23:00:00,1.1,78.94,0
2023-03-11T00:00:00,0.9,79.94,0
2023-03-11T01:00:00,0.5,82.35,0
2023-03-11T02:00:00,0.9,79.94,0
2023-03-11T03:00:00,0.5,87.5,0
2023-03-11T04:00:00,0.5,87.5,0
2023-03-11T05:00:00,0.0,81.35,0
2023-03-11T06:00:00,-0.5,76.76,0
2023-03-11T07:00:00,-1.7,78.19,0
2023-03-11T08:00:00,-0.2,72.89,0
2023-03-11T09:00:00,0.5,70.09,0
2023-03-11T10:00:00,1.4,70.27,0
2023-03-11T11:00:00,2.0,68.27,0
2023-03-11T12:00:00,3.1,63.08,0
2023-03-11T13:00:00,3.1,60.14,0
2023-03-11T14:00:00,3.5,56.63,0
2023-03-11T15:00:00,4.6,54.74,0
2023-03-11T16:00:00,5.2,54.55,0
2023-03-11T17:00:00,4.1,59.56,0
2023-03-11T18:00:00,3.1,63.91,0
2023-03-11T19:00:00,2.0,69.16,0
2023-03-11T20:00:00,1.6,71.23,0
2023-03-11T21:00:00,1.6,73.45,0
2023-03-11T22:00:00,1.6,72.17,0
2023-03-11T23:00:00,1.6,72.17,0
2023-03-12T00:00:00,1.6,71.23,0
2023-03-12T01:00:00,0.5,83.43,0
2023-03-12T03:00:00,0.0,89.47,1
2023-03-12T04:00:00,-0.7,94.14,1
2023-03-12T05:00:00,-0.7,94.14,1
2023-03-12T06:00:00,-0.7,90.16,1
2023-03-12T07:00:00,-1.1,89.37,1
2023-03-12T08:00:00,-1.1,89.37,0
2023-03-12T09:00:00,-1.1,89.37,0
2023-03-12T10:00:00,-1.1,89.37,0
2023-03-12T11:00:00,-0.9,88.23,0
2023-03-12T12:00:00,-0.5,89.01,0
2023-03-12T13:00:00,0.0,85.68,0
2023-03-12T14:00:00,0.5,79.22,0
2023-03-12T15:00:00,0.5,82.35,0
2023-03-12T16:00:00,0.9,79.94,0
2023-03-12T17:00:00,0.9,76.9,0
2023-03-12T18:00:00,0.9,79.94,0
2023-03-12T19:00:00,0.9,76.9,0
2023-03-12T20:00:00,0.9,77.9,0
2023-03-12T21:00:00,0.9,80.98,0
2023-03-12T22:00:00,0.5,83.43,0
2023-03-12T23:00:00,0.5,87.11,0
2023-03-13T00:00:00,0.5,89.78,0
2023-03-13T01:00:00,0.5,89.78,0
2023-03-13T02:00:00,0.0,96.25,1
2023-03-13T03:00:00,0.5,87.11,1
2023-03-13T04:00:00,0.0,79.26,0
2023-03-13T05:00:00,-0.5,76.76,0
2023-03-13T06:00:00,-1.1,73.91,0
2023-03-13T07:00:00,-1.1,73.91,0
2023-03-13T08:00:00,-1.9,77.49,0
2023-03-13T09:00:00,-1.1,76.9,0
2023-03-13T10:00:00,-1.5,81.51,1
2023-03-13T11:00:00,-0.7,66.46,0
2023-03-13T12:00:00,0.9,64.43,0
2023-03-13T13:00:00,0.0,66.36,0
2023-03-13T14:00:00,0.9,73.68,0
2023-03-13T15:00:00,0.3,77.54,0
2023-03-13T16:00:00,1.6,71.56,0
2023-03-13T17:00:00,2.0,66.81,0
2023-03-13T18:00:00,0.5,75.19,0
2023-03-13T19:00:00,0.0,70.91,0
2023-03-13T20:00:00,-1.1,67.58,0
2023-03-13T21:00:00,-1.1,68.82,0
2023-03-13T22:00:00,-1.3,68.78,0
2023-03-13T23:00:00,-2.1,72.11,0
2023-03-14T00:00:00,-2.1,67.68,0
2023-03-14T01:00:00,-2.3,73.05,0
2023-03-14T02:00:00,-2.3,60.67,0
2023-03-14T03:00:00,-2.8,62.21,0
2023-03-14T04:00:00,-2.8,60.24,0
2023-03-14T05:00:00,-3.4,65.0,0
2023-03-14T06:00:00,-3.4,67.39,0
2023-03-14T07:00:00,-3.9,67.29,0
2023-03-14T08:00:00,-3.9,72.05,0
2023-03-14T09:00:00,-3.2,64.15,0
2023-03-14T10:00:00,-2.6,65.44,0
2023-03-14T11:00:00,-2.1,65.88,0
2023-03-14T12:00:00,-1.5,68.73,0
2023-03-14T13:00:00,-1.1,68.82,0
2023-03-14T14:00:00,0.5,61.82,0
2023-03-14T15:00:00,0.5,59.1,0
2023-03-14T16:00:00,1.6,54.8,0
2023-03-14T17:00:00,2.2,53.26,0
2023-03-14T18:00:00,2.7,50.62,0
2023-03-14T19:00:00,1.6,54.8,0
2023-03-14T20:00:00,0.0,62.32,0
2023-03-14T21:00:00,-1.1,67.58,0
2023-03-14T22:00:00,-2.1,72.74,0
2023-03-14T23:00:00,-2.6,74.61,0
2023-03-15T00:00:00,-4.3,81.7,0
2023-03-15T01:00:00,-5.5,83.51,0
2023-03-15T02:00:00,-5.4,85.07,0
2023-03-15T03:00:00,-5.9,86.17,0
2023-03-15T04:00:00,-6.1,87.33,0
2023-03-15T05:00:00,-6.5,86.94,0
2023-03-15T06:00:00,-6.9,89.73,0
2023-03-15T07:00:00,-7.1,89.72,0
2023-03-15T08:00:00,-6.9,88.51,0
2023-03-15T09:00:00,-4.5,86.6,0
2023-03-15T10:00:00,-2.1,86.24,0
2023-03-15T11:00:00,-0.5,79.17,0
2023-03-15T12:00:00,1.6,58.36,0
2023-03-15T13:00:00,3.7,48.68,0
2023-03-15T14:00:00,5.0,43.1,0
2023-03-15T15:00:00,6.6,36.89,0
2023-03-15T16:00:00,7.7,35.95,0
2023-03-15T17:00:00,7.7,35.28,0
2023-03-15T18:00:00,7.7,35.76,0
2023-03-15T19:00:00,6.6,39.82,0
2023-03-15T20:00:00,3.9,50.28,0
2023-03-15T21:00:00,2.9,59.29,0
2023-03-15T22:00:00,3.1,55.95,0
2023-03-15T23:00:00,2.0,55.65,0
2023-03-16T00:00:00,0.9,61.92,0
2023-03-16T01:00:00,2.2,57.47,0
2023-03-16T02:00:00,1.9,55.9,0
2023-03-16T03:00:00,1.5,58.83,0
2023-03-16T04:00:00,1.5,61.23,0
2023-03-16T05:00:00,1.3,57.74,0
2023-03-16T06:00:00,1.1,58.73,0
2023-03-16T07:00:00,1.8,57.63,0
2023-03-16T08:00:00,1.8,57.63,0
2023-03-16T09:00:00,3.5,53.86,0
2023-03-16T10:00:00,5.7,47.98,0
2023-03-16T11:00:00,7.4,44.21,0
2023-03-16T12:00:00,9.8,38.42,0
2023-03-16T13:00:00,11.6,35.35,0
2023-03-16T14:00:00,12.5,34.71,0
2023-03-16T15:00:00,12.0,40.21,0
2023-03-16T16:00:00,11.3,43.96,0
2023-03-16T17:00:00,10.0,62.24,0
2023-03-16T18:00:00,9.5,68.41,0
2023-03-16T19:00:00,9.3,66.13,0
2023-03-16T20:00:00,8.9,70.0,0
2023-03-16T21:00:00,8.3,85.75,1
2023-03-16T22:00:00,8.1,88.33,1
2023-03-16T23:00:00,8.1,88.33,1
2023-03-17T00:00:00,9.1,85.23,1
2023-03-17T01:00:00,9.8,78.76,1
2023-03-17T02:00:00,10.5,72.06,0
2023-03-17T03:00:00,10.0,80.36,1
2023-03-17T04:00:00,10.0,83.66,1
2023-03-17T05:00:00,9.8,90.23,1
2023-03-17T06:00:00,9.5,93.48,1
2023-03-17T07:00:00,6.8,90.64,1
2023-03-17T08:00:00,3.5,89.75,0
2023-03-17T09:00:00,2.2,87.66,0
2023-03-17T10:00:00,2.2,86.55,0
2023-03-17T11:00:00,1.1,89.83,0
2023-03-17T12:00:00,1.1,86.06,0
2023-03-17T13:00:00,1.1,83.5,0
2023-03-17T14:00:00,1.6,74.41,0
2023-03-17T15:00:00,1.1,75.93,0
2023-03-17T16:00:00,1.1,75.93,0
2023-03-17T17:00:00,1.8,72.53,0
2023-03-17T18:00:00,1.3,70.25,0
2023-03-17T19:00:00,1.1,71.14,0
2023-03-17T20:00:00,0.0,70.91,0
2023-03-17T21:00:00,-0.5,72.7,0
2023-03-17T22:00:00,-0.5,72.7,0
2023-03-17T23:00:00,-1.1,69.75,0
2023-03-18T00:00:00,-1.1,67.58,0
2023-03-18T01:00:00,-1.9,68.64,0
2023-03-18T02:00:00,-2.6,68.49,0
2023-03-18T03:00:00,-3.2,69.3,0
2023-03-18T04:00:00,-3.7,67.33,0
2023-03-18T05:00:00,-3.4,69.26,0
2023-03-18T06:00:00,-3.7,76.1,0
2023-03-18T07:00:00,-5.0,75.99,0
2023-03-18T08:00:00,-5.7,71.68,0
2023-03-18T09:00:00,-5.9,72.98,0
2023-03-18T10:00:00,-6.1,64.61,0
2023-03-18T11:00:00,-6.4,61.89,0
2023-03-18T12:00:00,-6.5,64.51,0
2023-03-18T13:00:00,-6.4,61.89,0
2023-03-18T14:00:00,-6.1,65.85,0
2023-03-18T15:00:00,-5.7,55.37,0
2023-03-18T16:00:00,-5.5,58.12,0
2023-03-18T17:00:00,-5.5,59.78,0
2023-03-18T18:00:00,-5.0,56.64,0
2023-03-18T19:00:00,-5.7,61.44,0
2023-03-18T20:00:00,-6.1,64.3,0
2023-03-18T21:00:00,-6.5,65.43,0
2023-03-18T22:00:00,-6.5,67.63,0
2023-03-18T23:00:00,-6.5,69.89,0
2023-03-19T00:00:00,-6.7,70.83,0
2023-03-19T01:00:00,-7.1,74.14,0
2023-03-19T02:00:00,-7.1,74.14,0
2023-03-19T03:00:00,-6.9,76.64,0
2023-03-19T04:00:00,-6.9,76.64,0
2023-03-19T05:00:00,-7.5,79.8,0
2023-03-19T06:00:00,-7.5,77.24,0
2023-03-19T07:00:00,-7.6,77.21,0
2023-03-19T08:00:00,-7.5,76.17,0
2023-03-19T09:00:00,-6.1,71.95,0
2023-03-19T10:00:00,-3.9,69.16,0
2023-03-19T11:00:00,-2.6,61.12,0
2023-03-19T12:00:00,-1.5,56.3,0
2023-03-19T13:00:00,0.0,46.94,0
2023-03-19T14:00:00,0.0,46.94,0
2023-03-19T15:00:00,1.6,42.41,0
2023-03-19T16:00:00,2.2,42.45,0
2023-03-19T17:00:00,2.7,42.24,0
2023-03-19T18:00:00,2.2,44.85,0
2023-03-19T19:00:00,1.3,47.75,0
2023-03-19T20:00:00,0.0,57.99,0
2023-03-19T21:00:00,-0.9,60.43,0
2023-03-19T22:00:00,-1.5,66.59,0
2023-03-19T23:00:00,-2.5,70.4,0
2023-03-20T00:00:00,-2.5,70.4,0
2023-03-20T01:00:00,-2.5,71.36,0
2023-03-20T02:00:00,-2.1,68.6,0
2023-03-20T03:00:00,-2.6,68.49,0
2023-03-20T04:00:00,-3.5,73.1,0
2023-03-20T05:00:00,-3.1,70.62,0
2023-03-20T06:00:00,-3.7,71.74,0
2023-03-20T07:00:00,-4.1,73.99,0
2023-03-20T08:00:00,-4.1,73.99,0
2023-03-20T09:00:00,-2.1,65.88,0
2023-03-20T10:00:00,0.0,58.78,0
2023-03-20T11:00:00,2.2,46.72,0
2023-03-20T12:00:00,3.7,41.37,0
2023-03-20T13:00:00,5.0,36.46,0
2023-03-20T14:00:00,7.0,35.86,0
2023-03-20T15:00:00,8.1,32.35,0
2023-03-20T16:00:00,8.5,32.32,0
2023-03-20T17:00:00,9.1,31.48,0
2023-03-20T18:00:00,8.7,32.37,0
2023-03-20T19:00:00,7.7,35.76,0
2023-03-20T20:00:00,6.8,35.47,0
2023-03-20T21:00:00,3.6,46.94,0
2023-03-20T22:00:00,2.9,51.59,0
2023-03-20T23:00:00,2.7,52.24,0
2023-03-21T00:00:00,1.1,56.91,0
2023-03-21T01:00:00,0.3,59.95,0
2023-03-21T02:00:00,1.1,56.91,0
2023-03-21T03:00:00,0.5,59.19,0
2023-03-21T04:00:00,-0.2,62.27,0
2023-03-21T05:00:00,-0.8,64.99,0
2023-03-21T06:00:00,-1.6,66.89,0
2023-03-21T07:00:00,-0.9,63.78,0
2023-03-21T08:00:00,-1.5,63.95,0
2023-03-21T09:00:00,1.1,60.33,0
2023-03-21T10:00:00,3.9,48.08,0
2023-03-21T11:00:00,6.6,39.82,0
2023-03-21T12:00:00,8.7,34.48,0
2023-03-21T13:00:00,10.5,29.54,0
2023-03-21T14:00:00,12.0,24.61,0
2023-03-21T15:00:00,12.2,23.24,0
2023-03-21T16:00:00,12.2,25.8,0
2023-03-21T17:00:00,11.6,25.09,0
2023-03-21T18:00:00,10.7,29.2,0
2023-03-21T19:00:00,10.0,31.2,0
2023-03-21T20:00:00,9.8,31.0,0
2023-03-21T21:00:00,9.3,33.59,0
2023-03-21T22:00:00,7.9,51.64,0
2023-03-21T23:00:00,5.7,71.45,0
2023-03-22T00:00:00,5.0,82.02,0
2023-03-22T01:00:00,4.3,87.22,0
2023-03-22T02:00:00,4.3,90.53,0
2023-03-22T03:00:00,4.3,90.53,0
2023-03-22T04:00:00,4.3,90.53,0
2023-03-22T05:00:00,4.3,90.53,0
2023-03-22T06:00:00,4.5,91.83,0
2023-03-22T07:00:00,4.8,93.65,0
2023-03-22T08:00:00,5.5,90.17,0
2023-03-22T09:00:00,5.5,92.81,0
2023-03-22T10:00:00,5.9,93.56,0
2023-03-22T11:00:00,6.6,94.13,0
2023-03-22T12:00:00,7.5,90.83,0
2023-03-22T13:00:00,8.1,88.77,0
2023-03-22T14:00:00,8.7,87.64,0
2023-03-22T15:00:00,9.6,87.72,0
2023-03-22T16:00:00,9.1,91.97,1
2023-03-22T17:00:00,9.1,94.58,1
2023-03-22T18:00:00,8.7,97.25,1
2023-03-22T19:00:00,9.1,94.58,1
2023-03-22T20:00:00,8.7,97.25,1
2023-03-22T21:00:00,8.7,97.25,1
2023-03-22T22:00:00,9.1,97.26,0
2023-03-22T23:00:00,10.4,93.07,1
2023-03-23T00:00:00,10.5,96.42,1
2023-03-23T01:00:00,10.5,96.42,0
2023-03-23T02:00:00,10.5,96.42,0
2023-03-23T03:00:00,10.5,96.42,1
2023-03-23T04:00:00,10.5,96.42,1
2023-03-23T05:00:00,10.5,96.42,1
2023-03-23T06:00:00,10.0,96.54,1
2023-03-23T07:00:00,11.1,93.82,1
2023-03-23T08:00:00,11.6,96.97,1
2023-03-23T09:00:00,12.0,94.37,1
2023-03-23T10:00:00,11.1,90.94,1
2023-03-23T11:00:00,8.9,89.22,1
2023-03-23T12:00:00,9.1,94.58,1
2023-03-23T13:00:00,8.7,91.24,0
2023-03-23T14:00:00,9.1,90.88,0
2023-03-23T15:00:00,9.1,88.04,0
2023-03-23T16:00:00,8.7,93.44,1
2023-03-23T17:00:00,9.1,84.21,0
2023-03-23T18:00:00,8.7,83.86,0
2023-03-23T19:00:00,8.7,81.51,0
2023-03-23T20:00:00,7.7,82.96,0
2023-03-23T21:00:00,6.6,80.46,0
2023-03-23T22:00:00,6.1,82.05,0
2023-03-23T23:00:00,5.5,85.45,0
2023-03-24T00:00:00,5.5,83.0,0
2023-03-24T01:00:00,4.6,87.25,0
2023-03-24T02:00:00,5.2,83.99,0
2023-03-24T03:00:00,4.6,87.25,0
2023-03-24T04:00:00,5.2,83.99,0
2023-03-24T05:00:00,5.2,87.56,0
2023-03-24T06:00:00,4.6,90.96,0
2023-03-24T07:00:00,4.6,87.25,0
2023-03-24T08:00:00,4.1,84.67,0
2023-03-24T09:00:00,3.5,84.29,0
2023-03-24T10:00:00,3.7,79.81,0
2023-03-24T11:00:00,3.7,73.84,0
2023-03-24T12:00:00,3.9,72.93,0
2023-03-24T13:00:00,4.5,70.89,0
2023-03-24T14:00:00,5.0,73.85,0
2023-03-24T15:00:00,5.2,69.24,0
2023-03-24T16:00:00,5.7,66.67,0
2023-03-24T17:00:00,5.7,62.27,0
2023-03-24T18:00:00,5.0,63.81,0
2023-03-24T19:00:00,5.0,61.91,0
2023-03-24T20:00:00,4.1,66.67,0
2023-03-24T21:00:00,3.7,68.94,0
2023-03-24T22:00:00,2.7,77.24,0
2023-03-24T23:00:00,1.6,82.18,1
2023-03-25T00:00:00,1.1,87.56,1
2023-03-25T01:00:00,1.1,92.14,1
2023-03-25T02:00:00,1.6,92.72,1
2023-03-25T03:00:00,1.6,93.9,1
2023-03-25T04:00:00,2.0,93.92,1
2023-03-25T05:00:00,2.7,93.54,1
2023-03-25T06:00:00,3.1,90.85,1
2023-03-25T07:00:00,3.1,93.56,1
2023-03-25T08:00:00,3.3,97.13,0
2023-03-25T09:00:00,3.7,97.14,1
2023-03-25T10:00:00,5.4,96.27,1
2023-03-25T11:00:00,8.9,83.54,0
2023-03-25T12:00:00,7.7,79.98,0
2023-03-25T13:00:00,6.4,75.26,0
2023-03-25T14:00:00,5.4,72.89,0
2023-03-25T15:00:00,4.1,75.47,0
2023-03-25T16:00:00,4.3,74.55,0
2023-03-25T17:00:00,4.1,74.52,0
2023-03-25T18:00:00,4.1,69.6,0
2023-03-25T19:00:00,3.5,74.75,0
2023-03-25T20:00:00,3.9,76.41,0
2023-03-25T21:00:00,4.1,71.73,0
2023-03-25T22:00:00,3.7,73.84,0
2023-03-25T23:00:00,2.2,79.82,0
2023-03-26T00:00:00,2.2,77.45,0
2023-03-26T01:00:00,1.6,77.35,0
2023-03-26T02:00:00,0.2,78.92,0
2023-03-26T03:00:00,0.7,81.32,0
2023-03-26T04:00:00,0.2,85.7,0
2023-03-26T05:00:00,0.0,86.79,0
2023-03-26T06:00:00,0.0,86.79,0
2023-03-26T07:00:00,-0.2,86.78,0
2023-03-26T08:00:00,-0.5,90.17,0
2023-03-26T09:00:00,1.6,85.78,0
2023-03-26T10:00:00,4.6,76.98,0
2023-03-26T11:00:00,7.7,67.2,0
2023-03-26T12:00:00,10.4,56.88,0
2023-03-26T13:00:00,12.0,47.92,0
2023-03-26T14:00:00,13.1,47.43,0
2023-03-26T15:00:00,14.1,45.56,0
2023-03-26T16:00:00,14.1,46.14,0
2023-03-26T17:00:00,15.4,46.45,0
2023-03-26T18:00:00,15.0,48.16,0
2023-03-26T19:00:00,14.3,48.95,0
2023-03-26T20:00:00,11.5,58.85,0
2023-03-26T21:00:00,9.2,68.07,0
2023-03-26T22:00:00,8.3,73.43,0
2023-03-26T23:00:00,10.4,63.62,0
2023-03-27T00:00:00,7.9,88.32,1
2023-03-27T01:00:00,7.9,88.32,0
2023-03-27T02:00:00,7.5,89.74,0
2023-03-27T03:00:00,6.8,94.14,0
2023-03-27T04:00:00,7.8,88.3,0
2023-03-27T05:00:00,7.8,88.3,0
2023-03-27T06:00:00,7.0,90.4,0
2023-03-27T07:00:00,7.0,91.51,0
2023-03-27T08:00:00,6.4,90.62,0
2023-03-27T09:00:00,5.5,92.81,0
2023-03-27T10:00:00,5.5,92.81,0
2023-03-27T11:00:00,5.9,86.56,0
2023-03-27T12:00:00,5.4,89.05,0
2023-03-27T13:00:00,5.5,85.45,0
2023-03-27T14:00:00,5.5,85.45,0
2023-03-27T15:00:00,5.9,80.66,0
2023-03-27T16:00:00,6.6,76.23,0
2023-03-27T17:00:00,7.4,69.69,0
2023-03-27T18:00:00,8.3,59.88,0
2023-03-27T19:00:00,7.9,61.58,0
2023-03-27T20:00:00,6.8,72.55,0
2023-03-27T21:00:00,5.5,79.95,0
2023-03-27T22:00:00,4.1,62.22,0
2023-03-27T23:00:00,2.7,68.73,0
2023-03-28T00:00:00,2.0,72.25,0
2023-03-28T01:00:00,0.5,80.25,0
2023-03-28T02:00:00,-0.5,83.04,0
2023-03-28T03:00:00,-1.1,86.68,0
2023-03-28T04:00:00,-1.1,86.68,0
2023-03-28T05:00:00,-1.7,90.5,0
2023-03-28T06:00:00,-1.7,90.5,0
2023-03-28T07:00:00,-2.6,90.84,0
2023-03-28T08:00:00,-2.6,92.47,0
2023-03-28T09:00:00,0.0,87.92,0
2023-03-28T10:00:00,2.7,79.24,0
2023-03-28T11:00:00,4.1,74.52,0
2023-03-28T12:00:00,6.1,65.62,0
2023-03-28T13:00:00,7.7,55.98,0
2023-03-28T14:00:00,8.1,48.45,0
2023-03-28T15:00:00,8.7,44.75,0
2023-03-28T16:00:00,8.7,46.56,0
2023-03-28T17:00:00,9.1,42.99,0
2023-03-28T18:00:00,9.1,39.05,0
2023-03-28T19:00:00,8.7,37.53,0
2023-03-28T20:00:00,7.0,41.58,0
2023-03-28T21:00:00,5.0,51.79,0
2023-03-28T22:00:00,2.4,66.58,0
2023-03-28T23:00:00,1.8,67.07,0
2023-03-29T00:00:00,1.5,70.88,0
2023-03-29T01:00:00,0.9,71.42,0
2023-03-29T02:00:00,0.9,73.94,0
2023-03-29T03:00:00,-0.2,78.19,0
2023-03-29T04:00:00,0.3,77.92,0
2023-03-29T05:00:00,-0.2,80.95,0
2023-03-29T06:00:00,-0.4,81.98,0
2023-03-29T07:00:00,-0.4,81.98,0
2023-03-29T08:00:00,0.2,81.37,0
2023-03-29T09:00:00,2.2,81.21,0
2023-03-29T10:00:00,4.5,75.65,0
2023-03-29T11:00:00,8.1,56.55,0
2023-03-29T12:00:00,9.1,50.87,0
2023-03-29T13:00:00,9.6,47.65,0
2023-03-29T14:00:00,5.2,75.05,0
2023-03-29T15:00:00,3.3,84.27,1
2023-03-29T16:00:00,3.5,80.8,0
2023-03-29T17:00:00,3.5,71.01,0
2023-03-29T18:00:00,3.7,61.59,0
2023-03-29T19:00:00,3.1,48.09,0
2023-03-29T20:00:00,1.4,48.67,0
2023-03-29T21:00:00,0.0,50.37,0
2023-03-29T22:00:00,-1.7,60.23,0
2023-03-29T23:00:00,-2.6,62.26,0
2023-03-30T00:00:00,-3.2,65.93,0
2023-03-30T01:00:00,-4.8,71.97,0
2023-03-30T02:00:00,-4.1,67.85,0
2023-03-30T03:00:00,-5.0,71.94,0
2023-03-30T04:00:00,-5.7,73.69,0
2023-03-30T05:00:00,-5.7,73.69,0
2023-03-30T06:00:00,-6.3,77.06,0
2023-03-30T07:00:00,-6.3,80.44,0
2023-03-30T08:00:00,-5.7,76.92,0
2023-03-30T09:00:00,-2.8,67.21,0
2023-03-30T10:00:00,-0.9,62.93,0
2023-03-30T11:00:00,0.9,57.37,0
2023-03-30T12:00:00,2.9,50.69,0
2023-03-30T13:00:00,5.2,41.95,0
2023-03-30T14:00:00,7.5,38.03,0
2023-03-30T15:00:00,8.9,39.17,0
2023-03-30T16:00:00,10.6,38.42,0
2023-03-30T17:00:00,11.8,40.15,0
2023-03-30T18:00:00,12.3,40.49,0
2023-03-30T19:00:00,11.8,44.11,0
2023-03-30T20:00:00,10.4,48.61,0
2023-03-30T21:00:00,8.5,57.21,0
2023-03-30T22:00:00,8.9,55.63,0
2023-03-30T23:00:00,8.5,54.99,0
2023-03-31T00:00:00,8.1,58.83,0
2023-03-31T01:00:00,8.7,54.34,0
2023-03-31T02:00:00,9.6,51.01,0
2023-03-31T03:00:00,8.6,66.57,1
2023-03-31T04:00:00,9.1,68.33,1
2023-03-31T05:00:00,9.5,65.36,0
2023-03-31T06:00:00,8.9,76.61,1
2023-03-31T07:00:00,8.7,87.64,1
2023-03-31T08:00:00,9.1,87.67,1
2023-03-31T09:00:00,10.0,89.18,1
2023-03-31T10:00:00,11.4,84.41,1
2023-03-31T11:00:00,12.0,82.17,1
2023-03-31T12:00:00,12.7,80.68,0
2023-03-31T13:00:00,13.1,81.35,0
2023-03-31T14:00:00,15.6,77.04,1
2023-03-31T15:00:00,15.5,75.01,0
2023-03-31T16:00:00,15.9,75.33,0
2023-03-31T17:00:00,16.4,76.03,0
2023-03-31T18:00:00,16.6,75.18,0
2023-03-31T19:00:00,15.5,80.4,0
2023-03-31T20:00:00,14.6,89.19,1
2023-03-31T21:00:00,15.4,87.46,1
2023-03-31T22:00:00,15.9,84.23,0
2023-03-31T23:00:00,16.6,85.45,0
2023-04-01T00:00:00,14.1,93.7,1
2023-04-01T01:00:00,11.1,92.72,1
2023-04-01T02:00:00,10.9,93.81,1
2023-04-01T03:00:00,11.8,81.18,1
2023-04-01T04:00:00,11.8,74.95,0
2023-04-01T05:00:00,9.1,70.9,0
2023-04-01T06:00:00,7.4,77.64,0
2023-04-01T07:00:00,7.5,81.93,0
2023-04-01T08:00:00,9.3,85.61,0
2023-04-01T09:00:00,11.6,73.15,0
2023-04-01T10:00:00,7.7,80.96,0
2023-04-01T11:00:00,4.5,80.33,1
2023-04-01T12:00:00,3.7,84.31,1
2023-04-01T13:00:00,3.7,77.69,1
2023-04-01T14:00:00,3.3,85.71,0
2023-04-01T15:00:00,4.8,83.03,1
2023-04-01T16:00:00,3.9,86.09,0
2023-04-01T17:00:00,4.1,77.53,1
2023-04-01T18:00:00,3.1,74.68,0
2023-04-01T19:00:00,2.0,78.42,0
2023-04-01T20:00:00,2.2,77.45,0
2023-04-01T21:00:00,1.6,80.77,0
2023-04-01T22:00:00,1.6,80.77,0
2023-04-01T23:00:00,2.0,78.42,0
2023-04-02T00:00:00,2.0,78.42,0
2023-04-02T01:00:00,1.6,80.77,0
2023-04-02T02:00:00,1.6,80.77,0
2023-04-02T03:00:00,1.6,80.77,0
2023-04-02T04:00:00,1.8,82.2,0
2023-04-02T05:00:00,1.8,82.2,0
2023-04-02T06:00:00,1.6,84.69,0
2023-04-02T07:00:00,1.6,84.69,0
2023-04-02T08:00:00,1.6,84.69,0
2023-04-02T09:00:00,2.0,82.23,0
2023-04-02T10:00:00,3.1,77.94,0
2023-04-02T11:00:00,3.7,76.71,0
2023-04-02T12:00:00,4.1,77.53,0
2023-04-02T13:00:00,5.5,72.32,0
2023-04-02T14:00:00,6.6,67.26,0
2023-04-02T15:00:00,7.7,63.12,0
2023-04-02T16:00:00,8.3,62.7,0
2023-04-02T17:00:00,9.6,57.24,0
2023-04-02T18:00:00,10.4,54.54,0
2023-04-02T19:00:00,9.6,58.95,0
2023-04-02T20:00:00,8.7,59.72,0
2023-04-02T21:00:00,7.7,66.08,0
2023-04-02T22:00:00,6.6,71.31,0
2023-04-02T23:00:00,5.0,77.04,0
2023-04-03T00:00:00,5.4,74.14,0
2023-04-03T01:00:00,4.6,77.96,0
2023-04-03T02:00:00,4.6,77.96,0
2023-04-03T03:00:00,5.0,78.54,0
2023-04-03T04:00:00,4.6,80.6,0
2023-04-03T05:00:00,4.6,80.6,0
2023-04-03T06:00:00,4.6,77.96,0
2023-04-03T07:00:00,3.9,82.24,0
2023-04-03T08:00:00,3.1,84.61,0
2023-04-03T09:00:00,7.5,74.52,0
2023-04-03T10:00:00,11.4,57.4,0
2023-04-03T11:00:00,13.3,52.01,0
2023-04-03T12:00:00,15.0,51.21,0
2023-04-03T13:00:00,16.1,49.46,0
2023-04-03T14:00:00,18.1,42.04,0
2023-04-03T15:00:00,18.8,42.05,0
2023-04-03T16:00:00,18.7,45.39,0
2023-04-03T17:00:00,17.9,51.59,0
2023-04-03T18:00:00,17.8,52.17,0
2023-04-03T19:00:00,16.1,56.26,0
2023-04-03T20:00:00,14.5,55.02,0
2023-04-03T21:00:00,13.8,52.56,0
2023-04-03T22:00:00,12.2,60.75,1
2023-04-03T23:00:00,11.2,69.62,0
2023-04-04T00:00:00,10.8,69.13,0
2023-04-04T01:00:00,10.4,73.8,0
2023-04-04T02:00:00,9.1,77.26,0
2023-04-04T03:00:00,9.6,79.69,0
2023-04-04T04:00:00,8.7,82.5,0
2023-04-04T05:00:00,9.1,82.55,0
2023-04-04T06:00:00,9.1,85.23,0
2023-04-04T07:00:00,8.7,87.64,0
2023-04-04T08:00:00,9.1,85.26,0
2023-04-04T09:00:00,9.6,82.33,0
2023-04-04T10:00:00,9.8,84.65,0
2023-04-04T11:00:00,11.1,80.4,0
2023-04-04T12:00:00,11.3,82.71,1
2023-04-04T13:00:00,14.6,81.0,1
2023-04-04T14:00:00,18.2,73.45,0
2023-04-04T15:00:00,18.3,74.62,0
2023-04-04T16:00:00,18.9,73.58,0
2023-04-04T17:00:00,18.9,76.12,0
2023-04-04T18:00:00,18.1,83.97,0
2023-04-04T19:00:00,17.2,86.76,1
2023-04-04T20:00:00,17.2,85.79,0
2023-04-04T21:00:00,16.8,87.07,0
2023-04-04T22:00:00,16.8,87.07,0
2023-04-04T23:00:00,16.8,87.07,0
2023-04-05T00:00:00,13.9,90.16,0
2023-04-05T01:00:00,13.5,92.6,0
2023-04-05T02:00:00,17.0,85.02,0
2023-04-05T03:00:00,20.1,77.73,0
2023-04-05T04:00:00,21.6,72.14,0
2023-04-05T05:00:00,22.2,71.43,0
2023-04-05T06:00:00,22.2,71.43,0
2023-04-05T07:00:00,21.6,74.04,0
2023-04-05T08:00:00,21.1,76.17,0
2023-04-05T09:00:00,21.8,73.25,0
2023-04-05T10:00:00,22.7,67.17,0
2023-04-05T11:00:00,21.3,64.05,0
2023-04-05T12:00:00,21.8,68.5,0
2023-04-05T13:00:00,21.5,73.21,0
2023-04-05T14:00:00,18.3,83.67,1
2023-04-05T15:00:00,20.2,72.06,0
2023-04-05T16:00:00,20.2,67.14,0
2023-04-05T17:00:00,17.2,86.0,1
2023-04-05T18:00:00,17.2,84.08,0
2023-04-05T19:00:00,16.8,89.28,0
2023-04-05T20:00:00,13.2,74.61,0
2023-04-05T21:00:00,11.1,75.73,0
2023-04-05T22:00:00,9.5,75.56,0
2023-04-05T23:00:00,8.1,77.76,0
2023-04-06T00:00:00,7.2,77.61,0
2023-04-06T01:00:00,6.6,77.52,0
2023-04-06T02:00:00,5.9,72.67,0
2023-04-06T03:00:00,4.1,71.73,0
2023-04-06T04:00:00,3.7,71.65,0
2023-04-06T05:00:00,3.1,74.68,0
2023-04-06T06:00:00,3.1,74.68,0
2023-04-06T07:00:00,2.7,75.91,0
2023-04-06T08:00:00,3.1,73.73,0
2023-04-06T09:00:00,3.7,72.9,0
2023-04-06T10:00:00,4.3,65.86,0
2023-04-06T11:00:00,5.0,60.06,0
2023-04-06T12:00:00,6.1,57.23,0
2023-04-06T13:00:00,7.2,50.98,0
2023-04-06T14:00:00,8.7,46.56,0
2023-04-06T15:00:00,9.3,42.48,0
2023-04-06T16:00:00,9.8,39.77,0
2023-04-06T17:00:00,9.3,43.04,0
2023-04-06T18:00:00,9.1,43.55,0
2023-04-06T19:00:00,8.7,45.96,0
2023-04-06T20:00:00,7.9,50.1,0
2023-04-06T21:00:00,5.7,60.69,0
2023-04-06T22:00:00,4.6,65.39,0
2023-04-06T23:00:00,5.0,64.64,0
2023-04-07T00:00:00,3.5,71.93,0
2023-04-07T01:00:00,3.1,71.84,0
2023-04-07T02:00:00,2.4,73.25,0
2023-04-07T03:00:00,2.2,74.17,0
2023-04-07T04:00:00,1.6,73.45,0
2023-04-07T05:00:00,0.7,78.22,0
2023-04-07T06:00:00,0.2,81.37,0
2023-04-07T07:00:00,1.1,75.93,0
2023-04-07T08:00:00,0.7,74.88,0
2023-04-07T09:00:00,3.5,67.71,0
2023-04-07T10:00:00,5.5,54.9,0
2023-04-07T11:00:00,6.6,49.51,0
2023-04-07T12:00:00,8.1,43.09,0
2023-04-07T13:00:00,10.4,35.91,0
2023-04-07T14:00:00,10.9,33.15,0
2023-04-07T15:00:00,12.0,29.72,0
2023-04-07T16:00:00,12.5,31.27,0
2023-04-07T17:00:00,12.5,29.48,0
2023-04-07T18:00:00,12.0,32.79,0
2023-04-07T19:00:00,11.1,36.45,0
2023-04-07T20:00:00,8.9,44.25,0
2023-04-07T21:00:00,7.2,49.68,0
2023-04-07T22:00:00,5.7,58.88,0
2023-04-07T23:00:00,5.7,57.12,0
2023-04-08T00:00:00,5.0,64.64,0
2023-04-08T01:00:00,3.1,71.53,0
2023-04-08T02:00:00,2.2,76.45,0
2023-04-08T03:00:00,2.0,75.1,0
2023-04-08T04:00:00,1.4,72.13,0
2023-04-08T05:00:00,0.9,74.58,0
2023-04-08T06:00:00,0.5,76.83,0
2023-04-08T07:00:00,-0.5,81.96,0
2023-04-08T08:00:00,0.0,78.89,0
2023-04-08T09:00:00,2.7,64.95,0
2023-04-08T10:00:00,4.8,54.07,0
2023-04-08T11:00:00,7.5,44.85,0
2023-04-08T12:00:00,9.1,40.8,0
2023-04-08T13:00:00,10.5,38.9,0
2023-04-08T14:00:00,12.0,34.85,0
2023-04-08T15:00:00,12.7,33.72,0
2023-04-08T16:00:00,13.3,32.45,0
2023-04-08T17:00:00,13.7,31.59,0
2023-04-08T18:00:00,14.1,30.76,0
2023-04-08T19:00:00,13.7,30.12,0
2023-04-08T20:00:00,11.3,40.33,0
2023-04-08T21:00:00,9.1,47.89,0
2023-04-08T22:00:00,7.2,58.02,0
2023-04-08T23:00:00,6.6,60.41,0
2023-04-09T00:00:00,4.6,71.83,0
2023-04-09T01:00:00,3.7,75.74,0
2023-04-09T02:00:00,3.1,75.98,0
2023-04-09T03:00:00,2.5,76.86,0
2023-04-09T04:00:00,2.0,77.42,0
2023-04-09T05:00:00,2.0,77.42,0
2023-04-09T06:00:00,0.7,81.32,0
2023-04-09T07:00:00,0.9,79.94,0
2023-04-09T08:00:00,1.4,79.71,0
2023-04-09T09:00:00,5.0,67.47,0
2023-04-09T10:00:00,9.3,51.57,0
2023-04-09T11:00:00,12.7,38.4,0
2023-04-09T12:00:00,14.1,30.76,0
2023-04-09T13:00:00,15.5,28.56,0
2023-04-09T14:00:00,17.0,27.4,0
2023-04-09T15:00:00,17.7,26.55,0
2023-04-09T16:00:00,17.2,27.45,0
2023-04-09T17:00:00,17.7,26.55,0
2023-04-09T18:00:00,17.7,26.55,0
2023-04-09T19:00:00,16.6,29.37,0
2023-04-09T20:00:00,13.5,39.62,0
2023-04-09T21:00:00,11.1,44.27,0
2023-04-09T22:00:00,9.8,48.53,0
2023-04-09T23:00:00,8.1,54.43,0
2023-04-10T00:00:00,8.1,52.81,0
2023-04-10T01:00:00,7.4,55.63,0
2023-04-10T02:00:00,6.8,58.41,0
2023-04-10T03:00:00,5.6,62.93,0
2023-04-10T04:00:00,4.8,66.28,0
2023-04-10T05:00:00,3.1,72.46,0
2023-04-10T06:00:00,3.1,72.46,0
2023-04-10T07:00:00,2.5,77.86,0
2023-04-10T08:00:00,3.1,79.96,0
2023-04-10T09:00:00,8.1,65.35,0
2023-04-10T10:00:00,11.8,48.68,0
2023-04-10T11:00:00,14.8,35.39,0
2023-04-10T12:00:00,16.6,30.27,0
2023-04-10T13:00:00,17.2,25.61,0
2023-04-10T14:00:00,18.7,24.62,0
2023-04-10T15:00:00,19.1,23.08,0
2023-04-10T16:00:00,19.3,24.46,0
2023-04-10T17:00:00,19.6,22.92,0
2023-04-10T18:00:00,19.3,24.46,0
2023-04-10T19:00:00,18.7,26.95,0
2023-04-10T20:00:00,16.3,33.01,0
2023-04-10T21:00:00,13.7,37.55,0
2023-04-10T22:00:00,9.6,53.07,0
2023-04-10T23:00:00,10.0,49.83,0
2023-04-11T00:00:00,8.3,56.59,0
2023-04-11T01:00:00,7.0,67.05,0
2023-04-11T02:00:00,7.3,62.22,0
2023-04-11T03:00:00,6.0,67.79,0
2023-04-11T04:00:00,6.1,64.79,0
2023-04-11T05:00:00,5.7,66.76,0
2023-04-11T06:00:00,5.2,66.65,0
2023-04-11T07:00:00,5.2,66.65,0
2023-04-11T08:00:00,7.1,60.53,0
2023-04-11T09:00:00,11.3,54.11,0
2023-04-11T10:00:00,15.5,38.89,0
2023-04-11T11:00:00,18.7,31.17,0
2023-04-11T12:00:00,21.1,29.29,0
2023-04-11T13:00:00,21.8,27.81,0
2023-04-11T14:00:00,22.7,26.6,0
2023-04-11T15:00:00,22.7,26.27,0
2023-04-11T16:00:00,23.1,28.19,0
2023-04-11T17:00:00,23.7,28.7,0
2023-04-11T18:00:00,23.7,29.06,0
2023-04-11T19:00:00,22.7,33.26,0
2023-04-11T20:00:00,20.7,38.64,0
2023-04-11T21:00:00,16.8,52.32,0
2023-04-11T22:00:00,15.5,57.57,0
2023-04-11T23:00:00,15.5,57.57,0
2023-04-12T00:00:00,14.8,58.54,0
2023-04-12T01:00:00,14.4,60.12,0
2023-04-12T02:00:00,13.4,62.13,0
2023-04-12T03:00:00,13.2,62.85,0
2023-04-12T04:00:00,11.7,66.93,0
2023-04-12T05:00:00,10.5,69.47,0
2023-04-12T06:00:00,10.3,70.29,0
2023-04-12T07:00:00,10.3,66.94,0
2023-04-12T08:00:00,11.3,65.15,0
2023-04-12T09:00:00,15.0,51.21,0
2023-04-12T10:00:00,18.3,40.03,0
2023-04-12T11:00:00,20.5,36.55,0
2023-04-12T12:00:00,22.7,35.05,0
2023-04-12T13:00:00,23.7,37.2,0
2023-04-12T14:00:00,24.8,34.38,0
2023-04-12T15:00:00,25.5,31.78,0
2023-04-12T16:00:00,25.9,28.86,0
2023-04-12T17:00:00,26.1,28.21,0
2023-04-12T18:00:00,25.7,27.76,0
2023-04-12T19:00:00,25.0,27.9,0
2023-04-12T20:00:00,22.9,32.9,0
2023-04-12T21:00:00,18.8,43.99,0
2023-04-12T22:00:00,16.8,50.86,0
2023-04-12T23:00:00,15.8,52.74,0
2023-04-13T00:00:00,13.9,62.1,0
2023-04-13T01:00:00,13.9,59.73,0
2023-04-13T02:00:00,12.9,61.59,0
2023-04-13T03:00:00,11.7,66.37,0
2023-04-13T04:00:00,10.7,65.05,0
2023-04-13T05:00:00,10.0,67.99,0
2023-04-13T06:00:00,10.0,65.65,0
2023-04-13T07:00:00,9.4,68.52,0
2023-04-13T08:00:00,10.7,65.05,0
2023-04-13T09:00:00,15.2,50.24,0
2023-04-13T10:00:00,18.3,38.41,0
2023-04-13T11:00:00,21.6,30.8,0
2023-04-13T12:00:00,23.7,25.35,0
2023-04-13T13:00:00,25.5,25.72,0
2023-04-13T14:00:00,25.5,24.99,0
2023-04-13T15:00:00,26.6,23.48,0
2023-04-13T16:00:00,26.6,21.44,0
2023-04-13T17:00:00,26.6,19.81,0
2023-04-13T18:00:00,26.6,20.22,0
2023-04-13T19:00:00,25.7,23.44,0
2023-04-13T20:00:00,22.1,30.45,0
2023-04-13T21:00:00,18.5,38.26,0
2023-04-13T22:00:00,16.8,40.08,0
2023-04-13T23:00:00,15.5,41.06,0
2023-04-14T00:00:00,14.5,45.66,0
2023-04-14T01:00:00,11.9,58.03,0
2023-04-14T02:00:00,11.1,63.54,0
2023-04-14T03:00:00,10.9,63.5,0
2023-04-14T04:00:00,9.5,68.96,0
2023-04-14T05:00:00,9.1,75.39,0
2023-04-14T06:00:00,8.7,77.52,0
2023-04-14T07:00:00,9.1,71.95,0
2023-04-14T08:00:00,9.8,73.7,0
2023-04-14T09:00:00,15.0,57.89,0
2023-04-14T10:00:00,18.5,46.81,0
2023-04-14T11:00:00,20.5,41.54,0
2023-04-14T12:00:00,24.3,30.79,0
2023-04-14T13:00:00,25.9,27.04,0
2023-04-14T14:00:00,26.6,25.07,0
2023-04-14T15:00:00,27.2,24.22,0
2023-04-14T16:00:00,27.7,22.64,0
2023-04-14T17:00:00,27.2,21.76,0
2023-04-14T18:00:00,26.6,25.41,0
2023-04-14T19:00:00,24.6,28.53,0
2023-04-14T20:00:00,22.9,34.68,0
2023-04-14T21:00:00,21.3,42.2,0
2023-04-14T22:00:00,18.9,53.09,0
2023-04-14T23:00:00,18.5,57.85,0
2023-04-15T00:00:00,18.5,59.22,0
2023-04-15T01:00:00,18.1,63.2,0
2023-04-15T02:00:00,18.5,59.92,0
2023-04-15T03:00:00,16.3,68.7,0
2023-04-15T04:00:00,15.0,74.71,0
2023-04-15T05:00:00,15.7,75.6,0
2023-04-15T06:00:00,15.5,79.48,0
2023-04-15T07:00:00,16.2,73.96,0
2023-04-15T08:00:00,16.6,73.18,0
2023-04-15T09:00:00,20.0,64.51,0
2023-04-15T10:00:00,21.1,59.3,0
2023-04-15T11:00:00,21.5,56.07,0
2023-04-15T12:00:00,22.9,51.49,0
2023-04-15T13:00:00,24.1,47.79,0
2023-04-15T14:00:00,24.5,44.16,0
2023-04-15T15:00:00,26.1,39.55,0
2023-04-15T16:00:00,25.7,39.43,0
2023-04-15T17:00:00,27.0,34.83,0
2023-04-15T18:00:00,26.6,31.7,0
2023-04-15T19:00:00,24.6,37.18,0
2023-04-15T20:00:00,23.5,40.54,0
2023-04-15T21:00:00,20.0,51.32,0
2023-04-15T22:00:00,18.5,55.56,0
2023-04-15T23:00:00,18.1,59.06,0
2023-04-16T00:00:00,18.1,61.25,0
2023-04-16T01:00:00,17.9,64.4,0
2023-04-16T02:00:00,19.1,59.83,0
2023-04-16T03:00:00,18.3,63.0,0
2023-04-16T04:00:00,18.5,62.07,0
2023-04-16T05:00:00,17.7,67.41,0
2023-04-16T06:00:00,16.1,75.36,0
2023-04-16T07:00:00,15.0,78.6,0
2023-04-16T08:00:00,15.7,75.04,0
2023-04-16T09:00:00,17.7,70.07,0
2023-04-16T10:00:00,18.3,62.01,0
2023-04-16T11:00:00,19.1,58.22,0
2023-04-16T12:00:00,17.2,67.57,0
2023-04-16T13:00:00,13.6,86.77,1
2023-04-16T14:00:00,10.2,83.68,0
2023-04-16T15:00:00,9.8,78.76,0
2023-04-16T16:00:00,8.3,73.43,0
2023-04-16T17:00:00,8.9,67.72,0
2023-04-16T18:00:00,9.1,62.62,0
2023-04-16T19:00:00,8.1,62.15,0
2023-04-16T20:00:00,7.0,69.32,0
2023-04-16T21:00:00,6.6,70.42,0
2023-04-16T22:00:00,5.5,73.24,0
2023-04-16T23:00:00,5.0,79.65,0
2023-04-17T00:00:00,3.5,75.84,0
2023-04-17T01:00:00,3.5,77.66,0
2023-04-17T02:00:00,3.1,89.72,1
2023-04-17T03:00:00,3.5,84.29,1
2023-04-17T04:00:00,2.5,78.86,0
2023-04-17T05:00:00,2.0,86.53,0
2023-04-17T06:00:00,2.0,86.53,0
2023-04-17T07:00:00,1.6,78.36,0
2023-04-17T08:00:00,2.0,75.1,0
2023-04-17T09:00:00,1.8,77.04,0
2023-04-17T10:00:00,1.4,75.35,0
2023-04-17T11:00:00,2.0,77.42,0
2023-04-17T12:00:00,2.2,76.45,0
2023-04-17T13:00:00,3.1,63.91,0
2023-04-17T14:00:00,3.5,62.08,0
2023-04-17T15:00:00,3.7,63.22,0
2023-04-17T16:00:00,3.5,68.59,0
2023-04-17T17:00:00,3.1,69.4,0
2023-04-17T18:00:00,3.1,64.75,0
2023-04-17T19:00:00,3.1,66.76,0
2023-04-17T20:00:00,3.1,64.75,0
2023-04-17T21:00:00,3.1,64.75,0
2023-04-17T22:00:00,3.1,64.75,0
2023-04-17T23:00:00,2.8,67.25,0
2023-04-18T00:00:00,2.0,71.31,0
2023-04-18T01:00:00,2.0,70.39,0
2023-04-18T02:00:00,2.0,70.39,0
2023-04-18T03:00:00,2.0,70.39,0
2023-04-18T04:00:00,2.0,69.48,0
2023-04-18T05:00:00,2.0,69.48,0
2023-04-18T06:00:00,2.0,70.39,0
2023-04-18T07:00:00,0.2,79.21,0
2023-04-18T08:00:00,1.2,79.37,0
2023-04-18T09:00:00,2.0,74.82,0
2023-04-18T10:00:00,3.2,68.83,0
2023-04-18T11:00:00,5.0,60.56,0
2023-04-18T12:00:00,6.0,57.24,0
2023-04-18T13:00:00,8.0,50.55,0
2023-04-18T14:00:00,9.8,44.7,0
2023-04-18T15:00:00,10.8,44.42,0
2023-04-18T16:00:00,12.6,39.38,0
2023-04-18T17:00:00,12.6,36.59,0
2023-04-18T18:00:00,13.5,32.63,0
2023-04-18T19:00:00,12.6,31.96,0
2023-04-18T20:00:00,11.6,34.13,0
2023-04-18T21:00:00,9.5,39.46,0
2023-04-18T22:00:00,7.6,44.64,0
2023-04-18T23:00:00,6.3,48.97,0
2023-04-19T00:00:00,4.6,58.39,0
2023-04-19T01:00:00,2.8,66.38,0
2023-04-19T02:00:00,2.5,68.95,0
2023-04-19T03:00:00,0.8,76.58,0
2023-04-19T04:00:00,0.8,72.02,0
2023-04-19T05:00:00,1.5,73.09,0
2023-04-19T06:00:00,0.0,81.28,0
2023-04-19T07:00:00,2.5,68.95,0
2023-04-19T08:00:00,1.6,78.73,0
2023-04-19T09:00:00,5.8,62.34,0
2023-04-19T10:00:00,8.6,47.76,0
2023-04-19T11:00:00,10.8,41.81,0
2023-04-19T12:00:00,12.8,36.64,0
2023-04-19T13:00:00,14.6,34.58,0
2023-04-19T14:00:00,16.6,32.3,0
2023-04-19T15:00:00,17.8,34.2,0
2023-04-19T16:00:00,19.6,32.76,0
2023-04-19T17:00:00,21.6,31.08,0
2023-04-19T18:00:00,22.5,33.57,0
2023-04-19T19:00:00,23.3,34.21,0
2023-04-19T20:00:00,22.1,37.19,0
2023-04-19T21:00:00,20.1,44.49,0
2023-04-19T22:00:00,17.6,50.86,0
2023-04-19T23:00:00,11.5,59.36,0
2023-04-20T00:00:00,9.6,75.21,0
2023-04-20T01:00:00,8.8,79.51,0
2023-04-20T02:00:00,8.8,75.07,0
2023-04-20T03:00:00,7.8,85.08,0
2023-04-20T04:00:00,7.8,90.07,0
2023-04-20T05:00:00,7.8,85.08,0
2023-04-20T06:00:00,7.8,85.08,0
2023-04-20T07:00:00,7.8,85.08,0
2023-04-20T08:00:00,8.6,87.25,0
2023-04-20T09:00:00,10.5,81.68,0
2023-04-20T10:00:00,10.6,86.41,0
2023-04-20T11:00:00,12.5,81.94,0
2023-04-20T12:00:00,15.3,74.66,1
2023-04-20T13:00:00,22.1,46.12,0
2023-04-20T14:00:00,22.6,42.76,0
2023-04-20T15:00:00,23.1,47.48,1
2023-04-20T16:00:00,26.5,31.79,0
2023-04-20T17:00:00,26.8,27.17,0
2023-04-20T18:00:00,27.8,25.31,0
2023-04-20T19:00:00,26.8,28.4,0
2023-04-20T20:00:00,25.0,31.27,0
2023-04-20T21:00:00,24.0,33.6,0
2023-04-20T22:00:00,21.3,41.25,0
2023-04-20T23:00:00,21.0,42.14,0
2023-04-21T00:00:00,19.0,59.76,0
2023-04-21T01:00:00,17.0,72.4,0
2023-04-21T02:00:00,16.0,81.44,0
2023-04-21T03:00:00,16.8,77.28,0
2023-04-21T04:00:00,16.8,78.17,0
2023-04-21T05:00:00,15.8,88.92,1
2023-04-21T06:00:00,11.8,93.59,1
2023-04-21T07:00:00,10.8,92.45,1
2023-04-21T08:00:00,9.6,93.49,1
2023-04-21T09:00:00,7.8,93.39,1
2023-04-21T10:00:00,7.8,93.39,1
2023-04-21T11:00:00,8.6,88.31,1
2023-04-21T12:00:00,8.8,87.27,0
2023-04-21T13:00:00,8.8,82.46,0
2023-04-21T14:00:00,10.2,71.12,0
2023-04-21T15:00:00,10.2,74.39,0
2023-04-21T16:00:00,11.2,73.68,0
2023-04-21T17:00:00,11.2,71.92,0
2023-04-21T18:00:00,12.0,70.62,0
2023-04-21T19:00:00,10.8,77.25,0
2023-04-21T20:00:00,10.8,81.73,0
2023-04-21T21:00:00,9.0,87.29,0
2023-04-21T22:00:00,8.0,88.26,0
2023-04-21T23:00:00,8.0,82.35,0
2023-04-22T00:00:00,7.8,82.33,0
2023-04-22T01:00:00,7.8,82.33,0
2023-04-22T02:00:00,7.0,93.35,0
2023-04-22T03:00:00,7.0,92.23,0
2023-04-22T04:00:00,7.8,93.39,1
2023-04-22T05:00:00,7.8,93.39,0
2023-04-22T06:00:00,7.8,88.24,0
2023-04-22T07:00:00,6.8,94.48,0
2023-04-22T08:00:00,5.8,94.44,0
2023-04-22T09:00:00,7.8,84.36,0
2023-04-22T10:00:00,9.6,58.17,0
2023-04-22T11:00:00,10.0,56.82,0
2023-04-22T12:00:00,10.0,50.47,0
2023-04-22T13:00:00,9.0,50.19,0
2023-04-22T14:00:00,8.0,57.02,0
2023-04-22T15:00:00,7.8,59.19,0
2023-04-22T16:00:00,7.0,64.8,0
2023-04-22T17:00:00,6.0,69.41,0
2023-04-22T18:00:00,6.0,61.59,0
2023-04-22T19:00:00,5.8,55.22,0
2023-04-22T20:00:00,4.6,64.51,0
2023-04-22T21:00:00,4.6,60.71,0
2023-04-22T22:00:00,4.5,61.46,0
2023-04-22T23:00:00,3.8,67.47,0
2023-04-23T00:00:00,3.0,75.96,0
2023-04-23T01:00:00,2.8,76.91,0
2023-04-23T02:00:00,2.8,76.91,0
2023-04-23T03:00:00,2.0,76.78,0
2023-04-23T04:00:00,2.0,81.56,0
2023-04-23T05:00:00,1.2,86.52,0
2023-04-23T06:00:00,1.2,86.52,0
2023-04-23T07:00:00,2.0,81.56,0
2023-04-23T08:00:00,2.0,86.6,0
2023-04-23T09:00:00,3.0,80.66,0
2023-04-23T10:00:00,3.2,85.63,0
2023-04-23T11:00:00,5.8,70.26,0
2023-04-23T12:00:00,5.6,67.86,0
2023-04-23T13:00:00,6.3,64.89,0
2023-04-23T14:00:00,6.6,63.34,0
2023-04-23T15:00:00,5.8,59.45,0
2023-04-23T16:00:00,5.8,59.45,0
2023-04-23T17:00:00,5.8,58.69,0
2023-04-23T18:00:00,5.8,63.14,0
2023-04-23T19:00:00,5.8,59.45,0
2023-04-23T20:00:00,4.8,63.72,0
2023-04-23T21:00:00,4.6,63.68,0
2023-04-23T22:00:00,3.8,68.34,0
2023-04-23T23:00:00,3.6,73.5,0
2023-04-24T00:00:00,2.8,82.71,0
2023-04-24T01:00:00,2.8,87.79,0
2023-04-24T02:00:00,2.0,93.09,0
2023-04-24T03:00:00,2.0,93.09,0
2023-04-24T04:00:00,1.0,98.74,0
2023-04-24T05:00:00,1.0,94.22,0
2023-04-24T06:00:00,-0.7,98.73,0
2023-04-24T07:00:00,-0.8,94.14,0
2023-04-24T08:00:00,-0.7,100.0,0
2023-04-24T09:00:00,3.0,86.7,0
2023-04-24T10:00:00,5.0,70.1,0
2023-04-24T11:00:00,5.8,57.93,0
2023-04-24T12:00:00,5.0,60.56,0
2023-04-24T13:00:00,6.6,48.43,0
2023-04-24T14:00:00,7.8,44.11,0
2023-04-24T15:00:00,8.8,38.24,0
2023-04-24T16:00:00,8.6,39.73,0
2023-04-24T17:00:00,8.8,38.75,0
2023-04-24T18:00:00,9.6,33.09,0
2023-04-24T19:00:00,8.8,37.24,0
2023-04-24T20:00:00,8.6,38.19,0
2023-04-24T21:00:00,7.5,41.91,0
2023-04-24T22:00:00,4.3,56.27,0
2023-04-24T23:00:00,2.6,67.21,0
2023-04-25T00:00:00,1.6,75.73,0
2023-04-25T01:00:00,0.8,76.58,0
2023-04-25T02:00:00,0.6,77.55,0
2023-04-25T03:00:00,0.8,81.4,0
2023-04-25T04:00:00,2.5,73.28,0
2023-04-25T05:00:00,3.8,65.75,0
2023-04-25T06:00:00,3.8,63.49,0
2023-04-25T07:00:00,3.0,75.96,0
2023-04-25T08:00:00,3.8,77.08,0
2023-04-25T09:00:00,5.0,70.1,0
2023-04-25T10:00:00,5.8,70.26,0
2023-04-25T11:00:00,6.6,68.08,0
2023-04-25T12:00:00,8.5,60.11,0
2023-04-25T13:00:00,8.8,55.31,0
2023-04-25T14:00:00,10.5,53.31,0
2023-04-25T15:00:00,11.0,51.01,0
2023-04-25T16:00:00,10.3,56.68,0
2023-04-25T17:00:00,9.5,62.73,0
2023-04-25T18:00:00,10.3,65.37,0
2023-04-25T19:00:00,8.6,69.23,0
2023-04-25T20:00:00,7.6,73.18,0
2023-04-25T21:00:00,6.7,76.09,0
2023-04-25T22:00:00,5.3,78.29,0
2023-04-25T23:00:00,4.5,82.92,0
2023-04-26T00:00:00,2.6,88.89,0
2023-04-26T01:00:00,2.5,88.87,0
2023-04-26T02:00:00,1.0,92.98,0
2023-04-26T03:00:00,1.3,89.56,0
2023-04-26T04:00:00,0.3,89.28,0
2023-04-26T05:00:00,-1.1,94.13,0
2023-04-26T06:00:00,-1.6,92.63,0
2023-04-26T07:00:00,-1.1,94.13,0
2023-04-26T08:00:00,0.8,89.13,0
2023-04-26T09:00:00,3.9,80.57,0
2023-04-26T10:00:00,6.8,67.27,0
2023-04-26T11:00:00,8.8,56.25,0
2023-04-26T12:00:00,10.5,46.27,0
2023-04-26T13:00:00,11.7,42.25,0
2023-04-26T14:00:00,10.8,44.13,0
2023-04-26T15:00:00,11.3,40.62,0
2023-04-26T16:00:00,12.7,38.9,0
2023-04-26T17:00:00,12.7,37.74,0
2023-04-26T18:00:00,12.7,34.77,0
2023-04-26T19:00:00,12.7,35.68,0
2023-04-26T20:00:00,10.9,42.55,0
2023-04-26T21:00:00,8.9,45.82,0
2023-04-26T22:00:00,7.5,51.08,0
2023-04-26T23:00:00,6.6,54.47,0
2023-04-27T00:00:00,3.9,67.79,0
2023-04-27T01:00:00,3.7,68.63,0
2023-04-27T02:00:00,2.7,71.45,0
2023-04-27T03:00:00,2.0,72.25,0
2023-04-27T04:00:00,1.8,72.21,0
2023-04-27T05:00:00,1.4,75.35,0
2023-04-27T06:00:00,0.9,76.9,0
2023-04-27T07:00:00,0.5,77.84,0
2023-04-27T08:00:00,2.7,74.61,0
2023-04-27T09:00:00,6.4,63.52,0
2023-04-27T10:00:00,9.6,51.01,0
2023-04-27T11:00:00,11.8,44.11,0
2023-04-27T12:00:00,12.8,38.93,0
2023-04-27T13:00:00,13.8,36.01,0
2023-04-27T14:00:00,14.8,32.09,0
2023-04-27T15:00:00,15.9,31.53,0
2023-04-27T16:00:00,16.6,29.88,0
2023-04-27T17:00:00,16.1,29.86,0
2023-04-27T18:00:00,16.6,28.13,0
2023-04-27T19:00:00,15.9,29.3,0
2023-04-27T20:00:00,14.3,33.6,0
2023-04-27T21:00:00,12.5,39.34,0
2023-04-27T22:00:00,11.8,47.06,0
2023-04-27T23:00:00,10.8,53.06,0
2023-04-28T00:00:00,9.6,55.37,0
2023-04-28T01:00:00,9.1,56.73,0
2023-04-28T02:00:00,8.5,61.7,0
2023-04-28T03:00:00,7.9,71.87,1
2023-04-28T04:00:00,7.2,79.55,1
2023-04-28T05:00:00,7.2,80.54,1
2023-04-28T06:00:00,7.0,84.94,1
2023-04-28T07:00:00,7.2,89.32,1
2023-04-28T08:00:00,7.0,91.51,1
2023-04-28T09:00:00,7.5,90.83,1
2023-04-28T10:00:00,8.1,90.1,1
2023-04-28T11:00:00,9.1,94.58,1
2023-04-28T12:00:00,10.0,92.79,1
2023-04-28T13:00:00,10.0,93.9,1
2023-04-28T14:00:00,10.5,90.53,1
2023-04-28T15:00:00,10.7,93.09,1
2023-04-28T16:00:00,11.1,93.82,1
2023-04-28T17:00:00,11.6,94.35,1
2023-04-28T18:00:00,12.0,94.37,1
2023-04-28T19:00:00,11.6,94.35,1
2023-04-28T20:00:00,11.4,94.35,1
2023-04-28T21:00:00,10.9,93.81,1
2023-04-28T22:00:00,10.5,93.08,1
2023-04-28T23:00:00,10.5,93.08,0
2023-04-29T00:00:00,10.5,93.08,0
2023-04-29T01:00:00,10.5,93.08,0
2023-04-29T02:00:00,10.5,93.08,0
2023-04-29T03:00:00,10.5,90.53,0
2023-04-29T04:00:00,10.5,93.08,0
2023-04-29T05:00:00,10.4,90.52,0
2023-04-29T06:00:00,9.8,91.31,0
2023-04-29T07:00:00,8.5,91.22,0
2023-04-29T08:00:00,8.5,88.36,0
2023-04-29T09:00:00,9.3,85.25,0
2023-04-29T10:00:00,11.1,78.51,0
2023-04-29T11:00:00,13.3,73.44,0
2023-04-29T12:00:00,15.0,65.0,0
2023-04-29T13:00:00,16.6,59.64,0
2023-04-29T14:00:00,17.7,52.56,0
2023-04-29T15:00:00,18.7,48.77,0
2023-04-29T16:00:00,20.2,39.92,0
2023-04-29T17:00:00,19.1,36.94,0
2023-04-29T18:00:00,13.3,83.08,1
2023-04-29T19:00:00,13.1,85.36,1
2023-04-29T20:00:00,12.0,84.48,1
2023-04-29T21:00:00,10.9,84.66,0
2023-04-29T22:00:00,9.1,85.23,0
2023-04-29T23:00:00,7.7,93.79,0
2023-04-30T00:00:00,8.1,93.81,0
2023-04-30T01:00:00,7.7,90.84,0
2023-04-30T02:00:00,8.1,88.33,0
2023-04-30T03:00:00,7.2,84.95,1
2023-04-30T04:00:00,6.8,89.54,1
2023-04-30T05:00:00,6.6,89.53,1
2023-04-30T06:00:00,6.6,85.25,1
2023-04-30T07:00:00,5.5,90.56,0
2023-04-30T08:00:00,5.9,90.2,0
2023-04-30T09:00:00,7.7,79.0,0
2023-04-30T10:00:00,8.7,73.82,0
2023-04-30T11:00:00,8.7,67.96,0
2023-04-30T12:00:00,10.5,54.59,0
2023-04-30T13:00:00,10.0,54.08,0
2023-04-30T14:00:00,9.5,57.92,0
2023-04-30T15:00:00,11.1,52.71,0
2023-04-30T16:00:00,10.5,57.63,0
2023-04-30T17:00:00,10.5,50.62,0
2023-04-30T18:00:00,9.5,56.02,0
2023-04-30T19:00:00,7.9,62.11,0
2023-04-30T20:00:00,7.2,70.53,0
2023-04-30T21:00:00,5.4,84.1,0
2023-04-30T22:00:00,4.6,88.35,0
2023-04-30T23:00:00,4.6,87.25,1
2023-05-01T00:00:00,4.6,87.25,0
2023-05-01T01:00:00,4.6,85.11,0
2023-05-01T02:00:00,4.6,88.35,0
2023-05-01T03:00:00,4.1,87.2,0
2023-05-01T04:00:00,4.6,87.25,1
2023-05-01T05:00:00,4.1,90.52,0
2023-05-01T06:00:00,4.1,87.2,0
2023-05-01T07:00:00,4.1,90.52,0
2023-05-01T08:00:00,4.1,91.65,1
2023-05-01T09:00:00,4.1,87.2,1
2023-05-01T10:00:00,4.1,87.2,1
2023-05-01T11:00:00,4.1,84.67,1
2023-05-01T12:00:00,4.3,87.22,1
2023-05-01T13:00:00,3.7,87.16,1
2023-05-01T14:00:00,4.5,85.09,1
2023-05-01T15:00:00,5.9,80.66,0
2023-05-01T16:00:00,6.1,81.04,1
2023-05-01T17:00:00,5.9,78.68,1
2023-05-01T18:00:00,5.5,73.24,0
2023-05-01T19:00:00,4.1,84.67,0
2023-05-01T20:00:00,4.1,84.67,0
2023-05-01T21:00:00,3.3,89.73,1
2023-05-01T22:00:00,4.1,91.65,1
2023-05-01T23:00:00,5.4,86.5,1
2023-05-02T00:00:00,5.4,86.5,0
2023-05-02T01:00:00,5.9,83.05,0
2023-05-02T02:00:00,5.8,81.65,1
2023-05-02T03:00:00,5.2,80.91,0
2023-05-02T04:00:00,5.2,78.57,0
2023-05-02T05:00:00,4.6,81.62,0
2023-05-02T06:00:00,4.6,81.62,0
2023-05-02T07:00:00,4.1,84.67,0
2023-05-02T08:00:00,4.1,84.67,0
2023-05-02T09:00:00,4.6,85.11,0
2023-05-02T10:00:00,5.5,76.68,0
2023-05-02T11:00:00,5.2,82.05,1
2023-05-02T12:00:00,6.6,73.44,0
2023-05-02T13:00:00,6.8,71.37,0
2023-05-02T14:00:00,7.0,70.19,0
2023-05-02T15:00:00,7.0,67.05,0
2023-05-02T16:00:00,7.0,66.21,0
2023-05-02T17:00:00,7.0,66.21,0
2023-05-02T18:00:00,6.6,65.29,0
2023-05-02T19:00:00,6.6,65.29,0
2023-05-02T20:00:00,6.6,65.29,0
2023-05-02T21:00:00,6.1,68.27,0
2023-05-02T22:00:00,5.9,69.1,0
2023-05-02T23:00:00,5.4,71.07,0
2023-05-03T00:00:00,4.8,68.3,0
2023-05-03T01:00:00,4.6,72.75,0
2023-05-03T02:00:00,4.6,76.65,0
2023-05-03T03:00:00,4.1,84.67,0
2023-05-03T04:00:00,4.1,87.2,1
2023-05-03T05:00:00,4.8,84.08,0
2023-05-03T06:00:00,5.4,80.94,0
2023-05-03T07:00:00,5.0,83.05,0
2023-05-03T08:00:00,5.5,79.96,0
2023-05-03T09:00:00,5.9,80.66,0
2023-05-03T10:00:00,7.0,75.03,0
2023-05-03T11:00:00,7.7,73.64,0
2023-05-03T12:00:00,9.1,69.75,0
2023-05-03T13:00:00,9.8,67.36,0
2023-05-03T14:00:00,10.5,66.07,0
2023-05-03T15:00:00,10.5,66.07,0
2023-05-03T16:00:00,11.1,63.54,0
2023-05-03T17:00:00,11.1,63.54,0
2023-05-03T18:00:00,11.1,61.73,0
2023-05-03T19:00:00,11.1,63.54,0
2023-05-03T20:00:00,9.8,66.54,0
2023-05-03T21:00:00,8.1,71.6,0
2023-05-03T22:00:00,7.5,74.52,0
2023-05-03T23:00:00,6.8,75.94,0
2023-05-04T00:00:00,5.4,79.93,0
2023-05-04T01:00:00,5.4,79.93,0
2023-05-04T02:00:00,4.1,84.67,0
2023-05-04T03:00:00,3.1,87.88,0
2023-05-04T04:00:00,2.2,90.04,0
2023-05-04T05:00:00,2.2,91.18,0
2023-05-04T06:00:00,4.1,87.2,0
2023-05-04T07:00:00,4.1,87.2,0
2023-05-04T08:00:00,5.5,83.0,0
2023-05-04T09:00:00,7.6,75.6,0
2023-05-04T10:00:00,10.2,70.16,0
2023-05-04T11:00:00,12.7,59.41,0
2023-05-04T12:00:00,14.1,56.28,0
2023-05-04T13:00:00,15.0,48.76,0
2023-05-04T14:00:00,15.5,42.62,0
2023-05-04T15:00:00,16.4,43.25,0
2023-05-04T16:00:00,16.1,41.56,0
2023-05-04T17:00:00,17.9,39.27,0
2023-05-04T18:00:00,17.5,39.15,0
2023-05-04T19:00:00,17.7,38.72,0
2023-05-04T20:00:00,16.6,46.23,0
2023-05-04T21:00:00,13.5,56.98,0
2023-05-04T22:00:00,12.0,59.97,0
2023-05-04T23:00:00,10.6,65.8,0
2023-05-05T00:00:00,9.6,67.33,0
2023-05-05T01:00:00,8.1,75.55,0
2023-05-05T02:00:00,7.9,75.52,0
2023-05-05T03:00:00,8.6,72.27,0
2023-05-05T04:00:00,8.1,72.49,0
2023-05-05T05:00:00,6.8,77.21,0
2023-05-05T06:00:00,7.3,73.26,0
2023-05-05T07:00:00,7.2,74.14,0
2023-05-05T08:00:00,9.1,76.32,0
2023-05-05T09:00:00,13.1,60.06,0
2023-05-05T10:00:00,16.4,48.56,0
2023-05-05T11:00:00,18.1,42.5,0
2023-05-05T12:00:00,19.1,39.44,0
2023-05-05T13:00:00,20.9,35.2,0
2023-05-05T14:00:00,20.9,33.94,0
2023-05-05T15:00:00,22.0,32.21,0
2023-05-05T16:00:00,22.0,32.21,0
2023-05-05T17:00:00,22.2,31.48,0
2023-05-05T18:00:00,21.6,31.7,0
2023-05-05T19:00:00,20.5,36.11,0
2023-05-05T20:00:00,19.3,42.2,0
2023-05-05T21:00:00,17.2,48.77,0
2023-05-05T22:00:00,15.7,53.53,0
2023-05-05T23:00:00,15.0,57.89,0
2023-05-06T00:00:00,13.5,60.9,0
2023-05-06T01:00:00,11.8,70.29,0
2023-05-06T02:00:00,10.9,73.59,0
2023-05-06T03:00:00,9.3,79.63,0
2023-05-06T04:00:00,9.1,80.58,0
2023-05-06T05:00:00,8.7,80.52,0
2023-05-06T06:00:00,8.1,80.67,0
2023-05-06T07:00:00,7.7,86.18,0
2023-05-06T08:00:00,9.8,80.34,0
2023-05-06T09:00:00,13.1,66.44,0
2023-05-06T10:00:00,15.9,52.73,0
2023-05-06T11:00:00,18.9,45.07,0
2023-05-06T12:00:00,20.2,40.4,0
2023-05-06T13:00:00,20.2,42.96,0
2023-05-06T14:00:00,19.5,46.51,0
2023-05-06T15:00:00,20.5,45.3,0
2023-05-06T16:00:00,22.0,43.09,0
2023-05-06T17:00:00,22.0,43.78,0
2023-05-06T18:00:00,22.5,44.45,0
2023-05-06T19:00:00,22.5,46.1,0
2023-05-06T20:00:00,21.1,48.99,0
2023-05-06T21:00:00,18.7,57.6,0
2023-05-06T22:00:00,17.4,64.27,0
2023-05-06T23:00:00,16.6,65.8,0
2023-05-07T00:00:00,15.8,71.05,0
2023-05-07T01:00:00,16.1,70.86,0
2023-05-07T02:00:00,16.1,70.86,0
2023-05-07T03:00:00,15.0,82.21,1
2023-05-07T04:00:00,14.6,93.04,1
2023-05-07T05:00:00,14.6,93.04,1
2023-05-07T06:00:00,15.2,96.54,1
2023-05-07T07:00:00,15.4,93.33,1
2023-05-07T08:00:00,15.5,93.34,1
2023-05-07T09:00:00,15.9,94.04,1
2023-05-07T10:00:00,17.7,88.13,0
2023-05-07T11:00:00,18.7,85.94,0
2023-05-07T12:00:00,20.5,78.1,0
2023-05-07T13:00:00,23.1,69.26,0
2023-05-07T14:00:00,24.1,65.22,0
2023-05-07T15:00:00,25.4,63.27,0
2023-05-07T16:00:00,26.6,58.83,0
2023-05-07T17:00:00,26.6,54.84,0
2023-05-07T18:00:00,26.6,54.23,0
2023-05-07T19:00:00,25.5,55.81,0
2023-05-07T20:00:00,23.9,58.71,0
2023-05-07T21:00:00,22.5,57.44,0
2023-05-07T22:00:00,20.4,69.69,0
2023-05-07T23:00:00,19.6,67.8,0
2023-05-08T00:00:00,18.9,77.97,0
2023-05-08T01:00:00,18.8,73.55,0
2023-05-08T02:00:00,17.9,80.13,0
2023-05-08T03:00:00,16.4,85.3,0
2023-05-08T04:00:00,16.2,89.24,0
2023-05-08T05:00:00,15.9,89.88,0
2023-05-08T06:00:00,15.5,88.83,0
2023-05-08T07:00:00,14.6,88.17,0
2023-05-08T08:00:00,14.6,85.18,0
2023-05-08T09:00:00,14.6,87.16,0
2023-05-08T10:00:00,15.2,81.29,0
2023-05-08T11:00:00,15.4,80.38,0
2023-05-08T12:00:00,15.0,80.11,0
2023-05-08T13:00:00,15.5,79.48,0
2023-05-08T14:00:00,15.7,79.5,0
2023-05-08T15:00:00,15.5,79.48,0
2023-05-08T16:00:00,15.0,87.19,1
2023-05-08T17:00:00,15.5,83.22,0
2023-05-08T18:00:00,15.0,83.28,0
2023-05-08T19:00:00,14.8,81.97,0
2023-05-08T20:00:00,14.1,84.77,0
2023-05-08T21:00:00,13.5,88.07,1
2023-05-08T22:00:00,12.7,89.08,1
2023-05-08T23:00:00,12.2,86.5,1
2023-05-09T00:00:00,11.8,89.93,0
2023-05-09T01:00:00,11.8,86.82,0
2023-05-09T02:00:00,10.3,95.42,0
2023-05-09T03:00:00,10.3,95.42,0
2023-05-09T04:00:00,10.9,92.01,0
2023-05-09T05:00:00,11.6,94.35,0
2023-05-09T06:00:00,11.6,90.98,0
2023-05-09T07:00:00,10.9,93.81,0
2023-05-09T08:00:00,12.7,87.69,0
2023-05-09T09:00:00,14.7,70.82,0
2023-05-09T10:00:00,15.9,56.0,0
2023-05-09T11:00:00,17.7,52.15,0
2023-05-09T12:00:00,18.7,45.39,0
2023-05-09T13:00:00,19.3,38.49,0
2023-05-09T14:00:00,20.0,35.13,0
2023-05-09T15:00:00,20.7,35.28,0
2023-05-09T16:00:00,21.1,33.57,0
2023-05-09T17:00:00,21.1,32.76,0
2023-05-09T18:00:00,21.1,33.57,0
2023-05-09T19:00:00,20.7,35.72,0
2023-05-09T20:00:00,18.9,42.78,0
2023-05-09T21:00:00,16.6,48.02,0
2023-05-09T22:00:00,14.6,56.66,0
2023-05-09T23:00:00,12.5,67.94,0
2023-05-10T00:00:00,11.6,69.99,0
2023-05-10T01:00:00,11.4,66.26,0
2023-05-10T02:00:00,10.5,66.89,0
2023-05-10T03:00:00,8.7,81.51,0
2023-05-10T04:00:00,8.1,84.82,0
2023-05-10T05:00:00,7.2,87.05,0
2023-05-10T06:00:00,7.5,83.96,0
2023-05-10T07:00:00,7.0,87.03,0
2023-05-10T08:00:00,9.8,78.76,0
2023-05-10T09:00:00,13.3,66.48,0
2023-05-10T10:00:00,16.1,53.19,0
2023-05-10T11:00:00,17.9,44.26,0
2023-05-10T12:00:00,18.9,42.78,0
2023-05-10T13:00:00,20.7,39.9,0
2023-05-10T14:00:00,21.6,36.62,0
2023-05-10T15:00:00,22.2,33.92,0
2023-05-10T16:00:00,23.1,34.04,0
2023-05-10T17:00:00,23.3,32.09,0
2023-05-10T18:00:00,23.3,30.52,0
2023-05-10T19:00:00,23.3,32.62,0
2023-05-10T20:00:00,23.1,32.44,0
2023-05-10T21:00:00,19.5,44.87,0
2023-05-10T22:00:00,16.2,59.3,0
2023-05-10T23:00:00,15.2,63.17,0
2023-05-11T00:00:00,14.8,59.5,0
2023-05-11T01:00:00,13.9,64.5,0
2023-05-11T02:00:00,12.9,68.84,0
2023-05-11T03:00:00,11.8,73.18,0
2023-05-11T04:00:00,11.8,73.18,0
2023-05-11T05:00:00,10.8,78.46,0
2023-05-11T06:00:00,10.2,81.59,0
2023-05-11T07:00:00,10.6,79.38,0
2023-05-11T08:00:00,12.9,77.26,0
2023-05-11T09:00:00,16.6,59.64,0
2023-05-11T10:00:00,18.9,52.25,0
2023-05-11T11:00:00,22.0,41.9,0
2023-05-11T12:00:00,23.1,34.88,0
2023-05-11T13:00:00,24.3,32.89,0
2023-05-11T14:00:00,25.0,30.79,0
2023-05-11T15:00:00,25.7,28.56,0
2023-05-11T16:00:00,26.6,27.41,0
2023-05-11T17:00:00,26.6,24.17,0
2023-05-11T18:00:00,26.6,25.07,0
2023-05-11T19:00:00,25.9,26.36,0
2023-05-11T20:00:00,24.5,31.14,0
2023-05-11T21:00:00,20.6,51.2,0
2023-05-11T22:00:00,18.3,54.64,0
2023-05-11T23:00:00,17.0,60.45,0
2023-05-12T00:00:00,16.6,58.69,0
2023-05-12T01:00:00,16.8,51.48,0
2023-05-12T02:00:00,16.2,54.09,0
2023-05-12T03:00:00,16.2,57.67,0
2023-05-12T04:00:00,15.6,65.05,0
2023-05-12T05:00:00,15.8,66.13,0
2023-05-12T06:00:00,16.1,63.15,0
2023-05-12T07:00:00,16.1,68.04,0
2023-05-12T08:00:00,16.8,73.21,0
2023-05-12T09:00:00,18.5,68.08,0
2023-05-12T10:00:00,20.2,70.45,0
2023-05-12T11:00:00,20.9,74.46,0
2023-05-12T12:00:00,22.2,70.64,0
2023-05-12T13:00:00,22.5,71.78,0
2023-05-12T14:00:00,24.5,66.02,0
2023-05-12T15:00:00,24.8,62.54,0
2023-05-12T16:00:00,25.5,59.9,0
2023-05-12T17:00:00,26.4,55.41,0
2023-05-12T18:00:00,25.5,58.36,0
2023-05-12T19:00:00,23.3,72.71,1
2023-05-12T20:00:00,20.0,88.95,1
2023-05-12T21:00:00,19.6,91.92,1
2023-05-12T22:00:00,19.1,97.46,1
2023-05-12T23:00:00,19.1,94.98,1
2023-05-13T00:00:00,18.7,97.45,1
2023-05-13T01:00:00,18.7,94.96,1
2023-05-13T02:00:00,18.3,97.44,0
2023-05-13T03:00:00,18.1,97.44,0
2023-05-13T04:00:00,18.3,97.44,0
2023-05-13T05:00:00,18.1,100.0,0
2023-05-13T06:00:00,18.1,97.44,0
2023-05-13T07:00:00,18.5,94.95,0
2023-05-13T08:00:00,18.3,96.37,0
2023-05-13T09:00:00,18.8,94.96,1
2023-05-13T10:00:00,18.9,91.52,0
2023-05-13T11:00:00,19.1,90.52,0
2023-05-13T12:00:00,19.8,87.0,0
2023-05-13T13:00:00,20.5,82.29,0
2023-05-13T14:00:00,20.9,72.29,0
2023-05-13T15:00:00,22.2,66.05,0
2023-05-13T16:00:00,22.5,55.92,0
2023-05-13T17:00:00,22.5,55.92,0
2023-05-13T18:00:00,21.8,59.03,0
2023-05-13T19:00:00,21.1,65.0,0
2023-05-13T20:00:00,20.5,63.89,0
2023-05-13T21:00:00,19.3,70.09,0
2023-05-13T22:00:00,19.1,70.86,0
2023-05-13T23:00:00,18.7,70.78,0
2023-05-14T00:00:00,18.5,74.35,0
2023-05-14T01:00:00,18.3,74.61,0
2023-05-14T02:00:00,17.7,66.63,0
2023-05-14T03:00:00,17.0,58.1,0
2023-05-14T04:00:00,15.9,53.78,0
2023-05-14T05:00:00,15.0,51.91,0
2023-05-14T06:00:00,14.1,58.6,0
2023-05-14T07:00:00,13.7,58.76,0
2023-05-14T08:00:00,13.9,57.15,0
2023-05-14T09:00:00,14.5,55.02,0
2023-05-14T10:00:00,15.2,54.11,0
2023-05-14T11:00:00,16.8,52.53,0
2023-05-14T12:00:00,17.4,52.46,0
2023-05-14T13:00:00,18.6,50.35,0
2023-05-14T14:00:00,19.8,47.56,0
2023-05-14T15:00:00,20.2,44.72,0
2023-05-14T16:00:00,20.0,41.72,0
2023-05-14T17:00:00,20.0,38.79,0
2023-05-14T18:00:00,18.9,35.52,0
2023-05-14T19:00:00,18.7,35.76,0
2023-05-14T20:00:00,17.2,38.4,0
2023-05-14T21:00:00,16.6,41.54,0
2023-05-14T22:00:00,15.5,42.62,0
2023-05-14T23:00:00,14.1,52.24,0
2023-05-15T00:00:00,13.7,53.65,0
2023-05-15T01:00:00,12.7,60.87,0
2023-05-15T02:00:00,12.7,57.27,0
2023-05-15T03:00:00,12.7,51.22,0
2023-05-15T04:00:00,12.2,58.3,0
2023-05-15T05:00:00,12.0,56.14,0
2023-05-15T06:00:00,11.4,56.69,0
2023-05-15T07:00:00,10.9,60.19,0
2023-05-15T08:00:00,11.6,54.42,0
2023-05-15T09:00:00,11.6,55.1,0
2023-05-15T10:00:00,13.5,48.12,0
2023-05-15T11:00:00,14.5,47.81,0
2023-05-15T12:00:00,16.5,42.55,0
2023-05-15T13:00:00,18.6,36.66,0
2023-05-15T14:00:00,20.7,31.31,0
2023-05-15T15:00:00,21.1,28.56,0
2023-05-15T16:00:00,21.6,26.08,0
2023-05-15T17:00:00,21.8,26.34,0
2023-05-15T18:00:00,22.7,26.27,0
2023-05-15T19:00:00,22.2,25.16,0
2023-05-15T20:00:00,21.4,28.42,0
2023-05-15T21:00:00,17.5,48.66,0
2023-05-15T22:00:00,15.9,54.44,0
2023-05-15T23:00:00,14.1,60.52,0
2023-05-16T00:00:00,13.9,60.57,0
2023-05-16T01:00:00,13.1,65.37,0
2023-05-16T02:00:00,13.1,60.8,0
2023-05-16T03:00:00,12.3,64.7,0
2023-05-16T04:00:00,10.9,69.27,0
2023-05-16T05:00:00,10.0,75.98,0
2023-05-16T06:00:00,9.1,84.28,0
2023-05-16T07:00:00,9.6,83.62,0
2023-05-16T08:00:00,11.6,82.45,0
2023-05-16T09:00:00,14.5,59.17,0
2023-05-16T10:00:00,15.5,50.73,0
2023-05-16T11:00:00,16.6,47.64,0
2023-05-16T12:00:00,17.7,40.53,0
2023-05-16T13:00:00,18.9,37.49,0
2023-05-16T14:00:00,21.6,32.63,0
2023-05-16T15:00:00,22.9,29.67,0
2023-05-16T16:00:00,22.9,29.67,0
2023-05-16T17:00:00,22.9,30.92,0
2023-05-16T18:00:00,23.7,33.26,0
2023-05-16T19:00:00,23.7,29.77,0
2023-05-16T20:00:00,22.0,31.82,0
2023-05-16T21:00:00,20.2,36.01,0
2023-05-16T22:00:00,18.1,42.5,0
2023-05-16T23:00:00,17.5,46.36,0
2023-05-17T00:00:00,16.8,49.87,0
2023-05-17T01:00:00,15.6,57.27,0
2023-05-17T02:00:00,13.7,67.89,0
2023-05-17T03:00:00,13.3,63.6,0
2023-05-17T04:00:00,10.9,74.48,0
2023-05-17T05:00:00,10.8,70.08,0
2023-05-17T06:00:00,8.9,78.29,0
2023-05-17T07:00:00,8.9,68.56,0
2023-05-17T08:00:00,9.9,59.36,0
2023-05-17T09:00:00,10.9,56.78,0
2023-05-17T10:00:00,12.2,50.44,0
2023-05-17T11:00:00,13.7,45.65,0
2023-05-17T12:00:00,15.5,42.09,0
2023-05-17T13:00:00,15.9,40.49,0
2023-05-17T14:00:00,16.4,37.87,0
2023-05-17T15:00:00,17.7,36.23,0
2023-05-17T16:00:00,17.7,34.32,0
2023-05-17T17:00:00,17.7,31.82,0
2023-05-17T18:00:00,17.2,33.88,0
2023-05-17T19:00:00,16.6,37.92,0
2023-05-17T20:00:00,15.0,39.45,0
2023-05-17T21:00:00,12.9,46.77,0
2023-05-17T22:00:00,11.1,46.79,0
2023-05-17T23:00:00,9.1,50.64,0
2023-05-18T00:00:00,8.3,53.78,0
2023-05-18T01:00:00,7.2,60.28,0
2023-05-18T02:00:00,6.6,63.56,0
2023-05-18T03:00:00,5.5,67.48,0
2023-05-18T04:00:00,5.2,70.03,0
2023-05-18T05:00:00,3.9,75.44,0
2023-05-18T06:00:00,3.7,74.79,0
2023-05-18T07:00:00,3.1,80.98,0
2023-05-18T08:00:00,5.9,69.98,0
2023-05-18T09:00:00,8.5,60.44,0
2023-05-18T10:00:00,10.5,53.91,0
2023-05-18T11:00:00,12.7,44.63,0
2023-05-18T12:00:00,15.4,33.31,0
2023-05-18T13:00:00,17.0,31.57,0
2023-05-18T14:00:00,18.5,29.46,0
2023-05-18T15:00:00,19.3,26.32,0
2023-05-18T16:00:00,20.5,27.35,0
2023-05-18T17:00:00,20.5,26.33,0
2023-05-18T18:00:00,20.5,26.78,0
2023-05-18T19:00:00,20.5,26.78,0
2023-05-18T20:00:00,18.3,35.51,0
2023-05-18T21:00:00,16.1,42.43,0
2023-05-18T22:00:00,13.8,51.06,0
2023-05-18T23:00:00,13.1,50.69,0
2023-05-19T00:00:00,12.0,55.9,0
2023-05-19T01:00:00,11.5,58.6,0
2023-05-19T02:00:00,10.2,67.64,0
2023-05-19T03:00:00,9.5,70.99,0
2023-05-19T04:00:00,8.5,77.49,0
2023-05-19T05:00:00,8.3,79.38,0
2023-05-19T06:00:00,7.5,83.96,0
2023-05-19T07:00:00,8.9,80.21,0
2023-05-19T08:00:00,13.3,72.58,0
2023-05-19T09:00:00,16.1,61.42,0
2023-05-19T10:00:00,19.8,51.28,0
2023-05-19T11:00:00,22.7,46.69,0
2023-05-19T12:00:00,23.7,42.38,0
2023-05-19T13:00:00,25.5,39.85,0
2023-05-19T14:00:00,25.7,38.03,0
2023-05-19T15:00:00,25.9,37.5,0
2023-05-19T16:00:00,25.5,40.95,0
2023-05-19T17:00:00,23.6,47.65,0
2023-05-19T18:00:00,18.7,83.71,1
2023-05-19T19:00:00,17.7,94.24,1
2023-05-19T20:00:00,17.7,94.24,1
2023-05-19T21:00:00,17.7,94.24,1
2023-05-19T22:00:00,17.0,94.79,0
2023-05-19T23:00:00,16.6,97.09,0
2023-05-20T00:00:00,15.7,90.25,1
2023-05-20T01:00:00,13.7,88.09,1
2023-05-20T02:00:00,13.7,84.44,0
2023-05-20T03:00:00,13.1,81.35,0
2023-05-20T04:00:00,12.5,78.44,0
2023-05-20T05:00:00,12.0,78.03,0
2023-05-20T06:00:00,10.2,81.59,0
2023-05-20T07:00:00,9.5,85.64,0
2023-05-20T08:00:00,10.5,82.61,0
2023-05-20T09:00:00,12.0,72.34,0
2023-05-20T10:00:00,13.1,69.7,0
2023-05-20T11:00:00,13.9,66.85,0
2023-05-20T12:00:00,13.7,68.99,0
2023-05-20T13:00:00,14.1,66.1,0
2023-05-20T14:00:00,14.6,63.13,0
2023-05-20T15:00:00,14.8,63.17,0
2023-05-20T16:00:00,14.6,63.89,0
2023-05-20T17:00:00,15.0,62.46,0
2023-05-20T18:00:00,15.0,62.46,0
2023-05-20T19:00:00,15.5,58.19,0
2023-05-20T20:00:00,14.8,63.12,0
2023-05-20T21:00:00,12.7,71.61,0
2023-05-20T22:00:00,10.9,77.55,0
2023-05-20T23:00:00,10.0,77.84,0
2023-05-21T00:00:00,8.9,80.55,0
2023-05-21T01:00:00,8.3,83.81,0
2023-05-21T02:00:00,8.1,82.25,0
2023-05-21T03:00:00,7.6,84.51,0
2023-05-21T04:00:00,7.5,84.99,0
2023-05-21T05:00:00,6.6,86.31,0
2023-05-21T06:00:00,6.1,89.11,0
2023-05-21T07:00:00,6.6,90.71,0
2023-05-21T08:00:00,10.0,79.4,0
2023-05-21T09:00:00,12.7,71.61,0
2023-05-21T10:00:00,16.1,56.04,0
2023-05-21T11:00:00,18.3,53.34,0
2023-05-21T12:00:00,20.7,48.51,0
2023-05-21T13:00:00,22.7,40.8,0
2023-05-21T14:00:00,23.7,34.62,0
2023-05-21T15:00:00,23.7,33.66,0
2023-05-21T16:00:00,24.1,31.42,0
2023-05-21T17:00:00,24.3,31.09,0
2023-05-21T18:00:00,24.6,29.96,0
2023-05-21T19:00:00,24.1,29.76,0
2023-05-21T20:00:00,22.6,34.19,0
2023-05-21T21:00:00,19.3,47.58,0
2023-05-21T22:00:00,17.9,47.39,0
2023-05-21T23:00:00,15.9,55.1,0
2023-05-22T00:00:00,13.9,64.5,0
2023-05-22T01:00:00,13.4,66.93,0
2023-05-22T02:00:00,11.8,74.06,0
2023-05-22T03:00:00,10.8,82.3,0
2023-05-22T04:00:00,10.2,85.59,0
2023-05-22T05:00:00,10.2,85.21,0
2023-05-22T06:00:00,8.7,88.1,0
2023-05-22T07:00:00,9.6,86.18,0
2023-05-22T08:00:00,13.4,76.64,0
2023-05-22T09:00:00,16.7,62.55,0
2023-05-22T10:00:00,19.9,49.84,0
2023-05-22T11:00:00,22.1,41.63,0
2023-05-22T12:00:00,23.3,34.68,0
2023-05-22T13:00:00,24.2,30.05,0
2023-05-22T14:00:00,24.4,27.83,0
2023-05-22T15:00:00,25.9,27.99,0
2023-05-22T16:00:00,26.4,26.82,0
2023-05-22T17:00:00,26.0,28.37,0
2023-05-22T18:00:00,25.9,28.4,0
2023-05-22T19:00:00,25.4,28.34,0
2023-05-22T20:00:00,23.6,32.49,0
2023-05-22T21:00:00,20.5,41.14,0
2023-05-22T22:00:00,19.6,44.81,0
2023-05-22T23:00:00,18.0,49.39,0
2023-05-23T00:00:00,16.3,53.22,0
2023-05-23T01:00:00,14.3,60.72,0
2023-05-23T02:00:00,13.2,65.99,0
2023-05-23T03:00:00,12.6,70.48,0
2023-05-23T04:00:00,11.5,75.51,0
2023-05-23T05:00:00,11.4,75.17,0
2023-05-23T06:00:00,10.9,78.7,0
2023-05-23T07:00:00,11.5,79.09,0
2023-05-23T08:00:00,13.2,76.02,0
2023-05-23T09:00:00,16.0,70.64,0
2023-05-23T10:00:00,19.3,61.83,0
2023-05-23T11:00:00,22.2,52.09,0
2023-05-23T12:00:00,24.2,41.04,0
2023-05-23T13:00:00,25.5,35.78,0
2023-05-23T14:00:00,26.0,31.91,0
2023-05-23T15:00:00,26.1,31.69,0
2023-05-23T16:00:00,27.0,28.54,0
2023-05-23T17:00:00,26.6,28.28,0
2023-05-23T18:00:00,27.0,28.58,0
2023-05-23T19:00:00,26.5,28.07,0
2023-05-23T20:00:00,25.1,36.57,0
2023-05-23T21:00:00,21.3,46.81,0
2023-05-23T22:00:00,19.1,49.39,0
2023-05-23T23:00:00,17.9,59.8,0
2023-05-24T00:00:00,15.5,72.4,0
2023-05-24T01:00:00,14.8,73.03,0
2023-05-24T02:00:00,15.1,69.3,0
2023-05-24T03:00:00,13.1,81.57,0
2023-05-24T04:00:00,12.5,84.97,0
2023-05-24T05:00:00,11.6,87.16,0
2023-05-24T06:00:00,11.4,87.78,0
2023-05-24T07:00:00,11.6,90.45,0
2023-05-24T08:00:00,15.3,78.76,0
2023-05-24T09:00:00,18.6,66.14,0
2023-05-24T10:00:00,22.0,54.0,0
2023-05-24T11:00:00,24.8,42.81,0
2023-05-24T12:00:00,26.5,33.66,0
2023-05-24T13:00:00,28.0,27.96,0
2023-05-24T14:00:00,27.6,28.65,0
2023-05-24T15:00:00,28.3,29.57,0
2023-05-24T16:00:00,28.3,29.34,0
2023-05-24T17:00:00,27.3,35.71,0
2023-05-24T18:00:00,25.6,39.83,0
2023-05-24T19:00:00,23.5,44.96,0
2023-05-24T20:00:00,20.7,45.59,0
2023-05-24T21:00:00,18.5,40.69,0
2023-05-24T22:00:00,16.8,33.7,0
2023-05-24T23:00:00,14.6,31.62,0
2023-05-25T00:00:00,12.6,35.67,0
2023-05-25T01:00:00,11.0,39.0,0
2023-05-25T02:00:00,9.7,38.32,0
2023-05-25T03:00:00,8.6,43.93,0
2023-05-25T04:00:00,7.9,45.87,0
2023-05-25T05:00:00,6.8,51.58,0
2023-05-25T06:00:00,6.4,57.56,0
2023-05-25T07:00:00,6.6,60.56,0
2023-05-25T08:00:00,7.1,61.49,0
2023-05-25T09:00:00,10.3,57.12,0
2023-05-25T10:00:00,11.1,58.87,0
2023-05-25T11:00:00,13.2,53.38,0
2023-05-25T12:00:00,15.5,47.52,0
2023-05-25T13:00:00,16.6,42.94,0
2023-05-25T14:00:00,17.4,42.85,0
2023-05-25T15:00:00,18.6,33.99,0
2023-05-25T16:00:00,17.4,34.05,0
2023-05-25T17:00:00,18.7,31.88,0
2023-05-25T18:00:00,18.7,30.54,0
2023-05-25T19:00:00,18.3,29.33,0
2023-05-25T20:00:00,16.7,32.36,0
2023-05-25T21:00:00,14.2,35.79,0
2023-05-25T22:00:00,11.5,47.56,0
2023-05-25T23:00:00,10.4,53.39,0
2023-05-26T00:00:00,9.0,60.66,0
2023-05-26T01:00:00,7.8,65.68,0
2023-05-26T02:00:00,8.0,69.62,0
2023-05-26T03:00:00,7.0,74.97,0
2023-05-26T04:00:00,7.0,78.31,0
2023-05-26T05:00:00,6.6,77.55,0
2023-05-26T06:00:00,6.8,79.74,0
2023-05-26T07:00:00,7.9,71.03,0
2023-05-26T08:00:00,9.7,62.8,0
2023-05-26T09:00:00,12.2,54.32,0
2023-05-26T10:00:00,14.5,47.71,0
2023-05-26T11:00:00,17.2,39.07,0
2023-05-26T12:00:00,19.3,30.91,0
2023-05-26T13:00:00,21.1,27.36,0
2023-05-26T14:00:00,22.0,25.58,0
2023-05-26T15:00:00,22.7,23.55,0
2023-05-26T16:00:00,23.3,20.77,0
2023-05-26T17:00:00,23.5,20.46,0
2023-05-26T18:00:00,23.1,20.27,0
2023-05-26T19:00:00,21.6,21.67,0
2023-05-26T20:00:00,19.8,20.99,0
2023-05-26T21:00:00,16.7,27.58,0
2023-05-26T22:00:00,13.7,30.62,0
2023-05-26T23:00:00,11.6,38.46,0
2023-05-27T00:00:00,11.3,41.02,0
2023-05-27T01:00:00,10.0,47.56,0
2023-05-27T02:00:00,10.7,50.01,0
2023-05-27T03:00:00,10.0,54.19,0
2023-05-27T04:00:00,8.5,63.16,0
2023-05-27T05:00:00,8.5,63.28,0
2023-05-27T06:00:00,8.0,69.85,0
2023-05-27T07:00:00,8.6,70.58,0
2023-05-27T08:00:00,11.6,66.79,0
2023-05-27T09:00:00,13.8,58.17,0
2023-05-27T10:00:00,16.6,50.15,0
2023-05-27T11:00:00,19.5,43.27,0
2023-05-27T12:00:00,22.1,37.89,0
2023-05-27T13:00:00,23.6,29.71,0
2023-05-27T14:00:00,24.8,26.08,0
2023-05-27T15:00:00,25.5,22.03,0
2023-05-27T16:00:00,25.0,22.8,0
2023-05-27T17:00:00,25.5,23.53,0
2023-05-27T18:00:00,25.9,21.84,0
2023-05-27T19:00:00,24.8,24.81,0
2023-05-27T20:00:00,22.8,29.95,0
2023-05-27T21:00:00,21.5,31.53,0
2023-05-27T22:00:00,19.5,33.98,0
2023-05-27T23:00:00,17.6,39.79,0
2023-05-28T00:00:00,16.8,41.2,0
2023-05-28T01:00:00,15.9,43.9,0
2023-05-28T02:00:00,14.6,52.72,0
2023-05-28T03:00:00,13.7,55.99,0
2023-05-28T04:00:00,13.5,56.99,0
2023-05-28T05:00:00,13.5,59.72,0
2023-05-28T06:00:00,13.9,55.77,0
2023-05-28T07:00:00,13.6,61.45,0
2023-05-28T08:00:00,15.4,54.68,0
2023-05-28T09:00:00,17.0,52.28,0
2023-05-28T10:00:00,18.8,46.24,0
2023-05-28T11:00:00,20.8,42.5,0
2023-05-28T12:00:00,23.4,35.15,0
2023-05-28T13:00:00,25.1,29.43,0
2023-05-28T14:00:00,26.6,24.18,0
2023-05-28T15:00:00,27.1,22.64,0
2023-05-28T16:00:00,26.2,24.96,0
2023-05-28T17:00:00,26.1,25.21,0
2023-05-28T18:00:00,27.0,22.58,0
2023-05-28T19:00:00,26.4,23.33,0
2023-05-28T20:00:00,24.5,28.3,0
2023-05-28T21:00:00,22.4,29.66,0
2023-05-28T22:00:00,21.3,31.58,0
2023-05-28T23:00:00,17.8,43.27,0
2023-05-29T00:00:00,17.5,42.64,0
2023-05-29T01:00:00,15.2,60.47,0
2023-05-29T02:00:00,14.5,63.92,0
2023-05-29T03:00:00,15.0,58.85,0
2023-05-29T04:00:00,13.6,60.57,0
2023-05-29T05:00:00,13.2,66.87,0
2023-05-29T06:00:00,12.9,67.04,0
2023-05-29T07:00:00,14.2,62.68,0
2023-05-29T08:00:00,16.0,60.12,0
2023-05-29T09:00:00,19.1,44.64,0
2023-05-29T10:00:00,22.3,36.23,0
2023-05-29T11:00:00,25.5,28.32,0
2023-05-29T12:00:00,26.6,27.65,0
2023-05-29T13:00:00,27.8,26.05,0
2023-05-29T14:00:00,29.1,25.54,0
2023-05-29T15:00:00,29.8,23.89,0
2023-05-29T16:00:00,29.9,23.78,0
2023-05-29T17:00:00,30.0,26.26,0
2023-05-29T18:00:00,28.8,27.53,0
2023-05-29T19:00:00,28.7,27.49,0
2023-05-29T20:00:00,27.6,29.25,0
2023-05-29T21:00:00,24.1,36.44,0
2023-05-29T22:00:00,22.4,38.94,0
2023-05-29T23:00:00,21.1,41.97,0
2023-05-30T00:00:00,20.4,42.34,0
2023-05-30T01:00:00,19.1,45.33,0
2023-05-30T02:00:00,18.5,47.04,0
2023-05-30T03:00:00,18.1,48.36,0
2023-05-30T04:00:00,17.0,53.02,0
2023-05-30T05:00:00,16.1,56.16,0
2023-05-30T06:00:00,15.5,59.12,0
2023-05-30T07:00:00,15.6,63.59,0
2023-05-30T08:00:00,18.3,56.93,0
2023-05-30T09:00:00,21.0,48.81,0
2023-05-30T10:00:00,23.7,47.9,0
2023-05-30T11:00:00,26.9,45.39,0
2023-05-30T12:00:00,28.9,40.41,0
2023-05-30T13:00:00,29.3,37.32,0
2023-05-30T14:00:00,29.5,36.47,0
2023-05-30T15:00:00,29.5,35.47,0
2023-05-30T16:00:00,31.0,34.03,0
2023-05-30T17:00:00,30.4,33.0,0
2023-05-30T18:00:00,30.8,34.58,0
2023-05-30T19:00:00,29.1,37.48,0
2023-05-30T20:00:00,28.8,37.72,0
2023-05-30T21:00:00,26.6,45.47,1
2023-05-30T22:00:00,25.2,49.64,0
2023-05-30T23:00:00,23.1,56.68,0
2023-05-31T00:00:00,22.1,59.72,0
2023-05-31T01:00:00,21.6,62.79,0
2023-05-31T02:00:00,20.0,68.77,0
2023-05-31T03:00:00,19.6,70.55,0
2023-05-31T04:00:00,19.4,71.31,0
2023-05-31T05:00:00,17.6,77.61,0
2023-05-31T06:00:00,17.5,78.13,0
2023-05-31T07:00:00,17.6,78.45,0
2023-05-31T08:00:00,21.0,69.87,0
2023-05-31T09:00:00,24.0,62.29,0
2023-05-31T10:00:00,25.8,55.84,0
2023-05-31T11:00:00,27.0,51.21,0
2023-05-31T12:00:00,28.6,42.98,0
2023-05-31T13:00:00,29.6,40.29,0
2023-05-31T14:00:00,29.4,38.26,0
2023-05-31T15:00:00,30.8,35.9,0
2023-05-31T16:00:00,31.4,33.73,0
2023-05-31T17:00:00,31.0,32.35,0
2023-05-31T18:00:00,31.4,30.55,0
2023-05-31T19:00:00,30.9,31.5,0
2023-05-31T20:00:00,28.8,35.84,0
2023-05-31T21:00:00,26.8,42.42,0
2023-05-31T22:00:00,23.3,57.13,0
2023-05-31T23:00:00,23.1,58.76,0
2022-02-11T00:00:00,-3.0,81.43,0
2022-02-11T01:00:00,-2.6,81.31,0
2022-02-11T02:00:00,-1.9,80.18,0
2022-02-11T03:00:00,0.0,75.93,0
2022-02-11T04:00:00,1.0,74.08,0
2022-02-11T05:00:00,2.5,71.06,0
2022-02-11T06:00:00,3.1,69.19,0
2022-02-11T07:00:00,2.9,70.53,1
2022-02-11T08:00:00,2.7,74.62,1
2022-02-11T09:00:00,2.2,79.99,1
2022-02-11T10:00:00,2.2,83.22,1
2022-02-11T11:00:00,2.2,86.69,1
2022-02-11T12:00:00,2.2,90.25,1
2022-02-11T13:00:00,2.7,89.71,1
2022-02-11T14:00:00,2.2,92.99,1
2022-02-11T15:00:00,2.2,94.08,1
2022-02-11T16:00:00,2.2,93.96,1
2022-02-11T17:00:00,2.2,93.99,1
2022-02-11T18:00:00,2.2,93.95,0
2022-02-11T19:00:00,2.2,90.32,0
2022-02-11T20:00:00,1.8,92.76,0
2022-02-11T21:00:00,2.2,89.87,0
2022-02-11T22:00:00,2.6,86.74,0
2022-02-11T23:00:00,1.5,73.41,0
2022-02-12T00:00:00,0.0,76.96,0
2022-02-12T01:00:00,-0.6,81.17,0
2022-02-12T02:00:00,-1.0,86.55,0
2022-02-12T03:00:00,-1.3,85.63,0
2022-02-12T04:00:00,-2.3,74.41,1
2022-02-12T05:00:00,-3.3,72.06,0
2022-02-12T06:00:00,-3.9,74.32,0
2022-02-12T07:00:00,-4.5,72.32,0
2022-02-12T08:00:00,-5.0,73.02,0
2022-02-12T09:00:00,-5.6,76.03,0
2022-02-12T10:00:00,-5.6,74.78,0
2022-02-12T11:00:00,-5.6,71.7,0
2022-02-12T12:00:00,-5.1,68.93,0
2022-02-12T13:00:00,-4.9,64.29,0
2022-02-12T14:00:00,-5.0,65.12,0
2022-02-12T15:00:00,-5.0,65.39,0
2022-02-12T16:00:00,-5.1,65.41,0
2022-02-12T17:00:00,-5.6,63.74,0
2022-02-12T18:00:00,-6.2,70.72,0
2022-02-12T19:00:00,-6.2,71.13,0
2022-02-12T20:00:00,-6.6,74.15,0
2022-02-12T21:00:00,-6.8,73.92,0
2022-02-12T22:00:00,-7.2,73.01,0
2022-02-12T23:00:00,-7.2,72.88,0
2022-02-13T00:00:00,-7.2,73.23,0
2022-02-13T01:00:00,-7.9,76.51,0
2022-02-13T02:00:00,-8.3,79.19,0
2022-02-13T03:00:00,-8.8,73.83,0
2022-02-13T04:00:00,-9.1,74.72,0
2022-02-13T05:00:00,-9.1,71.18,0
2022-02-13T06:00:00,-9.5,68.64,0
2022-02-13T07:00:00,-9.5,75.63,0
2022-02-13T08:00:00,-9.7,65.66,0
2022-02-13T09:00:00,-9.5,62.17,0
2022-02-13T10:00:00,-8.3,60.78,0
2022-02-13T11:00:00,-7.7,58.14,0
2022-02-13T12:00:00,-7.7,63.06,0
2022-02-13T13:00:00,-7.2,62.6,0
2022-02-13T14:00:00,-7.2,64.78,0
2022-02-13T15:00:00,-7.2,63.99,0
2022-02-13T16:00:00,-7.2,65.34,0
2022-02-13T17:00:00,-7.7,74.48,0
2022-02-13T18:00:00,-8.7,75.36,0
2022-02-13T19:00:00,-9.1,68.96,0
2022-02-13T20:00:00,-10.2,73.47,0
2022-02-13T21:00:00,-10.6,75.56,0
2022-02-13T22:00:00,-10.8,73.84,0
2022-02-13T23:00:00,-11.4,74.48,0
2022-02-14T00:00:00,-11.9,74.39,0
2022-02-14T01:00:00,-11.7,77.52,0
2022-02-14T02:00:00,-12.5,78.37,0
2022-02-14T03:00:00,-12.0,75.47,0
2022-02-14T04:00:00,-12.0,75.54,0
2022-02-14T05:00:00,-12.0,78.04,0
2022-02-14T06:00:00,-11.6,75.59,0
2022-02-14T07:00:00,-11.6,78.47,0
2022-02-14T08:00:00,-11.5,78.53,0
2022-02-14T09:00:00,-11.1,79.3,0
2022-02-14T10:00:00,-10.0,74.81,0
2022-02-14T11:00:00,-8.2,67.38,0
2022-02-14T12:00:00,-7.6,60.46,0
2022-02-14T13:00:00,-6.6,58.54,0
2022-02-14T14:00:00,-6.6,58.62,0
2022-02-14T15:00:00,-6.6,58.6,0
2022-02-14T16:00:00,-6.6,57.9,0
2022-02-14T17:00:00,-6.6,58.65,0
2022-02-14T18:00:00,-6.7,61.36,0
2022-02-14T19:00:00,-7.2,63.51,0
2022-02-14T20:00:00,-6.9,62.51,0
2022-02-14T21:00:00,-7.3,67.15,0
2022-02-14T22:00:00,-7.7,68.98,0
2022-02-14T23:00:00,-8.8,76.62,0
2022-02-15T00:00:00,-9.5,73.85,0
2022-02-15T01:00:00,-10.6,79.41,0
2022-02-15T02:00:00,-11.1,81.66,0
2022-02-15T03:00:00,-11.1,78.78,0
2022-02-15T04:00:00,-11.1,78.55,0
2022-02-15T05:00:00,-11.3,81.08,0
2022-02-15T06:00:00,-10.9,82.54,0
2022-02-15T07:00:00,-10.9,82.32,0
2022-02-15T08:00:00,-10.0,78.16,0
2022-02-15T09:00:00,-7.8,75.63,0
2022-02-15T10:00:00,-5.0,64.1,0
2022-02-15T11:00:00,-3.7,60.42,0
2022-02-15T12:00:00,-2.1,56.27,0
2022-02-15T13:00:00,-0.7,56.73,0
2022-02-15T14:00:00,0.0,57.74,0
2022-02-15T15:00:00,1.0,57.47,0
2022-02-15T16:00:00,1.0,58.16,0
2022-02-15T17:00:00,1.0,58.35,0
2022-02-15T18:00:00,0.4,65.97,0
2022-02-15T19:00:00,-0.2,68.83,0
2022-02-15T20:00:00,-0.7,71.45,0
2022-02-15T21:00:00,-0.2,68.93,0
2022-02-15T22:00:00,-0.2,68.96,0
2022-02-15T23:00:00,0.4,68.97,0
2022-02-16T00:00:00,1.3,67.64,0
2022-02-16T01:00:00,1.8,70.34,0
2022-02-16T02:00:00,2.3,68.67,0
2022-02-16T03:00:00,3.3,67.55,0
2022-02-16T04:00:00,4.3,65.78,0
2022-02-16T05:00:00,5.7,61.46,0
2022-02-16T06:00:00,5.7,62.25,0
2022-02-16T07:00:00,5.9,61.51,0
2022-02-16T08:00:00,5.7,62.19,0
2022-02-16T09:00:00,6.3,61.23,0
2022-02-16T10:00:00,7.4,57.05,0
2022-02-16T11:00:00,8.3,57.8,0
2022-02-16T12:00:00,9.3,58.23,0
2022-02-16T13:00:00,9.5,57.62,0
2022-02-16T14:00:00,9.3,64.79,0
2022-02-16T15:00:00,9.5,64.97,0
2022-02-16T16:00:00,10.0,64.72,0
2022-02-16T17:00:00,10.0,67.35,0
2022-02-16T18:00:00,10.5,68.17,0
2022-02-16T19:00:00,10.0,70.77,0
2022-02-16T20:00:00,10.0,71.56,0
2022-02-16T21:00:00,10.6,68.25,0
2022-02-16T22:00:00,10.7,68.5,0
2022-02-16T23:00:00,9.7,74.34,1
2022-02-17T00:00:00,10.3,70.27,1
2022-02-17T01:00:00,11.1,69.36,1
2022-02-17T02:00:00,11.6,70.01,1
2022-02-17T03:00:00,10.9,75.26,1
2022-02-17T04:00:00,10.5,77.59,1
2022-02-17T05:00:00,9.7,90.22,1
2022-02-17T06:00:00,9.1,94.62,1
2022-02-17T07:00:00,8.7,97.26,1
2022-02-17T08:00:00,8.1,97.2,1
2022-02-17T09:00:00,6.3,96.83,1
2022-02-17T10:00:00,3.8,97.1,0
2022-02-17T11:00:00,3.4,97.15,1
2022-02-17T12:00:00,2.5,96.39,0
2022-02-17T13:00:00,1.9,95.93,1
2022-02-17T14:00:00,0.9,97.06,1
2022-02-17T15:00:00,0.9,90.27,1
2022-02-17T16:00:00,0.5,90.07,1
2022-02-17T17:00:00,-0.2,93.57,1
2022-02-17T18:00:00,-1.1,89.42,1
2022-02-17T19:00:00,-1.3,86.75,1
2022-02-17T20:00:00,-2.3,90.05,1
2022-02-17T21:00:00,-3.2,92.44,1
2022-02-17T22:00:00,-3.9,88.3,1
2022-02-17T23:00:00,-4.5,85.55,1
2022-02-18T00:00:00,-4.5,81.82,0
2022-02-18T01:00:00,-5.2,80.3,0
2022-02-18T02:00:00,-5.7,76.0,0
2022-02-18T03:00:00,-6.1,75.05,0
2022-02-18T04:00:00,-7.1,74.21,0
2022-02-18T05:00:00,-6.7,68.68,0
2022-02-18T06:00:00,-7.3,71.89,0
2022-02-18T07:00:00,-7.3,70.91,0
2022-02-18T08:00:00,-7.7,75.14,0
2022-02-18T09:00:00,-6.7,79.65,0
2022-02-18T10:00:00,-7.7,83.1,0
2022-02-18T11:00:00,-6.4,79.62,0
2022-02-18T12:00:00,-5.8,77.13,0
2022-02-18T13:00:00,-5.4,69.68,0
2022-02-18T14:00:00,-4.9,66.02,0
2022-02-18T15:00:00,-4.8,67.81,0
2022-02-18T16:00:00,-4.3,58.11,0
2022-02-18T17:00:00,-3.7,57.41,0
2022-02-18T18:00:00,-3.7,63.27,0
2022-02-18T19:00:00,-3.9,65.94,0
2022-02-18T20:00:00,-2.8,63.86,0
2022-02-18T21:00:00,-2.6,62.14,0
2022-02-18T22:00:00,-2.1,60.68,0
2022-02-18T23:00:00,-1.9,62.09,0
2022-02-19T00:00:00,-1.5,66.48,0
2022-02-19T01:00:00,-0.9,65.81,0
2022-02-19T02:00:00,0.0,65.23,0
2022-02-19T03:00:00,-0.6,70.84,0
2022-02-19T04:00:00,-1.7,69.77,0
2022-02-19T05:00:00,-3.5,58.69,0
2022-02-19T06:00:00,-5.9,56.14,0
2022-02-19T07:00:00,-6.9,54.24,0
2022-02-19T08:00:00,-8.3,75.24,0
2022-02-19T09:00:00,-8.9,64.97,0
2022-02-19T10:00:00,-8.7,63.12,0
2022-02-19T11:00:00,-8.1,59.15,0
2022-02-19T12:00:00,-8.1,61.69,0
2022-02-19T13:00:00,-7.7,64.14,0
2022-02-19T14:00:00,-7.7,59.78,0
2022-02-19T15:00:00,-6.7,59.73,0
2022-02-19T16:00:00,-7.1,61.63,0
2022-02-19T17:00:00,-7.1,59.31,0
2022-02-19T18:00:00,-7.3,59.26,0
2022-02-19T19:00:00,-8.6,65.46,0
2022-02-19T20:00:00,-9.2,67.55,0
2022-02-19T21:00:00,-10.2,72.76,0
2022-02-19T22:00:00,-10.7,74.74,0
2022-02-19T23:00:00,-9.7,71.24,0
2022-02-20T00:00:00,-9.7,73.95,0
2022-02-20T01:00:00,-9.5,73.9,0
2022-02-20T02:00:00,-9.1,73.98,0
2022-02-20T03:00:00,-7.8,68.28,0
2022-02-20T04:00:00,-7.1,67.41,0
2022-02-20T05:00:00,-6.3,65.37,0
2022-02-20T06:00:00,-5.7,65.43,0
2022-02-20T07:00:00,-5.0,62.17,0
2022-02-20T08:00:00,-3.9,59.78,0
2022-02-20T09:00:00,-2.1,54.71,0
2022-02-20T10:00:00,0.0,53.1,0
2022-02-20T11:00:00,2.2,51.84,0
2022-02-20T12:00:00,3.9,54.48,0
2022-02-20T13:00:00,5.0,56.95,0
2022-02-20T14:00:00,6.3,56.48,0
2022-02-20T15:00:00,7.9,56.68,0
2022-02-20T16:00:00,9.0,55.18,0
2022-02-20T17:00:00,9.1,56.82,0
2022-02-20T18:00:00,7.4,61.89,0
2022-02-20T19:00:00,5.9,65.79,0
2022-02-20T20:00:00,4.4,70.15,0
2022-02-20T21:00:00,3.6,72.09,0
2022-02-20T22:00:00,3.4,70.91,0
2022-02-20T23:00:00,2.7,76.78,0
2022-02-21T00:00:00,3.3,71.85,0
2022-02-21T01:00:00,2.9,72.7,0
2022-02-21T02:00:00,2.2,76.36,0
2022-02-21T03:00:00,1.5,78.86,0
2022-02-21T04:00:00,1.5,78.93,0
2022-02-21T05:00:00,2.0,77.72,0
2022-02-21T06:00:00,2.2,76.51,0
2022-02-21T07:00:00,1.8,78.34,0
2022-02-21T08:00:00,1.8,77.43,0
2022-02-21T09:00:00,4.1,71.7,0
2022-02-21T10:00:00,6.1,67.38,0
2022-02-21T11:00:00,8.4,61.94,0
2022-02-21T12:00:00,10.1,60.37,0
2022-02-21T13:00:00,11.1,60.69,0
2022-02-21T14:00:00,12.2,57.41,0
2022-02-21T15:00:00,13.5,58.75,0
2022-02-21T16:00:00,12.5,65.61,0
2022-02-21T17:00:00,12.2,68.99,0
2022-02-21T18:00:00,11.2,69.81,0
2022-02-21T19:00:00,9.9,74.26,0
2022-02-21T20:00:00,9.5,73.45,0
2022-02-21T21:00:00,9.5,73.48,0
2022-02-21T22:00:00,9.1,76.35,0
2022-02-21T23:00:00,8.7,78.45,0
2022-02-22T00:00:00,7.6,80.54,0
2022-02-22T01:00:00,7.8,79.67,0
2022-02-22T02:00:00,8.8,80.32,0
2022-02-22T03:00:00,8.6,86.63,1
2022-02-22T04:00:00,9.5,95.16,1
2022-02-22T05:00:00,10.0,93.06,1
2022-02-22T06:00:00,10.5,93.26,1
2022-02-22T07:00:00,10.5,96.38,1
2022-02-22T08:00:00,10.0,96.52,1
2022-02-22T09:00:00,10.0,99.82,0
2022-02-22T10:00:00,11.0,97.17,1
2022-02-22T11:00:00,11.6,96.87,1
2022-02-22T12:00:00,11.6,100.0,1
2022-02-22T13:00:00,12.5,94.18,1
2022-02-22T14:00:00,12.2,97.17,1
2022-02-22T15:00:00,13.2,94.08,1
2022-02-22T16:00:00,13.3,93.19,1
2022-02-22T17:00:00,13.7,93.78,0
2022-02-22T18:00:00,13.7,94.61,0
2022-02-22T19:00:00,10.0,84.1,0
2022-02-22T20:00:00,5.0,90.12,1
2022-02-22T21:00:00,2.1,92.96,0
2022-02-22T22:00:00,1.1,90.09,0
2022-02-22T23:00:00,-0.6,91.5,0
2022-02-23T00:00:00,-1.0,86.89,0
2022-02-23T01:00:00,-1.6,85.23,0
2022-02-23T02:00:00,-2.2,86.47,0
2022-02-23T03:00:00,-2.9,80.47,0
2022-02-23T04:00:00,-3.3,70.64,0
2022-02-23T05:00:00,-3.3,72.77,0
2022-02-23T06:00:00,-3.3,72.42,0
2022-02-23T07:00:00,-3.3,75.31,0
2022-02-23T08:00:00,-3.3,71.51,0
2022-02-23T09:00:00,-4.1,74.63,0
2022-02-23T10:00:00,-4.3,74.79,0
2022-02-23T11:00:00,-4.3,70.98,0
2022-02-23T12:00:00,-3.9,71.49,0
2022-02-23T13:00:00,-3.8,71.22,0
2022-02-23T14:00:00,-3.1,67.99,0
2022-02-23T15:00:00,-3.2,65.89,0
2022-02-23T16:00:00,-3.2,65.89,0
2022-02-23T17:00:00,-3.2,65.89,0
2022-02-23T18:00:00,-3.2,65.89,0
2022-02-23T19:00:00,-3.2,68.28,0
2022-02-23T20:00:00,-3.2,68.36,0
2022-02-23T21:00:00,-3.2,65.97,0
2022-02-23T22:00:00,-3.7,68.33,0
2022-02-23T23:00:00,-3.7,68.18,0
2022-02-24T00:00:00,-3.2,65.89,0
2022-02-24T01:00:00,-3.7,70.65,0
2022-02-24T02:00:00,-3.7,68.26,0
2022-02-24T03:00:00,-3.7,70.73,0
2022-02-24T04:00:00,-3.4,71.46,0
2022-02-24T05:00:00,-4.1,79.1,0
2022-02-24T06:00:00,-4.5,81.56,0
2022-02-24T07:00:00,-5.0,78.03,0
2022-02-24T08:00:00,-5.0,78.11,0
2022-02-24T09:00:00,-5.0,78.03,0
2022-02-24T10:00:00,-4.5,78.28,0
2022-02-24T11:00:00,-3.7,70.74,0
2022-02-24T12:00:00,-3.0,66.01,0
2022-02-24T13:00:00,-2.6,65.48,0
2022-02-24T14:00:00,-2.1,64.18,0
2022-02-24T15:00:00,-2.6,70.34,0
2022-02-24T16:00:00,-2.8,72.2,0
2022-02-24T17:00:00,-3.2,76.77,0
2022-02-24T18:00:00,-4.5,88.24,1
2022-02-24T19:00:00,-5.0,86.26,1
2022-02-24T20:00:00,-5.0,86.17,1
2022-02-24T21:00:00,-5.0,89.0,1
2022-02-24T22:00:00,-5.0,91.8,1
2022-02-24T23:00:00,-4.5,89.42,1
2022-02-25T00:00:00,-3.9,88.3,1
2022-02-25T01:00:00,-3.9,91.83,0
2022-02-25T02:00:00,-3.9,91.83,0
2022-02-25T03:00:00,-3.9,91.93,0
2022-02-25T04:00:00,-4.1,93.03,1
2022-02-25T05:00:00,-4.5,92.12,0
2022-02-25T06:00:00,-4.5,91.02,0
2022-02-25T07:00:00,-4.7,84.3,0
2022-02-25T08:00:00,-5.9,83.49,0
2022-02-25T09:00:00,-5.7,83.52,0
2022-02-25T10:00:00,-5.0,81.79,0
2022-02-25T11:00:00,-3.9,75.11,0
2022-02-25T12:00:00,-3.4,66.9,0
2022-02-25T13:00:00,-3.2,65.97,0
2022-02-25T14:00:00,-2.3,65.87,0
2022-02-25T15:00:00,-2.8,66.33,0
2022-02-25T16:00:00,-2.7,65.48,0
2022-02-25T17:00:00,-2.8,68.45,0
2022-02-25T18:00:00,-3.2,70.55,0
2022-02-25T19:00:00,-3.2,73.34,0
2022-02-25T20:00:00,-4.5,74.84,0
2022-02-25T21:00:00,-5.2,78.97,0
2022-02-25T22:00:00,-6.7,84.49,0
2022-02-25T23:00:00,-5.7,80.04,0
2022-02-26T00:00:00,-6.2,83.36,0
2022-02-26T01:00:00,-6.5,79.49,0
2022-02-26T02:00:00,-7.6,82.08,0
2022-02-26T03:00:00,-5.9,87.32,0
2022-02-26T04:00:00,-4.8,84.19,0
2022-02-26T05:00:00,-5.9,83.4,0
2022-02-26T06:00:00,-7.1,85.59,0
2022-02-26T07:00:00,-7.6,85.39,0
2022-02-26T08:00:00,-7.6,84.24,0
2022-02-26T09:00:00,-6.5,84.42,0
2022-02-26T10:00:00,-5.0,77.94,0
2022-02-26T11:00:00,-4.7,70.91,0
2022-02-26T12:00:00,-3.2,67.3,0
2022-02-26T13:00:00,-2.6,65.44,0
2022-02-26T14:00:00,-1.7,59.83,0
2022-02-26T15:00:00,-1.5,60.26,0
2022-02-26T16:00:00,-1.4,61.41,0
2022-02-26T17:00:00,-1.5,63.1,0
2022-02-26T18:00:00,-2.1,60.82,0
2022-02-26T19:00:00,-2.8,68.45,0
2022-02-26T20:00:00,-3.7,73.08,0
2022-02-26T21:00:00,-3.7,73.08,0
2022-02-26T22:00:00,-3.9,75.03,0
2022-02-26T23:00:00,-3.9,75.03,0
2022-02-27T00:00:00,-4.3,74.96,0
2022-02-27T01:00:00,-4.1,73.99,0
2022-02-27T02:00:00,-4.1,73.99,0
2022-02-27T03:00:00,-4.3,77.35,0
2022-02-27T04:00:00,-4.8,80.64,0
2022-02-27T05:00:00,-4.4,78.45,0
2022-02-27T06:00:00,-4.0,79.19,0
2022-02-27T07:00:00,-4.0,80.25,0
2022-02-27T08:00:00,-3.7,78.2,0
2022-02-27T09:00:00,-1.9,74.02,0
2022-02-27T10:00:00,-0.5,68.95,0
2022-02-27T11:00:00,0.3,67.28,0
2022-02-27T12:00:00,2.0,65.22,0
2022-02-27T13:00:00,3.1,62.36,0
2022-02-27T14:00:00,4.1,60.62,0
2022-02-27T15:00:00,4.5,59.55,0
2022-02-27T16:00:00,5.0,57.49,0
2022-02-27T17:00:00,4.8,52.49,0
2022-02-27T18:00:00,3.5,51.48,0
2022-02-27T19:00:00,2.5,55.31,0
2022-02-27T20:00:00,1.4,56.22,0
2022-02-27T21:00:00,0.9,58.16,0
2022-02-27T22:00:00,-0.2,60.32,0
2022-02-27T23:00:00,-1.1,65.83,0
2022-02-28T00:00:00,-1.3,64.76,0
2022-02-28T01:00:00,-1.5,67.74,0
2022-02-28T02:00:00,-2.8,73.4,0
2022-02-28T03:00:00,-2.8,73.4,0
2022-02-28T04:00:00,-3.0,70.35,0
2022-02-28T05:00:00,-4.1,77.2,0
2022-02-28T06:00:00,-3.6,76.61,0
2022-02-28T07:00:00,-4.1,79.19,0
2022-02-28T08:00:00,-3.2,77.88,0
2022-02-28T09:00:00,-1.5,71.84,0
2022-02-28T10:00:00,-0.5,71.63,0
2022-02-28T11:00:00,0.5,69.93,0
2022-02-28T12:00:00,2.2,65.04,0
2022-02-28T13:00:00,3.5,63.07,0
2022-02-28T14:00:00,5.5,61.35,0
2022-02-28T15:00:00,6.6,59.72,0
2022-02-28T16:00:00,7.0,60.24,0
2022-02-28T17:00:00,7.2,60.17,0
2022-02-28T18:00:00,6.1,67.24,0
2022-02-28T19:00:00,3.5,74.85,0
2022-02-28T20:00:00,2.4,78.53,0
2022-02-28T21:00:00,2.0,78.55,0
2022-02-28T22:00:00,2.3,75.59,0
2022-02-28T23:00:00,2.7,73.44,0
2022-03-01T00:00:00,4.1,66.93,0
2022-03-01T01:00:00,3.3,70.64,0
2022-03-01T02:00:00,2.9,72.7,0
2022-03-01T03:00:00,2.4,77.78,0
2022-03-01T04:00:00,1.3,82.34,0
2022-03-01T05:00:00,2.0,81.0,0
2022-03-01T06:00:00,2.0,80.92,0
2022-03-01T07:00:00,2.9,75.78,0
2022-03-01T08:00:00,3.3,73.7,0
2022-03-01T09:00:00,4.6,69.08,0
2022-03-01T10:00:00,6.8,64.52,0
2022-03-01T11:00:00,9.1,58.59,0
2022-03-01T12:00:00,10.9,55.98,0
2022-03-01T13:00:00,11.4,55.03,0
2022-03-01T14:00:00,12.0,54.52,0
2022-03-01T15:00:00,12.0,52.53,0
2022-03-01T16:00:00,11.7,53.66,0
2022-03-01T17:00:00,11.0,56.16,0
2022-03-01T18:00:00,9.5,60.22,0
2022-03-01T19:00:00,7.8,66.54,0
2022-03-01T20:00:00,5.4,74.99,0
2022-03-01T21:00:00,4.5,75.31,0
2022-03-01T22:00:00,2.9,76.84,0
2022-03-01T23:00:00,2.0,77.41,0
2022-03-02T00:00:00,2.0,76.43,0
2022-03-02T01:00:00,1.4,79.4,0
2022-03-02T02:00:00,0.6,80.89,0
2022-03-02T03:00:00,0.4,78.97,0
2022-03-02T04:00:00,-0.7,85.32,0
2022-03-02T05:00:00,-0.7,82.82,0
2022-03-02T06:00:00,-0.9,82.82,0
2022-03-02T07:00:00,-1.7,89.12,0
2022-03-02T08:00:00,-1.4,89.38,0
2022-03-02T09:00:00,1.0,76.71,0
2022-03-02T10:00:00,2.0,74.55,0
2022-03-02T11:00:00,4.2,69.99,0
2022-03-02T12:00:00,7.0,60.42,0
2022-03-02T13:00:00,9.3,57.39,0
2022-03-02T14:00:00,11.0,55.53,0
2022-03-02T15:00:00,12.6,53.77,0
2022-03-02T16:00:00,13.1,53.35,0
2022-03-02T17:00:00,13.0,55.86,0
2022-03-02T18:00:00,12.1,63.15,0
2022-03-02T19:00:00,10.6,61.19,0
2022-03-02T20:00:00,7.8,72.11,0
2022-03-02T21:00:00,6.0,78.38,0
2022-03-02T22:00:00,6.8,71.01,0
2022-03-02T23:00:00,4.5,75.5,0
2022-03-03T00:00:00,2.5,83.07,0
2022-03-03T01:00:00,2.0,80.89,0
2022-03-03T02:00:00,1.4,79.91,0
2022-03-03T03:00:00,0.9,78.9,0
2022-03-03T04:00:00,-0.2,73.86,0
2022-03-03T05:00:00,-0.9,75.68,0
2022-03-03T06:00:00,-1.9,69.88,0
2022-03-03T07:00:00,-2.5,69.5,0
2022-03-03T08:00:00,-2.3,65.73,0
2022-03-03T09:00:00,-2.8,69.11,0
2022-03-03T10:00:00,-2.1,63.74,0
2022-03-03T11:00:00,-0.8,57.43,0
2022-03-03T12:00:00,0.5,51.71,0
2022-03-03T13:00:00,1.3,52.17,0
2022-03-03T14:00:00,1.4,48.37,0
2022-03-03T15:00:00,1.8,50.25,0
2022-03-03T16:00:00,1.4,49.78,0
2022-03-03T17:00:00,0.9,52.97,0
2022-03-03T18:00:00,0.4,52.31,0
2022-03-03T19:00:00,-0.7,60.5,0
2022-03-03T20:00:00,-1.3,60.87,0
2022-03-03T21:00:00,-1.5,63.37,0
2022-03-03T22:00:00,-1.9,64.7,0
2022-03-03T23:00:00,-2.5,64.67,0
2022-03-04T00:00:00,-3.6,70.15,0
2022-03-04T01:00:00,-4.0,75.68,0
2022-03-04T02:00:00,-4.4,74.64,0
2022-03-04T03:00:00,-4.6,75.91,0
2022-03-04T04:00:00,-5.1,81.25,0
2022-03-04T05:00:00,-4.2,76.01,0
2022-03-04T06:00:00,-3.8,72.27,0
2022-03-04T07:00:00,-3.8,72.13,0
2022-03-04T08:00:00,-3.4,73.28,0
2022-03-04T09:00:00,-1.9,64.3,0
2022-03-04T10:00:00,0.0,57.83,0
2022-03-04T11:00:00,1.0,54.48,0
2022-03-04T12:00:00,2.7,45.55,0
2022-03-04T13:00:00,3.3,45.9,0
2022-03-04T14:00:00,4.7,43.12,0
2022-03-04T15:00:00,5.5,40.62,0
2022-03-04T16:00:00,5.5,39.47,0
2022-03-04T17:00:00,5.4,41.66,0
2022-03-04T18:00:00,4.6,46.57,0
2022-03-04T19:00:00,3.1,53.99,0
2022-03-04T20:00:00,2.5,56.44,0
2022-03-04T21:00:00,2.2,57.93,0
2022-03-04T22:00:00,2.0,61.82,0
2022-03-04T23:00:00,2.0,61.96,0
2022-03-05T00:00:00,1.6,63.7,0
2022-03-05T01:00:00,1.6,62.03,0
2022-03-05T02:00:00,2.0,60.21,0
2022-03-05T03:00:00,2.0,60.24,0
2022-03-05T04:00:00,2.0,60.95,0
2022-03-05T05:00:00,2.0,63.38,0
2022-03-05T06:00:00,2.5,61.23,0
2022-03-05T07:00:00,2.0,63.51,0
2022-03-05T08:00:00,2.2,63.96,0
2022-03-05T09:00:00,3.7,60.15,0
2022-03-05T10:00:00,8.0,51.18,0
2022-03-05T11:00:00,12.7,50.1,0
2022-03-05T12:00:00,17.0,44.17,0
2022-03-05T13:00:00,19.1,43.06,0
2022-03-05T14:00:00,20.2,38.5,0
2022-03-05T15:00:00,21.6,36.35,0
2022-03-05T16:00:00,22.0,33.9,0
2022-03-05T17:00:00,21.6,31.29,0
2022-03-05T18:00:00,19.7,36.43,0
2022-03-05T19:00:00,17.6,36.17,0
2022-03-05T20:00:00,17.4,50.86,0
2022-03-05T21:00:00,17.4,54.65,0
2022-03-05T22:00:00,16.8,60.21,0
2022-03-05T23:00:00,16.8,66.23,0
2022-03-06T00:00:00,17.2,67.22,0
2022-03-06T01:00:00,17.2,69.27,0
2022-03-06T02:00:00,15.8,81.68,0
2022-03-06T03:00:00,16.3,81.88,1
2022-03-06T04:00:00,12.2,89.67,1
2022-03-06T05:00:00,12.3,85.94,0
2022-03-06T06:00:00,13.8,86.58,0
2022-03-06T07:00:00,13.8,83.45,0
2022-03-06T08:00:00,13.2,83.41,0
2022-03-06T09:00:00,11.6,71.05,0
2022-03-06T10:00:00,10.6,70.72,0
2022-03-06T11:00:00,10.5,67.41,0
2022-03-06T12:00:00,10.0,67.29,0
2022-03-06T13:00:00,10.0,67.13,0
2022-03-06T14:00:00,10.0,67.02,0
2022-03-06T15:00:00,10.6,62.1,0
2022-03-06T16:00:00,10.6,61.89,0
2022-03-06T17:00:00,10.5,58.92,0
2022-03-06T18:00:00,9.1,62.23,0
2022-03-06T19:00:00,7.5,64.97,0
2022-03-06T20:00:00,5.3,75.33,0
2022-03-06T21:00:00,5.1,76.47,0
2022-03-06T22:00:00,4.4,80.47,0
2022-03-06T23:00:00,4.4,79.46,0
2022-03-07T00:00:00,3.5,73.84,0
2022-03-07T01:00:00,2.5,82.52,1
2022-03-07T02:00:00,1.6,89.4,1
2022-03-07T03:00:00,0.9,93.52,1
2022-03-07T04:00:00,0.9,93.52,1
2022-03-07T05:00:00,1.4,90.58,1
2022-03-07T06:00:00,1.5,92.93,1
2022-03-07T07:00:00,1.4,94.02,1
2022-03-07T08:00:00,1.4,93.95,0
2022-03-07T09:00:00,1.6,93.93,1
2022-03-07T10:00:00,2.0,93.98,1
2022-03-07T11:00:00,2.0,94.02,1
2022-03-07T12:00:00,2.6,87.25,1
2022-03-07T13:00:00,2.6,82.83,0
2022-03-07T14:00:00,3.1,75.11,0
2022-03-07T15:00:00,3.1,77.41,0
2022-03-07T16:00:00,3.3,73.08,0
2022-03-07T17:00:00,2.7,76.05,0
2022-03-07T18:00:00,2.0,75.17,0
2022-03-07T19:00:00,1.6,71.35,0
2022-03-07T20:00:00,1.1,70.42,0
2022-03-07T21:00:00,0.9,74.66,0
2022-03-07T22:00:00,0.9,77.94,0
2022-03-07T23:00:00,0.5,76.79,0
2022-03-08T00:00:00,0.5,72.0,0
2022-03-08T01:00:00,0.5,66.42,0
2022-03-08T02:00:00,0.5,78.05,0
2022-03-08T03:00:00,0.0,77.9,0
2022-03-08T04:00:00,0.0,78.99,0
2022-03-08T05:00:00,-0.5,77.07,0
2022-03-08T06:00:00,-0.5,76.08,0
2022-03-08T07:00:00,-0.5,76.0,0
2022-03-08T08:00:00,-0.5,73.71,0
2022-03-08T09:00:00,-0.5,76.64,0
2022-03-08T10:00:00,0.0,71.84,0
2022-03-08T11:00:00,0.7,63.83,0
2022-03-08T12:00:00,0.5,63.79,0
2022-03-08T13:00:00,1.1,64.47,0
2022-03-08T14:00:00,1.1,69.22,0
2022-03-08T15:00:00,1.1,66.27,0
2022-03-08T16:00:00,1.3,66.31,0
2022-03-08T17:00:00,1.8,67.03,0
2022-03-08T18:00:00,1.1,69.22,0
2022-03-08T19:00:00,0.5,73.19,0
2022-03-08T20:00:00,0.4,74.11,0
2022-03-08T21:00:00,-0.2,77.22,0
2022-03-08T22:00:00,-0.7,82.97,0
2022-03-08T23:00:00,-0.7,85.52,0
2022-03-09T00:00:00,-1.1,88.1,0
2022-03-09T01:00:00,-1.3,89.31,0
2022-03-09T02:00:00,-1.1,88.19,0
2022-03-09T03:00:00,-0.7,86.71,0
2022-03-09T04:00:00,-1.3,86.75,0
2022-03-09T05:00:00,-1.5,86.73,0
2022-03-09T06:00:00,-1.9,90.42,0
2022-03-09T07:00:00,-1.5,90.45,0
2022-03-09T08:00:00,-1.3,86.66,0
2022-03-09T09:00:00,0.0,82.38,0
2022-03-09T10:00:00,1.6,73.46,0
2022-03-09T11:00:00,3.3,67.62,0
2022-03-09T12:00:00,3.9,62.28,0
2022-03-09T13:00:00,5.5,54.04,0
2022-03-09T14:00:00,6.8,49.08,0
2022-03-09T15:00:00,7.7,50.68,0
2022-03-09T16:00:00,7.9,52.26,0
2022-03-09T17:00:00,8.1,52.99,0
2022-03-09T18:00:00,7.0,56.14,0
2022-03-09T19:00:00,5.0,66.65,0
2022-03-09T20:00:00,4.1,70.72,0
2022-03-09T21:00:00,3.3,69.44,0
2022-03-09T22:00:00,2.7,70.21,0
2022-03-09T23:00:00,1.4,71.24,0
2022-03-10T00:00:00,0.3,74.18,0
2022-03-10T01:00:00,-0.2,76.06,0
2022-03-10T02:00:00,-0.7,76.69,0
2022-03-10T03:00:00,-1.7,86.19,0
2022-03-10T04:00:00,-1.9,85.06,0
2022-03-10T05:00:00,-1.9,83.58,0
2022-03-10T06:00:00,-2.3,86.22,0
2022-03-10T07:00:00,-1.9,83.67,0
2022-03-10T08:00:00,-1.5,85.1,0
2022-03-10T09:00:00,-0.5,80.13,0
2022-03-10T10:00:00,0.9,74.5,0
2022-03-10T11:00:00,2.1,62.41,0
2022-03-10T12:00:00,3.7,61.37,0
2022-03-10T13:00:00,4.1,55.98,0
2022-03-10T14:00:00,4.8,51.79,0
2022-03-10T15:00:00,5.9,50.0,0
2022-03-10T16:00:00,5.9,48.72,0
2022-03-10T17:00:00,5.9,45.37,0
2022-03-10T18:00:00,4.8,51.85,0
2022-03-10T19:00:00,3.9,55.13,0
2022-03-10T20:00:00,3.5,62.38,0
2022-03-10T21:00:00,1.5,70.29,0
2022-03-10T22:00:00,1.4,71.31,0
2022-03-10T23:00:00,0.5,75.89,0
2022-03-11T00:00:00,0.5,74.29,0
2022-03-11T01:00:00,0.5,76.95,0
2022-03-11T02:00:00,0.3,76.92,0
2022-03-11T03:00:00,-1.3,86.65,0
2022-03-11T04:00:00,-1.9,89.36,1
2022-03-11T05:00:00,-2.3,85.11,0
2022-03-11T06:00:00,-3.3,87.61,1
2022-03-11T07:00:00,-3.3,84.14,1
2022-03-11T08:00:00,-2.9,84.9,0
2022-03-11T09:00:00,-2.9,81.64,0
2022-03-11T10:00:00,-3.3,87.51,1
2022-03-11T11:00:00,-2.8,84.81,1
2022-03-11T12:00:00,-2.1,81.56,1
2022-03-11T13:00:00,-1.5,78.16,0
2022-03-11T14:00:00,-1.1,72.0,0
2022-03-11T15:00:00,-0.7,72.61,0
2022-03-11T16:00:00,-0.5,71.62,0
2022-03-11T17:00:00,-1.1,68.59,0
2022-03-11T18:00:00,-1.5,62.19,0
2022-03-11T19:00:00,-1.7,60.21,0
2022-03-11T20:00:00,-2.7,63.12,0
2022-03-11T21:00:00,-3.2,68.36,0
2022-03-11T22:00:00,-3.3,65.89,0
2022-03-11T23:00:00,-3.9,62.35,0
2022-03-12T00:00:00,-4.3,57.03,0
2022-03-12T01:00:00,-5.2,59.03,0
2022-03-12T02:00:00,-5.7,61.61,0
2022-03-12T03:00:00,-6.3,55.86,0
2022-03-12T04:00:00,-6.7,59.87,0
2022-03-12T05:00:00,-7.3,63.56,0
2022-03-12T06:00:00,-7.8,68.02,0
2022-03-12T07:00:00,-8.4,66.74,0
2022-03-12T08:00:00,-8.2,69.77,0
2022-03-12T09:00:00,-7.8,69.19,0
2022-03-12T10:00:00,-7.8,63.55,0
2022-03-12T11:00:00,-7.0,63.99,0
2022-03-12T12:00:00,-6.8,61.96,0
2022-03-12T13:00:00,-7.0,66.6,0
2022-03-12T14:00:00,-6.5,61.85,0
2022-03-12T15:00:00,-6.7,59.74,0
2022-03-12T16:00:00,-6.7,53.27,0
2022-03-12T17:00:00,-7.1,57.38,0
2022-03-12T18:00:00,-6.7,52.4,0
2022-03-12T19:00:00,-7.3,59.33,0
2022-03-12T20:00:00,-7.3,59.33,0
2022-03-12T21:00:00,-8.0,62.65,0
2022-03-12T22:00:00,-8.2,64.78,0
2022-03-12T23:00:00,-8.2,64.78,0
2022-03-13T00:00:00,-8.2,64.78,0
2022-03-13T01:00:00,-8.9,67.97,0
2022-03-13T03:00:00,-8.7,73.02,0
2022-03-13T04:00:00,-8.2,70.47,0
2022-03-13T05:00:00,-7.8,68.28,0
2022-03-13T06:00:00,-7.1,68.44,0
2022-03-13T07:00:00,-6.3,64.23,0
2022-03-13T08:00:00,-4.6,58.54,0
2022-03-13T09:00:00,-3.4,55.94,0
2022-03-13T10:00:00,-1.3,51.54,0
2022-03-13T11:00:00,0.2,54.64,0
2022-03-13T12:00:00,2.7,50.69,0
2022-03-13T13:00:00,5.0,50.52,0
2022-03-13T14:00:00,6.1,51.19,0
2022-03-13T15:00:00,7.7,50.56,0
2022-03-13T16:00:00,9.1,50.9,0
2022-03-13T17:00:00,9.3,52.24,0
2022-03-13T18:00:00,9.1,52.75,0
2022-03-13T19:00:00,8.3,55.83,0
2022-03-13T20:00:00,6.1,62.28,0
2022-03-13T21:00:00,3.3,71.78,0
2022-03-13T22:00:00,2.3,74.46,0
2022-03-13T23:00:00,2.3,76.87,0
2022-03-14T00:00:00,2.1,77.83,0
2022-03-14T01:00:00,3.1,74.76,0
2022-03-14T02:00:00,1.3,77.01,0
2022-03-14T03:00:00,0.7,82.26,0
2022-03-14T04:00:00,0.2,82.49,0
2022-03-14T05:00:00,-0.9,86.69,0
2022-03-14T06:00:00,-0.5,86.74,0
2022-03-14T07:00:00,0.6,80.26,0
2022-03-14T08:00:00,1.0,77.86,0
2022-03-14T09:00:00,2.2,79.83,0
2022-03-14T10:00:00,5.5,67.45,0
2022-03-14T11:00:00,8.1,59.54,0
2022-03-14T12:00:00,10.5,52.06,0
2022-03-14T13:00:00,12.2,49.72,0
2022-03-14T14:00:00,14.3,43.36,0
2022-03-14T15:00:00,15.2,40.94,0
2022-03-14T16:00:00,15.9,37.99,0
2022-03-14T17:00:00,15.9,34.67,0
2022-03-14T18:00:00,15.5,35.55,0
2022-03-14T19:00:00,14.3,36.97,0
2022-03-14T20:00:00,10.0,50.55,0
2022-03-14T21:00:00,9.1,51.61,0
2022-03-14T22:00:00,8.0,53.79,0
2022-03-14T23:00:00,7.0,58.44,0
2022-03-15T00:00:00,6.6,59.22,0
2022-03-15T01:00:00,7.3,58.46,0
2022-03-15T02:00:00,7.3,58.41,0
2022-03-15T03:00:00,6.4,58.53,0
2022-03-15T04:00:00,5.2,61.6,0
2022-03-15T05:00:00,3.8,67.84,0
2022-03-15T06:00:00,3.8,67.75,0
2022-03-15T07:00:00,4.1,69.41,0
2022-03-15T08:00:00,3.7,72.84,0
2022-03-15T09:00:00,5.7,71.14,0
2022-03-15T10:00:00,8.3,69.72,0
2022-03-15T11:00:00,9.5,69.95,0
2022-03-15T12:00:00,11.1,70.25,0
2022-03-15T13:00:00,13.3,67.78,0
2022-03-15T14:00:00,14.8,63.78,0
2022-03-15T15:00:00,16.4,59.26,0
2022-03-15T16:00:00,16.7,56.39,0
2022-03-15T17:00:00,16.7,54.1,0
2022-03-15T18:00:00,16.6,54.8,0
2022-03-15T19:00:00,15.5,58.52,0
2022-03-15T20:00:00,12.8,69.94,0
2022-03-15T21:00:00,10.5,73.02,0
2022-03-15T22:00:00,8.7,77.68,0
2022-03-15T23:00:00,7.6,83.55,0
2022-03-16T00:00:00,6.8,86.34,0
2022-03-16T01:00:00,5.5,89.29,0
2022-03-16T02:00:00,4.0,92.23,0
2022-03-16T03:00:00,3.3,95.79,0
2022-03-16T04:00:00,3.3,92.55,0
2022-03-16T05:00:00,2.7,93.65,0
2022-03-16T06:00:00,2.5,93.59,0
2022-03-16T07:00:00,1.1,97.09,0
2022-03-16T08:00:00,0.9,97.09,0
2022-03-16T09:00:00,2.3,99.64,0
2022-03-16T10:00:00,6.9,91.48,0
2022-03-16T11:00:00,12.7,70.98,0
2022-03-16T12:00:00,17.0,52.12,0
2022-03-16T13:00:00,18.7,48.28,0
2022-03-16T14:00:00,19.9,38.58,0
2022-03-16T15:00:00,20.0,38.49,0
2022-03-16T16:00:00,20.5,35.82,0
2022-03-16T17:00:00,20.7,35.05,0
2022-03-16T18:00:00,20.0,34.88,0
2022-03-16T19:00:00,18.5,42.9,0
2022-03-16T20:00:00,15.4,48.89,0
2022-03-16T21:00:00,12.7,57.66,0
2022-03-16T22:00:00,11.5,60.18,0
2022-03-16T23:00:00,9.2,70.31,0
2022-03-17T00:00:00,9.6,66.65,0
2022-03-17T01:00:00,8.2,70.76,0
2022-03-17T02:00:00,7.0,73.87,0
2022-03-17T03:00:00,6.4,77.2,0
2022-03-17T04:00:00,5.9,76.57,0
2022-03-17T05:00:00,4.6,82.11,0
2022-03-17T06:00:00,3.9,82.28,0
2022-03-17T07:00:00,5.3,74.58,0
2022-03-17T08:00:00,4.6,79.65,0
2022-03-17T09:00:00,6.9,77.85,0
2022-03-17T10:00:00,10.6,70.78,0
2022-03-17T11:00:00,15.2,57.73,0
2022-03-17T12:00:00,18.3,49.93,0
2022-03-17T13:00:00,20.0,47.34,0
2022-03-17T14:00:00,20.7,39.87,0
2022-03-17T15:00:00,20.7,42.28,0
2022-03-17T16:00:00,21.1,41.61,0
2022-03-17T17:00:00,22.0,40.61,0
2022-03-17T18:00:00,20.7,42.65,0
2022-03-17T19:00:00,19.5,47.32,0
2022-03-17T20:00:00,17.1,51.84,0
2022-03-17T21:00:00,15.5,59.29,0
2022-03-17T22:00:00,14.3,60.48,0
2022-03-17T23:00:00,12.8,66.44,0
2022-03-18T00:00:00,12.2,67.11,0
2022-03-18T01:00:00,12.6,65.23,0
2022-03-18T02:00:00,10.8,71.59,0
2022-03-18T03:00:00,9.1,78.29,0
2022-03-18T04:00:00,8.3,80.72,0
2022-03-18T05:00:00,7.8,80.18,0
2022-03-18T06:00:00,6.6,86.66,0
2022-03-18T07:00:00,5.9,88.02,0
2022-03-18T08:00:00,6.6,86.65,0
2022-03-18T09:00:00,8.7,85.09,0
2022-03-18T10:00:00,11.1,77.01,0
2022-03-18T11:00:00,13.5,70.53,0
2022-03-18T12:00:00,15.9,63.76,0
2022-03-18T13:00:00,16.9,62.1,0
2022-03-18T14:00:00,17.8,58.69,0
2022-03-18T15:00:00,18.2,55.28,0
2022-03-18T16:00:00,18.2,57.46,0
2022-03-18T17:00:00,16.2,67.76,1
2022-03-18T18:00:00,12.3,95.58,1
2022-03-18T19:00:00,12.1,95.57,1
2022-03-18T20:00:00,12.0,96.6,1
2022-03-18T21:00:00,10.6,99.82,1
2022-03-18T22:00:00,11.1,94.45,1
2022-03-18T23:00:00,10.2,96.3,1
2022-03-19T00:00:00,10.8,93.84,0
2022-03-19T01:00:00,9.3,97.22,0
2022-03-19T02:00:00,9.7,96.56,0
2022-03-19T03:00:00,9.6,99.82,1
2022-03-19T04:00:00,9.7,99.84,1
2022-03-19T05:00:00,10.2,96.42,1
2022-03-19T06:00:00,10.6,97.25,1
2022-03-19T07:00:00,11.0,94.45,1
2022-03-19T08:00:00,10.1,93.24,1
2022-03-19T09:00:00,8.4,93.97,1
2022-03-19T10:00:00,7.8,93.41,1
2022-03-19T11:00:00,7.6,93.98,1
2022-03-19T12:00:00,7.6,88.46,1
2022-03-19T13:00:00,7.1,91.8,1
2022-03-19T14:00:00,6.1,92.69,1
2022-03-19T15:00:00,5.5,89.25,1
2022-03-19T16:00:00,4.8,90.19,0
2022-03-19T17:00:00,4.8,90.21,0
2022-03-19T18:00:00,4.6,87.61,0
2022-03-19T19:00:00,3.7,93.37,0
2022-03-19T20:00:00,3.7,90.13,1
2022-03-19T21:00:00,3.5,91.19,1
2022-03-19T22:00:00,3.1,91.19,1
2022-03-19T23:00:00,3.1,91.19,1
2022-03-20T00:00:00,3.1,93.74,1
2022-03-20T01:00:00,3.1,93.62,1
2022-03-20T02:00:00,3.7,93.37,0
2022-03-20T03:00:00,3.7,94.51,0
2022-03-20T04:00:00,3.7,97.12,0
2022-03-20T05:00:00,4.1,97.04,0
2022-03-20T06:00:00,4.5,93.81,0
2022-03-20T07:00:00,3.8,94.48,0
2022-03-20T08:00:00,2.6,96.34,0
2022-03-20T09:00:00,3.6,91.22,0
2022-03-20T10:00:00,4.9,86.65,0
2022-03-20T11:00:00,7.1,79.99,0
2022-03-20T12:00:00,8.6,70.79,0
2022-03-20T13:00:00,10.5,59.6,0
2022-03-20T14:00:00,11.6,52.74,0
2022-03-20T15:00:00,12.7,44.5,0
2022-03-20T16:00:00,13.3,47.09,0
2022-03-20T17:00:00,13.9,48.65,0
2022-03-20T18:00:00,13.9,49.9,0
2022-03-20T19:00:00,13.7,49.75,0
2022-03-20T20:00:00,11.3,62.06,0
2022-03-20T21:00:00,9.6,66.43,0
2022-03-20T22:00:00,8.1,73.46,0
2022-03-20T23:00:00,7.6,75.04,0
2022-03-21T00:00:00,6.8,76.93,0
2022-03-21T01:00:00,5.5,79.23,0
2022-03-21T02:00:00,4.9,85.57,0
2022-03-21T03:00:00,4.9,82.49,0
2022-03-21T04:00:00,5.8,78.38,0
2022-03-21T05:00:00,4.9,80.2,0
2022-03-21T06:00:00,3.8,86.57,0
2022-03-21T07:00:00,4.0,82.63,0
2022-03-21T08:00:00,3.4,84.85,0
2022-03-21T09:00:00,5.3,84.65,0
2022-03-21T10:00:00,10.0,68.0,0
2022-03-21T11:00:00,13.3,59.39,0
2022-03-21T12:00:00,15.2,48.33,0
2022-03-21T13:00:00,17.2,43.01,0
2022-03-21T14:00:00,18.7,40.47,0
2022-03-21T15:00:00,20.0,36.78,0
2022-03-21T16:00:00,20.7,32.71,0
2022-03-21T17:00:00,20.7,30.85,0
2022-03-21T18:00:00,19.7,32.91,0
2022-03-21T19:00:00,18.1,39.79,0
2022-03-21T20:00:00,14.5,50.04,0
2022-03-21T21:00:00,12.7,53.13,0
2022-03-21T22:00:00,11.3,59.99,0
2022-03-21T23:00:00,11.4,56.53,0
2022-03-22T00:00:00,10.6,58.93,0
2022-03-22T01:00:00,9.7,63.96,0
2022-03-22T02:00:00,9.5,66.59,0
2022-03-22T03:00:00,8.1,71.86,0
2022-03-22T04:00:00,7.1,73.02,0
2022-03-22T05:00:00,6.2,73.46,0
2022-03-22T06:00:00,6.1,76.45,0
2022-03-22T07:00:00,6.1,76.59,0
2022-03-22T08:00:00,6.1,79.43,0
2022-03-22T09:00:00,6.1,84.74,1
2022-03-22T10:00:00,6.6,87.77,1
2022-03-22T11:00:00,8.8,90.7,1
2022-03-22T12:00:00,9.3,87.36,0
2022-03-22T13:00:00,10.3,81.98,0
2022-03-22T14:00:00,8.9,87.01,0
2022-03-22T15:00:00,8.5,89.4,0
2022-03-22T16:00:00,8.8,87.95,0
2022-03-22T17:00:00,8.8,87.93,1
2022-03-22T18:00:00,8.4,93.55,1
2022-03-22T19:00:00,8.0,93.86,1
2022-03-22T20:00:00,7.9,97.15,1
2022-03-22T21:00:00,8.0,92.79,1
2022-03-22T22:00:00,7.5,92.77,1
2022-03-22T23:00:00,6.9,91.67,1
2022-03-23T00:00:00,6.8,91.69,1
2022-03-23T01:00:00,6.8,91.58,1
2022-03-23T02:00:00,7.0,90.41,1
2022-03-23T03:00:00,7.2,89.4,1
2022-03-23T04:00:00,8.1,86.43,0
2022-03-23T05:00:00,8.1,89.23,0
2022-03-23T06:00:00,8.5,90.23,1
2022-03-23T07:00:00,9.0,94.47,0
2022-03-23T08:00:00,9.0,92.13,1
2022-03-23T09:00:00,10.2,87.27,1
2022-03-23T10:00:00,11.0,85.68,1
2022-03-23T11:00:00,11.6,91.97,1
2022-03-23T12:00:00,12.4,91.36,1
2022-03-23T13:00:00,14.1,91.18,1
2022-03-23T14:00:00,16.0,85.36,0
2022-03-23T15:00:00,15.6,82.99,1
2022-03-23T16:00:00,16.8,72.96,1
2022-03-23T17:00:00,16.2,75.66,1
2022-03-23T18:00:00,13.9,81.04,1
2022-03-23T19:00:00,13.9,74.33,1
2022-03-23T20:00:00,12.1,70.4,1
2022-03-23T21:00:00,10.0,73.65,0
2022-03-23T22:00:00,9.4,77.39,0
2022-03-23T23:00:00,8.7,78.53,0
2022-01-01T00:00:00,8.2,97.24,0
2022-01-01T01:00:00,6.8,100.0,0
2022-01-01T02:00:00,7.5,100.0,0
2022-01-01T03:00:00,7.6,97.22,0
2022-01-01T04:00:00,7.7,100.0,0
2022-01-01T05:00:00,7.2,100.0,0
2022-01-01T06:00:00,6.6,100.0,0
2022-01-01T07:00:00,7.5,96.47,0
2022-01-01T08:00:00,7.5,100.0,0
2022-01-01T09:00:00,6.8,100.0,0
2022-01-01T10:00:00,7.2,96.46,0
2022-01-01T11:00:00,5.6,97.18,0
2022-01-01T12:00:00,5.2,100.0,0
2022-01-01T13:00:00,4.6,96.39,1
2022-01-01T14:00:00,3.5,97.13,1
2022-01-01T15:00:00,3.5,94.34,1
2022-01-01T16:00:00,3.1,93.56,1
2022-01-01T17:00:00,2.7,96.34,1
2022-01-01T18:00:00,2.5,93.53,1
2022-01-01T19:00:00,2.0,92.74,1
2022-01-01T20:00:00,0.9,93.31,1
2022-01-01T21:00:00,0.5,92.52,1
2022-01-01T22:00:00,-0.2,93.39,1
2022-01-01T23:00:00,-0.9,94.14,1
2022-01-02T00:00:00,-1.7,89.32,1
2022-01-02T01:00:00,-1.9,86.26,0
2022-01-02T02:00:00,-3.0,89.63,0
2022-01-02T03:00:00,-3.0,89.63,0
2022-01-02T04:00:00,-4.1,91.81,0
2022-01-02T05:00:00,-4.6,88.16,0
2022-01-02T06:00:00,-5.2,89.03,0
2022-01-02T07:00:00,-5.2,86.25,1
2022-01-02T08:00:00,-5.7,82.36,0
2022-01-02T09:00:00,-5.2,82.83,0
2022-01-02T10:00:00,-5.0,81.73,0
2022-01-02T11:00:00,-5.0,81.73,0
2022-01-02T12:00:00,-4.5,81.68,0
2022-01-02T13:00:00,-3.9,79.21,0
2022-01-02T14:00:00,-3.2,76.9,0
2022-01-02T15:00:00,-2.8,74.58,0
2022-01-02T16:00:00,-2.8,72.25,0
2022-01-02T17:00:00,-3.6,72.45,0
2022-01-02T18:00:00,-4.2,76.01,0
2022-01-02T19:00:00,-5.2,74.27,0
2022-01-02T20:00:00,-5.9,77.26,0
2022-01-02T21:00:00,-6.5,70.88,0
2022-01-02T22:00:00,-6.5,66.37,0
2022-01-02T23:00:00,-6.5,65.12,0
2022-01-03T00:00:00,-7.1,70.41,0
2022-01-03T01:00:00,-7.5,75.12,0
2022-01-03T02:00:00,-8.2,81.95,0
2022-01-03T03:00:00,-8.2,81.95,0
2022-01-03T04:00:00,-8.6,81.89,0
2022-01-03T05:00:00,-7.3,75.15,0
2022-01-03T06:00:00,-7.3,75.15,0
2022-01-03T07:00:00,-6.7,71.83,0
2022-01-03T08:00:00,-6.9,68.62,0
2022-01-03T09:00:00,-6.5,71.86,0
2022-01-03T10:00:00,-5.2,63.95,0
2022-01-03T11:00:00,-4.1,64.41,0
2022-01-03T12:00:00,-2.8,66.3,0
2022-01-03T13:00:00,-2.1,68.6,0
2022-01-03T14:00:00,-1.5,68.73,0
2022-01-03T15:00:00,-1.9,70.85,0
2022-01-03T16:00:00,-1.7,69.62,0
2022-01-03T17:00:00,-2.1,63.81,0
2022-01-03T18:00:00,-2.8,63.94,0
2022-01-03T19:00:00,-3.9,71.71,0
2022-01-03T20:00:00,-4.3,73.96,0
2022-01-03T21:00:00,-5.5,83.91,0
2022-01-03T22:00:00,-5.0,83.97,0
2022-01-03T23:00:00,-4.5,80.58,0
2022-01-04T00:00:00,-5.0,85.11,0
2022-01-04T01:00:00,-5.5,85.05,0
2022-01-04T02:00:00,-5.5,85.05,0
2022-01-04T03:00:00,-5.7,86.19,0
2022-01-04T04:00:00,-5.5,85.05,0
2022-01-04T05:00:00,-5.7,86.19,0
2022-01-04T06:00:00,-5.9,87.35,0
2022-01-04T07:00:00,-5.7,86.19,0
2022-01-04T08:00:00,-5.9,88.96,0
2022-01-04T09:00:00,-4.5,85.45,0
2022-01-04T10:00:00,-3.1,83.03,0
2022-01-04T11:00:00,-1.5,78.22,0
2022-01-04T12:00:00,0.0,75.21,0
2022-01-04T13:00:00,1.1,70.21,0
2022-01-04T14:00:00,1.8,67.07,0
2022-01-04T15:00:00,2.2,69.52,0
2022-01-04T16:00:00,2.2,67.42,0
2022-01-04T17:00:00,1.6,70.31,0
2022-01-04T18:00:00,1.1,72.69,0
2022-01-04T19:00:00,0.9,71.1,0
2022-01-04T20:00:00,0.9,73.61,0
2022-01-04T21:00:00,1.6,70.31,0
2022-01-04T22:00:00,2.5,68.7,0
2022-01-04T23:00:00,3.1,65.89,0
2022-01-05T00:00:00,2.7,70.53,0
2022-01-05T01:00:00,2.7,67.85,0
2022-01-05T02:00:00,1.8,72.53,0
2022-01-05T03:00:00,2.2,68.3,0
2022-01-05T04:00:00,1.8,70.34,0
2022-01-05T05:00:00,1.6,71.23,0
2022-01-05T06:00:00,2.2,70.43,0
2022-01-05T07:00:00,2.2,70.43,0
2022-01-05T08:00:00,2.0,75.1,0
2022-01-05T09:00:00,0.9,76.9,0
2022-01-05T10:00:00,-1.8,79.24,0
2022-01-05T11:00:00,-3.2,75.52,0
2022-01-05T12:00:00,-3.2,71.55,0
2022-01-05T13:00:00,-3.9,69.16,0
2022-01-05T14:00:00,-4.5,72.28,0
2022-01-05T15:00:00,-5.0,67.97,0
2022-01-05T16:00:00,-6.7,72.18,0
2022-01-05T17:00:00,-6.9,63.53,0
2022-01-05T18:00:00,-8.4,64.71,0
2022-01-05T19:00:00,-9.5,66.95,0
2022-01-05T20:00:00,-10.0,66.83,0
2022-01-05T21:00:00,-10.7,67.64,0
2022-01-05T22:00:00,-10.7,67.64,0
2022-01-05T23:00:00,-11.1,69.89,0
2022-01-06T00:00:00,-11.1,69.89,0
2022-01-06T01:00:00,-11.1,70.91,0
2022-01-06T02:00:00,-10.7,71.66,0
2022-01-06T03:00:00,-10.5,71.7,0
2022-01-06T04:00:00,-10.5,71.7,0
2022-01-06T05:00:00,-10.5,74.98,0
2022-01-06T06:00:00,-10.5,74.98,0
2022-01-06T07:00:00,-10.5,74.98,0
2022-01-06T08:00:00,-10.5,74.98,0
2022-01-06T09:00:00,-10.7,76.04,0
2022-01-06T10:00:00,-10.5,74.98,0
2022-01-06T11:00:00,-10.0,75.47,0
2022-01-06T12:00:00,-9.8,74.43,0
2022-01-06T13:00:00,-8.7,70.71,0
2022-01-06T14:00:00,-8.2,68.2,0
2022-01-06T15:00:00,-8.2,70.51,0
2022-01-06T16:00:00,-8.7,70.71,0
2022-01-06T17:00:00,-8.7,70.71,0
2022-01-06T18:00:00,-9.5,71.26,0
2022-01-06T19:00:00,-10.0,72.97,0
2022-01-06T20:00:00,-10.5,74.98,0
2022-01-06T21:00:00,-10.9,77.48,0
2022-01-06T22:00:00,-10.5,78.67,0
2022-01-06T23:00:00,-11.5,81.2,0
2022-01-07T00:00:00,-11.5,81.2,0
2022-01-07T01:00:00,-11.5,81.2,0
2022-01-07T02:00:00,-11.5,82.37,0
2022-01-07T03:00:00,-11.9,76.85,0
2022-01-07T04:00:00,-13.1,77.38,0
2022-01-07T05:00:00,-13.9,78.77,0
2022-01-07T06:00:00,-14.1,76.8,0
2022-01-07T07:00:00,-14.7,82.35,0
2022-01-07T08:00:00,-14.1,78.74,0
2022-01-07T09:00:00,-14.7,82.35,0
2022-01-07T10:00:00,-13.7,81.92,0
2022-01-07T11:00:00,-12.5,79.01,0
2022-01-07T12:00:00,-10.9,74.09,0
2022-01-07T13:00:00,-9.3,67.96,0
2022-01-07T14:00:00,-7.6,65.16,0
2022-01-07T15:00:00,-7.1,61.69,0
2022-01-07T16:00:00,-7.1,61.69,0
2022-01-07T17:00:00,-7.1,59.41,0
2022-01-07T18:00:00,-8.1,61.76,0
2022-01-07T19:00:00,-9.7,69.97,0
2022-01-07T20:00:00,-9.7,69.97,0
2022-01-07T21:00:00,-10.9,76.38,0
2022-01-07T22:00:00,-11.5,77.64,0
2022-01-07T23:00:00,-11.1,77.45,0
2022-01-08T00:00:00,-11.3,78.54,0
2022-01-08T01:00:00,-11.1,78.57,0
2022-01-08T02:00:00,-11.1,78.57,0
2022-01-08T03:00:00,-11.1,81.26,0
2022-01-08T04:00:00,-10.7,78.64,0
2022-01-08T05:00:00,-10.5,77.55,0
2022-01-08T06:00:00,-10.5,81.69,0
2022-01-08T07:00:00,-10.0,78.36,0
2022-01-08T08:00:00,-10.0,78.36,0
2022-01-08T09:00:00,-8.9,74.12,0
2022-01-08T10:00:00,-7.1,70.75,0
2022-01-08T11:00:00,-5.0,62.23,0
2022-01-08T12:00:00,-2.8,54.59,0
2022-01-08T13:00:00,-1.7,50.98,0
2022-01-08T14:00:00,-0.7,47.38,0
2022-01-08T15:00:00,0.0,45.03,0
2022-01-08T16:00:00,0.0,49.68,0
2022-01-08T17:00:00,0.0,59.58,0
2022-01-08T18:00:00,-0.6,72.91,0
2022-01-08T19:00:00,0.0,82.41,1
2022-01-08T20:00:00,0.0,89.47,0
2022-01-08T21:00:00,0.5,89.78,1
2022-01-08T22:00:00,0.5,92.52,1
2022-01-08T23:00:00,0.9,93.31,1
2022-01-09T00:00:00,1.4,96.72,1
2022-01-09T01:00:00,2.5,93.53,1
2022-01-09T02:00:00,2.2,97.1,1
2022-01-09T03:00:00,2.2,97.1,1
2022-01-09T04:00:00,2.4,100.0,1
2022-01-09T05:00:00,3.3,93.57,1
2022-01-09T06:00:00,3.3,97.13,1
2022-01-09T07:00:00,3.1,93.56,0
2022-01-09T08:00:00,2.7,92.38,1
2022-01-09T09:00:00,1.6,92.72,0
2022-01-09T10:00:00,1.1,83.5,0
2022-01-09T11:00:00,1.1,81.01,0
2022-01-09T12:00:00,1.6,78.71,0
2022-01-09T13:00:00,0.7,70.13,0
2022-01-09T14:00:00,0.5,57.26,0
2022-01-09T15:00:00,-0.2,60.62,0
2022-01-09T16:00:00,-1.7,53.14,0
2022-01-09T17:00:00,-2.8,57.16,0
2022-01-09T18:00:00,-4.5,59.35,0
2022-01-09T19:00:00,-5.2,60.9,0
2022-01-09T20:00:00,-5.7,65.27,0
2022-01-09T21:00:00,-6.1,67.29,0
2022-01-09T22:00:00,-6.3,68.15,0
2022-01-09T23:00:00,-6.8,66.35,0
2022-01-10T00:00:00,-7.7,71.02,0
2022-01-10T01:00:00,-8.8,65.64,0
2022-01-10T02:00:00,-9.3,64.69,0
2022-01-10T03:00:00,-10.1,65.99,0
2022-01-10T04:00:00,-10.6,67.54,0
2022-01-10T05:00:00,-10.1,68.56,0
2022-01-10T06:00:00,-10.0,65.69,0
2022-01-10T07:00:00,-10.0,74.96,0
2022-01-10T08:00:00,-10.0,81.02,0
2022-01-10T09:00:00,-9.3,80.66,1
2022-01-10T10:00:00,-8.2,76.62,0
2022-01-10T11:00:00,-7.1,68.8,0
2022-01-10T12:00:00,-6.1,66.54,0
2022-01-10T13:00:00,-5.2,59.35,0
2022-01-10T14:00:00,-5.0,58.56,0
2022-01-10T15:00:00,-5.5,59.86,0
2022-01-10T16:00:00,-5.7,59.11,0
2022-01-10T17:00:00,-6.5,58.04,0
2022-01-10T18:00:00,-8.4,65.22,0
2022-01-10T19:00:00,-9.3,66.84,0
2022-01-10T20:00:00,-9.8,67.78,0
2022-01-10T21:00:00,-9.3,62.41,0
2022-01-10T22:00:00,-9.3,64.93,0
2022-01-10T23:00:00,-9.1,69.03,0
2022-01-11T00:00:00,-8.7,66.99,0
2022-01-11T01:00:00,-8.7,66.87,0
2022-01-11T02:00:00,-9.1,72.64,0
2022-01-11T03:00:00,-9.1,72.61,0
2022-01-11T04:00:00,-9.3,73.62,0
2022-01-11T05:00:00,-9.9,76.94,0
2022-01-11T06:00:00,-10.6,78.69,0
2022-01-11T07:00:00,-10.8,76.48,0
2022-01-11T08:00:00,-11.4,79.87,0
2022-01-11T09:00:00,-10.6,81.29,0
2022-01-11T10:00:00,-8.7,72.74,0
2022-01-11T11:00:00,-7.7,67.05,0
2022-01-11T12:00:00,-6.5,64.12,0
2022-01-11T13:00:00,-5.0,58.89,0
2022-01-11T14:00:00,-3.7,55.1,0
2022-01-11T15:00:00,-2.6,51.65,0
2022-01-11T16:00:00,-1.7,49.78,0
2022-01-11T17:00:00,-1.7,49.96,0
2022-01-11T18:00:00,-2.1,54.45,0
2022-01-11T19:00:00,-2.6,56.57,0
2022-01-11T20:00:00,-2.1,55.25,0
2022-01-11T21:00:00,-1.9,56.88,0
2022-01-11T22:00:00,-1.1,54.38,0
2022-01-11T23:00:00,-1.0,57.5,0
2022-01-12T00:00:00,-1.1,60.83,0
2022-01-12T01:00:00,-0.5,63.65,0
2022-01-12T02:00:00,0.0,66.13,0
2022-01-12T03:00:00,0.5,67.08,0
2022-01-12T04:00:00,0.5,70.74,0
2022-01-12T05:00:00,0.5,70.78,0
2022-01-12T06:00:00,0.5,73.08,0
2022-01-12T07:00:00,0.0,76.0,0
2022-01-12T08:00:00,-0.9,78.82,0
2022-01-12T09:00:00,-0.9,82.2,0
2022-01-12T10:00:00,1.4,71.85,0
2022-01-12T11:00:00,2.7,67.64,0
2022-01-12T12:00:00,3.1,68.95,0
2022-01-12T13:00:00,3.3,70.31,0
2022-01-12T14:00:00,3.9,67.47,0
2022-01-12T15:00:00,4.0,66.78,0
2022-01-12T16:00:00,3.9,69.58,0
2022-01-12T17:00:00,3.3,72.43,0
2022-01-12T18:00:00,2.9,72.53,0
2022-01-12T19:00:00,1.9,77.5,0
2022-01-12T20:00:00,2.3,75.35,0
2022-01-12T21:00:00,1.7,78.75,0
2022-01-12T22:00:00,1.3,82.2,0
2022-01-12T23:00:00,1.3,78.91,0
2022-01-13T00:00:00,0.2,82.35,0
2022-01-13T01:00:00,1.1,79.96,0
2022-01-13T02:00:00,-1.5,86.48,0
2022-01-13T03:00:00,-2.7,91.05,0
2022-01-13T04:00:00,-3.7,93.18,0
2022-01-13T05:00:00,-2.5,90.3,0
2022-01-13T06:00:00,-2.9,91.04,0
2022-01-13T07:00:00,-2.2,86.59,0
2022-01-13T08:00:00,-1.7,90.67,0
2022-01-13T09:00:00,-0.7,88.02,0
2022-01-13T10:00:00,0.5,87.26,0
2022-01-13T11:00:00,1.1,83.59,0
2022-01-13T12:00:00,2.2,81.86,0
2022-01-13T13:00:00,3.7,73.53,0
2022-01-13T14:00:00,5.0,69.62,0
2022-01-13T15:00:00,5.1,72.33,0
2022-01-13T16:00:00,4.5,75.4,0
2022-01-13T17:00:00,4.0,75.16,0
2022-01-13T18:00:00,3.1,82.99,0
2022-01-13T19:00:00,2.0,83.37,0
2022-01-13T20:00:00,0.9,87.38,0
2022-01-13T21:00:00,0.7,87.74,0
2022-01-13T22:00:00,0.0,90.66,0
2022-01-13T23:00:00,0.0,89.71,0
2022-01-14T00:00:00,0.0,89.58,0
2022-01-14T01:00:00,0.0,89.47,0
2022-01-14T02:00:00,0.0,89.52,0
2022-01-14T03:00:00,0.0,89.65,0
2022-01-14T04:00:00,0.0,89.71,0
2022-01-14T05:00:00,0.0,89.73,0
2022-01-14T06:00:00,0.0,87.08,0
2022-01-14T07:00:00,0.0,83.89,0
2022-01-14T08:00:00,-0.6,84.59,0
2022-01-14T09:00:00,0.0,81.3,0
2022-01-14T10:00:00,0.0,80.8,0
2022-01-14T11:00:00,0.0,82.99,0
2022-01-14T12:00:00,0.0,83.07,0
2022-01-14T13:00:00,0.5,80.04,0
2022-01-14T14:00:00,0.5,80.02,0
2022-01-14T15:00:00,0.0,83.24,0
2022-01-14T16:00:00,-0.2,83.31,0
2022-01-14T17:00:00,-0.7,89.74,0
2022-01-14T18:00:00,-1.1,89.54,0
2022-01-14T19:00:00,-1.1,85.71,0
2022-01-14T20:00:00,-1.7,84.18,0
2022-01-14T21:00:00,-2.1,76.66,0
2022-01-14T22:00:00,-3.2,74.48,0
2022-01-14T23:00:00,-4.0,74.9,0
2022-01-15T00:00:00,-5.2,71.86,0
2022-01-15T01:00:00,-6.8,71.81,0
2022-01-15T02:00:00,-7.8,74.52,0
2022-01-15T03:00:00,-7.8,74.59,0
2022-01-15T04:00:00,-7.8,72.16,0
2022-01-15T05:00:00,-7.8,72.07,0
2022-01-15T06:00:00,-7.8,68.36,0
2022-01-15T07:00:00,-8.2,68.16,0
2022-01-15T08:00:00,-8.9,70.64,0
2022-01-15T09:00:00,-8.7,72.98,0
2022-01-15T10:00:00,-8.2,70.4,0
2022-01-15T11:00:00,-7.3,68.26,0
2022-01-15T12:00:00,-6.5,67.41,0
2022-01-15T13:00:00,-5.5,62.66,0
2022-01-15T14:00:00,-4.5,58.76,0
2022-01-15T15:00:00,-4.3,53.54,0
2022-01-15T16:00:00,-4.5,54.22,0
2022-01-15T17:00:00,-5.2,57.24,0
2022-01-15T18:00:00,-6.7,65.25,0
2022-01-15T19:00:00,-7.8,71.11,0
2022-01-15T20:00:00,-8.4,71.42,0
2022-01-15T21:00:00,-9.1,75.14,0
2022-01-15T22:00:00,-9.5,76.48,0
2022-01-15T23:00:00,-10.0,77.24,0
2022-01-16T00:00:00,-10.5,77.57,0
2022-01-16T01:00:00,-11.1,81.22,0
2022-01-16T02:00:00,-11.1,81.17,0
2022-01-16T03:00:00,-10.7,78.63,0
2022-01-16T04:00:00,-11.1,81.28,0
2022-01-16T05:00:00,-11.7,82.32,0
2022-01-16T06:00:00,-12.1,84.97,0
2022-01-16T07:00:00,-11.7,85.05,0
2022-01-16T08:00:00,-11.6,83.88,0
2022-01-16T09:00:00,-10.6,81.56,0
2022-01-16T10:00:00,-8.6,73.01,0
2022-01-16T11:00:00,-6.4,64.57,0
2022-01-16T12:00:00,-4.1,56.26,0
2022-01-16T13:00:00,-2.0,49.45,0
2022-01-16T14:00:00,-0.6,46.63,0
2022-01-16T15:00:00,0.5,46.24,0
2022-01-16T16:00:00,0.9,46.82,0
2022-01-16T17:00:00,0.5,51.54,0
2022-01-16T18:00:00,-1.7,61.3,0
2022-01-16T19:00:00,-2.8,66.8,0
2022-01-16T20:00:00,-3.7,68.78,0
2022-01-16T21:00:00,-4.5,71.89,0
2022-01-16T22:00:00,-4.6,72.87,0
2022-01-16T23:00:00,-5.1,73.54,0
2022-01-17T00:00:00,-5.1,75.82,0
2022-01-17T01:00:00,-4.5,71.56,0
2022-01-17T02:00:00,-4.3,62.83,0
2022-01-17T03:00:00,-4.3,53.63,0
2022-01-17T04:00:00,-4.3,59.31,0
2022-01-17T05:00:00,-4.3,69.25,0
2022-01-17T06:00:00,-3.7,74.28,0
2022-01-17T07:00:00,-3.9,88.24,0
2022-01-17T08:00:00,-3.3,87.82,0
2022-01-17T09:00:00,-3.2,84.24,0
2022-01-17T10:00:00,-2.8,88.53,0
2022-01-17T11:00:00,-1.9,86.36,0
2022-01-17T12:00:00,-2.1,92.09,1
2022-01-17T13:00:00,-1.7,90.44,0
2022-01-17T14:00:00,-2.6,93.68,0
2022-01-17T15:00:00,-2.5,89.71,0
2022-01-17T16:00:00,-2.5,90.79,0
2022-01-17T17:00:00,-2.5,89.62,0
2022-01-17T18:00:00,-2.5,84.95,0
2022-01-17T19:00:00,-2.5,84.87,0
2022-01-17T20:00:00,-2.7,82.65,0
2022-01-17T21:00:00,-3.1,82.97,0
2022-01-17T22:00:00,-3.3,81.57,0
2022-01-17T23:00:00,-4.1,81.61,0
2022-01-18T00:00:00,-3.7,80.53,0
2022-01-18T01:00:00,-3.7,80.65,0
2022-01-18T02:00:00,-3.9,79.2,0
2022-01-18T03:00:00,-3.9,81.6,0
2022-01-18T04:00:00,-3.7,80.63,0
2022-01-18T05:00:00,-3.9,81.55,0
2022-01-18T06:00:00,-3.4,78.9,0
2022-01-18T07:00:00,-3.7,80.62,0
2022-01-18T08:00:00,-4.1,80.56,0
2022-01-18T09:00:00,-3.7,80.65,0
2022-01-18T10:00:00,-3.3,77.96,0
2022-01-18T11:00:00,-2.6,80.38,0
2022-01-18T12:00:00,-1.5,80.06,0
2022-01-18T13:00:00,-0.5,74.39,0
2022-01-18T14:00:00,0.0,72.34,0
2022-01-18T15:00:00,1.6,68.79,0
2022-01-18T16:00:00,2.5,63.13,0
2022-01-18T17:00:00,2.7,62.46,0
2022-01-18T18:00:00,1.6,67.43,0
2022-01-18T19:00:00,2.0,65.78,0
2022-01-18T20:00:00,1.8,69.17,0
2022-01-18T21:00:00,1.8,70.0,0
2022-01-18T22:00:00,2.2,70.19,0
2022-01-18T23:00:00,2.7,71.26,0
2022-01-19T00:00:00,2.9,72.51,0
2022-01-19T01:00:00,3.3,71.47,0
2022-01-19T02:00:00,3.3,73.62,0
2022-01-19T03:00:00,3.7,73.68,0
2022-01-19T04:00:00,5.0,73.68,0
2022-01-19T05:00:00,5.0,73.68,0
2022-01-19T06:00:00,4.5,76.36,0
2022-01-19T07:00:00,4.1,80.6,0
2022-01-19T08:00:00,3.1,79.71,0
2022-01-19T09:00:00,2.5,80.11,0
2022-01-19T10:00:00,2.2,79.68,0
2022-01-19T11:00:00,3.1,71.21,0
2022-01-19T12:00:00,3.1,68.09,0
2022-01-19T13:00:00,2.0,62.68,0
2022-01-19T14:00:00,1.0,61.59,0
2022-01-19T15:00:00,-0.2,65.89,0
2022-01-19T16:00:00,-1.7,69.29,0
2022-01-19T17:00:00,-3.0,71.95,0
2022-01-19T18:00:00,-4.5,72.02,0
2022-01-19T19:00:00,-5.5,70.53,0
2022-01-19T20:00:00,-5.7,65.3,0
2022-01-19T21:00:00,-6.0,68.5,0
2022-01-19T22:00:00,-5.7,72.47,0
2022-01-19T23:00:00,-5.7,70.61,0
2022-01-20T00:00:00,-6.1,73.84,0
2022-01-20T01:00:00,-6.9,77.19,0
2022-01-20T02:00:00,-6.7,77.39,0
2022-01-20T03:00:00,-6.7,74.44,0
2022-01-20T04:00:00,-7.1,83.3,0
2022-01-20T05:00:00,-6.7,82.28,0
2022-01-20T06:00:00,-7.3,75.8,0
2022-01-20T07:00:00,-8.0,79.82,0
2022-01-20T08:00:00,-8.6,74.83,0
2022-01-20T09:00:00,-7.8,68.6,0
2022-01-20T10:00:00,-6.7,60.69,0
2022-01-20T11:00:00,-6.1,54.86,0
2022-01-20T12:00:00,-5.7,55.21,0
2022-01-20T13:00:00,-5.0,54.03,0
2022-01-20T14:00:00,-5.5,51.68,0
2022-01-20T15:00:00,-5.7,52.37,0
2022-01-20T16:00:00,-5.7,50.02,0
2022-01-20T17:00:00,-6.1,52.39,0
2022-01-20T18:00:00,-6.6,56.11,0
2022-01-20T19:00:00,-6.7,56.56,0
2022-01-20T20:00:00,-6.7,56.02,0
2022-01-20T21:00:00,-7.3,62.85,0
2022-01-20T22:00:00,-7.3,56.52,0
2022-01-20T23:00:00,-7.9,56.64,0
2022-01-21T00:00:00,-8.8,60.7,0
2022-01-21T01:00:00,-9.6,66.48,0
2022-01-21T02:00:00,-9.1,66.97,0
2022-01-21T03:00:00,-8.9,68.08,0
2022-01-21T04:00:00,-9.0,66.59,0
2022-01-21T05:00:00,-9.8,68.83,0
2022-01-21T06:00:00,-11.3,70.84,0
2022-01-21T07:00:00,-11.9,72.02,0
2022-01-21T08:00:00,-12.3,71.11,0
2022-01-21T09:00:00,-10.7,71.73,0
2022-01-21T10:00:00,-8.7,70.32,0
2022-01-21T11:00:00,-7.6,61.46,0
2022-01-21T12:00:00,-6.7,57.11,0
2022-01-21T13:00:00,-6.7,56.97,0
2022-01-21T14:00:00,-6.5,54.4,0
2022-01-21T15:00:00,-5.5,50.42,0
2022-01-21T16:00:00,-4.8,47.29,0
2022-01-21T17:00:00,-5.0,47.93,0
2022-01-21T18:00:00,-7.1,57.08,0
2022-01-21T19:00:00,-8.2,62.32,0
2022-01-21T20:00:00,-9.1,65.47,0
2022-01-21T21:00:00,-9.5,67.93,0
2022-01-21T22:00:00,-9.5,68.82,0
2022-01-21T23:00:00,-10.5,74.64,0
2022-01-22T00:00:00,-11.1,73.87,0
2022-01-22T01:00:00,-11.7,78.57,0
2022-01-22T02:00:00,-11.5,77.42,0
2022-01-22T03:00:00,-11.1,78.34,0
2022-01-22T04:00:00,-11.0,77.22,0
2022-01-22T05:00:00,-12.4,79.83,0
2022-01-22T06:00:00,-11.3,79.75,0
2022-01-22T07:00:00,-10.3,79.11,0
2022-01-22T08:00:00,-9.3,76.27,0
2022-01-22T09:00:00,-8.3,73.32,0
2022-01-22T10:00:00,-7.1,70.48,0
2022-01-22T11:00:00,-6.5,65.2,0
2022-01-22T12:00:00,-5.7,63.17,0
2022-01-22T13:00:00,-3.3,52.52,0
2022-01-22T14:00:00,-2.1,49.03,0
2022-01-22T15:00:00,-1.7,50.74,0
2022-01-22T16:00:00,-1.7,53.65,0
2022-01-22T17:00:00,-1.7,55.95,0
2022-01-22T18:00:00,-2.6,58.35,0
2022-01-22T19:00:00,-3.7,62.23,0
2022-01-22T20:00:00,-5.5,71.23,0
2022-01-22T21:00:00,-4.8,71.6,0
2022-01-22T22:00:00,-3.7,68.11,0
2022-01-22T23:00:00,-3.7,68.01,0
2022-01-23T00:00:00,-3.2,61.86,0
2022-01-23T01:00:00,-2.8,53.47,0
2022-01-23T02:00:00,-3.9,66.81,0
2022-01-23T03:00:00,-4.5,75.74,0
2022-01-23T04:00:00,-5.5,85.75,0
2022-01-23T05:00:00,-4.4,78.81,0
2022-01-23T06:00:00,-4.0,80.33,0
2022-01-23T07:00:00,-4.0,91.96,1
2022-01-23T08:00:00,-3.6,92.48,1
2022-01-23T09:00:00,-4.0,91.96,1
2022-01-23T10:00:00,-5.0,86.54,1
2022-01-23T11:00:00,-4.5,84.34,1
2022-01-23T12:00:00,-4.5,77.34,0
2022-01-23T13:00:00,-5.0,71.67,0
2022-01-23T14:00:00,-4.6,65.86,0
2022-01-23T15:00:00,-5.7,67.39,0
2022-01-23T16:00:00,-6.1,65.22,0
2022-01-23T17:00:00,-7.1,67.19,0
2022-01-23T18:00:00,-9.5,69.78,0
2022-01-23T19:00:00,-12.2,75.42,0
2022-01-23T20:00:00,-12.3,79.27,0
2022-01-23T21:00:00,-17.2,84.34,0
2022-01-23T22:00:00,-15.3,81.12,0
2022-01-23T23:00:00,-16.7,81.11,0
2022-01-24T00:00:00,-15.7,78.93,0
2022-01-24T01:00:00,-14.4,83.4,0
2022-01-24T02:00:00,-12.2,80.0,0
2022-01-24T03:00:00,-10.5,78.02,0
2022-01-24T04:00:00,-9.4,77.09,0
2022-01-24T05:00:00,-8.6,75.15,0
2022-01-24T06:00:00,-8.0,71.95,0
2022-01-24T07:00:00,-7.3,69.43,0
2022-01-24T08:00:00,-7.3,77.8,1
2022-01-24T09:00:00,-7.1,84.57,1
2022-01-24T10:00:00,-6.7,85.63,1
2022-01-24T11:00:00,-6.1,89.04,1
2022-01-24T12:00:00,-5.0,91.98,1
2022-01-24T13:00:00,-3.7,86.12,1
2022-01-24T14:00:00,-2.8,84.97,0
2022-01-24T15:00:00,-2.1,89.02,1
2022-01-24T16:00:00,-1.7,82.56,0
2022-01-24T17:00:00,-1.7,78.24,0
2022-01-24T18:00:00,-2.3,78.52,0
2022-01-24T19:00:00,-2.8,79.07,0
2022-01-24T20:00:00,-3.2,78.93,0
2022-01-24T21:00:00,-3.7,80.69,0
2022-01-24T22:00:00,-3.9,75.11,0
2022-01-24T23:00:00,-4.5,75.99,0
2022-01-25T00:00:00,-5.5,82.36,0
2022-01-25T01:00:00,-5.6,82.16,0
2022-01-25T02:00:00,-6.1,82.81,0
2022-01-25T03:00:00,-6.6,79.47,0
2022-01-25T04:00:00,-7.5,78.29,0
2022-01-25T05:00:00,-8.4,81.0,0
2022-01-25T06:00:00,-9.0,81.96,0
2022-01-25T07:00:00,-10.9,88.13,0
2022-01-25T08:00:00,-11.7,85.08,0
2022-01-25T09:00:00,-12.5,87.52,0
2022-01-25T10:00:00,-10.6,81.09,0
2022-01-25T11:00:00,-7.9,76.77,0
2022-01-25T12:00:00,-7.4,72.49,0
2022-01-25T13:00:00,-6.8,69.52,0
2022-01-25T14:00:00,-6.4,66.38,0
2022-01-25T15:00:00,-6.4,65.3,0
2022-01-25T16:00:00,-6.8,62.9,0
2022-01-25T17:00:00,-7.5,61.01,0
2022-01-25T18:00:00,-9.8,67.6,0
2022-01-25T19:00:00,-12.4,72.0,0
2022-01-25T20:00:00,-13.9,71.44,0
2022-01-25T21:00:00,-14.0,66.4,0
2022-01-25T22:00:00,-16.2,69.95,0
2022-01-25T23:00:00,-16.6,68.31,0
2022-01-26T00:00:00,-18.2,70.97,0
2022-01-26T01:00:00,-17.7,68.27,0
2022-01-26T02:00:00,-17.9,68.29,0
2022-01-26T03:00:00,-19.0,71.96,0
2022-01-26T04:00:00,-19.6,76.41,0
2022-01-26T05:00:00,-19.5,75.33,0
2022-01-26T06:00:00,-20.9,79.61,0
2022-01-26T07:00:00,-21.6,82.08,0
2022-01-26T08:00:00,-21.0,79.61,0
2022-01-26T09:00:00,-19.9,78.13,0
2022-01-26T10:00:00,-17.7,74.68,0
2022-01-26T11:00:00,-15.6,69.14,0
2022-01-26T12:00:00,-13.7,67.71,0
2022-01-26T13:00:00,-12.3,64.81,0
2022-01-26T14:00:00,-11.6,66.12,0
2022-01-26T15:00:00,-11.2,61.74,0
2022-01-26T16:00:00,-11.4,59.42,0
2022-01-26T17:00:00,-11.8,61.37,0
2022-01-26T18:00:00,-14.4,67.32,0
2022-01-26T19:00:00,-15.9,72.71,0
2022-01-26T20:00:00,-16.6,76.61,0
2022-01-26T21:00:00,-18.1,76.13,0
2022-01-26T22:00:00,-18.0,80.92,0
2022-01-26T23:00:00,-17.2,79.54,0
2022-01-27T00:00:00,-17.6,77.04,0
2022-01-27T01:00:00,-18.1,76.44,0
2022-01-27T02:00:00,-18.4,73.12,0
2022-01-27T03:00:00,-16.9,72.63,0
2022-01-27T04:00:00,-16.3,69.99,0
2022-01-27T05:00:00,-15.3,70.34,0
2022-01-27T06:00:00,-12.6,66.89,0
2022-01-27T07:00:00,-10.0,60.66,0
2022-01-27T08:00:00,-8.4,61.21,0
2022-01-27T09:00:00,-6.9,60.55,0
2022-01-27T10:00:00,-6.5,71.81,0
2022-01-27T11:00:00,-5.5,74.8,0
2022-01-27T12:00:00,-5.2,80.26,0
2022-01-27T13:00:00,-3.9,79.6,0
2022-01-27T14:00:00,-2.6,79.19,0
2022-01-27T15:00:00,-2.0,75.35,0
2022-01-27T16:00:00,-2.0,74.05,0
2022-01-27T17:00:00,-1.5,75.11,0
2022-01-27T18:00:00,-1.5,78.08,0
2022-01-27T19:00:00,-1.6,79.24,0
2022-01-27T20:00:00,-1.6,79.29,0
2022-01-27T21:00:00,-2.0,84.94,0
2022-01-27T22:00:00,-2.0,83.95,0
2022-01-27T23:00:00,-2.7,88.31,0
2022-01-28T00:00:00,-2.7,87.3,0
2022-01-28T01:00:00,-2.7,83.68,0
2022-01-28T02:00:00,-2.7,81.51,0
2022-01-28T03:00:00,-3.2,77.91,0
2022-01-28T04:00:00,-4.2,78.13,0
2022-01-28T05:00:00,-5.2,74.32,0
2022-01-28T06:00:00,-6.1,71.02,0
2022-01-28T07:00:00,-6.6,70.01,0
2022-01-28T08:00:00,-6.9,69.81,0
2022-01-28T09:00:00,-8.0,64.37,0
2022-01-28T10:00:00,-8.4,61.78,0
2022-01-28T11:00:00,-8.9,56.54,0
2022-01-28T12:00:00,-8.3,57.94,0
2022-01-28T13:00:00,-7.7,57.01,0
2022-01-28T14:00:00,-7.2,57.1,0
2022-01-28T15:00:00,-6.7,57.17,0
2022-01-28T16:00:00,-6.6,56.62,0
2022-01-28T17:00:00,-7.7,59.61,0
2022-01-28T18:00:00,-8.7,60.1,0
2022-01-28T19:00:00,-10.5,64.24,0
2022-01-28T20:00:00,-11.1,64.27,0
2022-01-28T21:00:00,-12.1,66.83,0
2022-01-28T22:00:00,-13.2,71.99,0
2022-01-28T23:00:00,-13.6,73.14,0
2022-01-29T00:00:00,-15.7,74.79,0
2022-01-29T01:00:00,-17.9,79.99,0
2022-01-29T02:00:00,-20.5,85.36,0
2022-01-29T03:00:00,-20.3,80.77,0
2022-01-29T04:00:00,-20.4,80.89,0
2022-01-29T05:00:00,-19.2,79.07,0
2022-01-29T06:00:00,-20.9,80.0,0
2022-01-29T07:00:00,-20.7,78.84,0
2022-01-29T08:00:00,-20.7,82.21,0
2022-01-29T09:00:00,-18.7,78.13,0
2022-01-29T10:00:00,-14.5,82.19,0
2022-01-29T11:00:00,-12.7,79.97,0
2022-01-29T12:00:00,-10.6,74.7,0
2022-01-29T13:00:00,-8.9,65.18,0
2022-01-29T14:00:00,-8.1,55.32,0
2022-01-29T15:00:00,-8.1,51.06,0
2022-01-29T16:00:00,-7.7,49.77,0
2022-01-29T17:00:00,-8.5,52.36,0
2022-01-29T18:00:00,-9.8,57.87,0
2022-01-29T19:00:00,-11.9,65.86,0
2022-01-29T20:00:00,-11.9,66.01,0
2022-01-29T21:00:00,-11.1,72.61,0
2022-01-29T22:00:00,-10.0,71.64,0
2022-01-29T23:00:00,-9.8,67.78,0
2022-01-30T00:00:00,-9.3,69.31,0
2022-01-30T01:00:00,-8.4,73.41,0
2022-01-30T02:00:00,-8.2,74.81,0
2022-01-30T03:00:00,-7.9,76.09,0
2022-01-30T04:00:00,-8.8,77.52,0
2022-01-30T05:00:00,-10.3,81.49,0
2022-01-30T06:00:00,-11.1,82.09,0
2022-01-30T07:00:00,-11.7,84.78,0
2022-01-30T08:00:00,-11.8,85.17,0
2022-01-30T09:00:00,-11.8,85.09,0
2022-01-30T10:00:00,-8.1,74.33,0
2022-01-30T11:00:00,-6.9,70.26,0
2022-01-30T12:00:00,-4.8,64.03,0
2022-01-30T13:00:00,-2.8,58.14,0
2022-01-30T14:00:00,-1.9,59.62,0
2022-01-30T15:00:00,-1.0,53.73,0
2022-01-30T16:00:00,-2.1,60.44,0
2022-01-30T17:00:00,-3.0,64.53,0
2022-01-30T18:00:00,-4.8,67.42,0
2022-01-30T19:00:00,-6.1,69.51,0
2022-01-30T20:00:00,-7.7,76.96,0
2022-01-30T21:00:00,-8.5,77.29,0
2022-01-30T22:00:00,-8.9,79.74,0
2022-01-30T23:00:00,-10.4,82.94,0
2022-01-31T00:00:00,-10.0,83.2,0
2022-01-31T01:00:00,-10.7,84.22,0
2022-01-31T02:00:00,-12.3,88.67,0
2022-01-31T03:00:00,-11.4,82.52,0
2022-01-31T04:00:00,-12.2,84.97,0
2022-01-31T05:00:00,-12.7,81.51,0
2022-01-31T06:00:00,-13.7,84.28,0
2022-01-31T07:00:00,-13.5,81.25,0
2022-01-31T08:00:00,-13.4,84.18,0
2022-01-31T09:00:00,-12.3,86.31,0
2022-01-31T10:00:00,-8.4,86.13,0
2022-01-31T11:00:00,-5.9,77.45,0
2022-01-31T12:00:00,-3.5,69.2,0
2022-01-31T13:00:00,-2.6,65.74,0
2022-01-31T14:00:00,-2.1,62.47,0
2022-01-31T15:00:00,-1.5,58.68,0
2022-01-31T16:00:00,-1.5,59.96,0
2022-01-31T17:00:00,-2.1,64.59,0
2022-01-31T18:00:00,-4.0,69.97,0
2022-01-31T19:00:00,-5.7,76.78,0
2022-01-31T20:00:00,-5.0,72.85,0
2022-01-31T21:00:00,-5.0,72.89,0
2022-01-31T22:00:00,-5.0,72.7,0
2022-01-31T23:00:00,-4.4,72.0,0
2022-02-01T00:00:00,-3.9,71.48,0
2022-02-01T01:00:00,-3.2,73.07,0
2022-02-01T02:00:00,-3.2,74.12,0
2022-02-01T03:00:00,-2.8,74.28,0
2022-02-01T04:00:00,-2.8,75.39,0
2022-02-01T05:00:00,-2.8,75.32,0
2022-02-01T06:00:00,-3.1,77.55,0
2022-02-01T07:00:00,-2.2,75.63,0
2022-02-01T08:00:00,-2.2,74.58,0
2022-02-01T09:00:00,-1.0,71.44,0
2022-02-01T10:00:00,2.6,65.27,0
2022-02-01T11:00:00,4.5,59.47,0
2022-02-01T12:00:00,5.9,60.2,0
2022-02-01T13:00:00,7.6,58.38,0
2022-02-01T14:00:00,8.3,59.67,0
2022-02-01T15:00:00,10.5,57.25,0
2022-02-01T16:00:00,10.0,60.11,0
2022-02-01T17:00:00,9.5,64.3,0
2022-02-01T18:00:00,7.5,71.63,0
2022-02-01T19:00:00,7.0,74.76,0
2022-02-01T20:00:00,7.4,72.99,1
2022-02-01T21:00:00,6.6,81.1,1
2022-02-01T22:00:00,6.8,80.56,1
2022-02-01T23:00:00,5.7,87.98,1
2022-02-02T00:00:00,4.8,91.21,1
2022-02-02T01:00:00,4.8,93.84,0
2022-02-02T02:00:00,4.3,97.07,0
2022-02-02T03:00:00,3.9,99.74,1
2022-02-02T04:00:00,3.7,97.03,1
2022-02-02T05:00:00,3.5,97.09,1
2022-02-02T06:00:00,2.9,93.7,1
2022-02-02T07:00:00,2.0,94.07,1
2022-02-02T08:00:00,1.4,96.7,1
2022-02-02T09:00:00,1.4,93.95,1
2022-02-02T10:00:00,0.9,93.49,1
2022-02-02T11:00:00,0.9,93.45,1
2022-02-02T12:00:00,0.5,96.17,1
2022-02-02T13:00:00,0.5,92.62,1
2022-02-02T14:00:00,0.5,92.53,1
2022-02-02T15:00:00,0.0,95.0,1
2022-02-02T16:00:00,-0.8,90.31,1
2022-02-02T17:00:00,-1.8,93.3,1
2022-02-02T18:00:00,-2.2,89.1,1
2022-02-02T19:00:00,-2.7,92.62,1
2022-02-02T20:00:00,-2.9,90.92,1
2022-02-02T21:00:00,-3.3,87.84,1
2022-02-02T22:00:00,-3.5,85.68,1
2022-02-02T23:00:00,-3.9,85.66,0
2022-02-03T00:00:00,-3.9,84.56,0
2022-02-03T01:00:00,-4.3,84.44,0
2022-02-03T02:00:00,-4.3,83.98,0
2022-02-03T03:00:00,-4.3,80.81,0
2022-02-03T04:00:00,-5.0,81.86,0
2022-02-03T05:00:00,-5.7,86.31,1
2022-02-03T06:00:00,-6.2,85.16,1
2022-02-03T07:00:00,-6.7,85.84,1
2022-02-03T08:00:00,-7.0,84.86,1
2022-02-03T09:00:00,-7.2,84.56,1
2022-02-03T10:00:00,-7.2,80.99,1
2022-02-03T11:00:00,-7.2,81.01,0
2022-02-03T12:00:00,-7.2,84.51,1
2022-02-03T13:00:00,-6.8,81.99,1
2022-02-03T14:00:00,-7.2,85.59,1
2022-02-03T15:00:00,-7.2,85.54,1
2022-02-03T16:00:00,-7.2,84.6,1
2022-02-03T17:00:00,-7.2,85.71,1
2022-02-03T18:00:00,-7.2,82.27,1
2022-02-03T19:00:00,-7.2,82.27,1
2022-02-03T20:00:00,-7.2,85.68,0
2022-02-03T21:00:00,-7.1,85.59,1
2022-02-03T22:00:00,-7.1,81.12,1
2022-02-03T23:00:00,-7.2,76.81,0
2022-02-04T00:00:00,-7.8,79.5,0
2022-02-04T01:00:00,-7.9,74.73,0
2022-02-04T02:00:00,-8.6,77.84,0
2022-02-04T03:00:00,-9.7,76.27,0
2022-02-04T04:00:00,-11.3,77.2,0
2022-02-04T05:00:00,-11.9,73.23,0
2022-02-04T06:00:00,-12.5,73.1,0
2022-02-04T07:00:00,-13.0,73.47,0
2022-02-04T08:00:00,-13.4,73.03,0
2022-02-04T09:00:00,-13.3,72.03,0
2022-02-04T10:00:00,-12.2,69.61,0
2022-02-04T11:00:00,-11.1,69.6,0
2022-02-04T12:00:00,-9.5,70.88,0
2022-02-04T13:00:00,-8.3,66.96,0
2022-02-04T14:00:00,-7.3,67.95,0
2022-02-04T15:00:00,-7.2,61.45,0
2022-02-04T16:00:00,-7.1,63.33,0
2022-02-04T17:00:00,-8.6,64.38,0
2022-02-04T18:00:00,-8.7,66.71,0
2022-02-04T19:00:00,-9.2,69.79,0
2022-02-04T20:00:00,-9.3,73.54,0
2022-02-04T21:00:00,-8.9,69.14,0
2022-02-04T22:00:00,-9.8,77.26,0
2022-02-04T23:00:00,-9.3,81.0,1
2022-02-05T00:00:00,-9.3,84.74,1
2022-02-05T01:00:00,-10.4,85.75,0
2022-02-05T02:00:00,-9.9,84.68,0
2022-02-05T03:00:00,-10.1,85.45,0
2022-02-05T04:00:00,-11.0,85.28,0
2022-02-05T05:00:00,-12.2,80.17,0
2022-02-05T06:00:00,-12.8,79.99,0
2022-02-05T07:00:00,-14.5,84.52,0
2022-02-05T08:00:00,-16.0,83.03,0
2022-02-05T09:00:00,-14.7,80.18,0
2022-02-05T10:00:00,-13.5,79.94,0
2022-02-05T11:00:00,-11.8,73.06,0
2022-02-05T12:00:00,-10.6,72.78,0
2022-02-05T13:00:00,-9.5,72.01,0
2022-02-05T14:00:00,-8.5,69.27,0
2022-02-05T15:00:00,-7.9,68.99,0
2022-02-05T16:00:00,-8.1,67.72,0
2022-02-05T17:00:00,-8.9,72.33,0
2022-02-05T18:00:00,-9.6,71.56,0
2022-02-05T19:00:00,-11.2,73.26,0
2022-02-05T20:00:00,-12.0,77.52,0
2022-02-05T21:00:00,-11.9,76.56,0
2022-02-05T22:00:00,-11.9,79.81,0
2022-02-05T23:00:00,-11.4,78.27,0
2022-02-06T00:00:00,-11.1,78.49,0
2022-02-06T01:00:00,-10.2,78.44,0
2022-02-06T02:00:00,-10.5,81.53,0
2022-02-06T03:00:00,-10.1,80.34,0
2022-02-06T04:00:00,-9.6,79.97,0
2022-02-06T05:00:00,-10.9,85.32,0
2022-02-06T06:00:00,-11.3,84.94,0
2022-02-06T07:00:00,-11.3,82.19,0
2022-02-06T08:00:00,-11.3,84.84,0
2022-02-06T09:00:00,-9.4,82.71,0
2022-02-06T10:00:00,-7.4,75.26,0
2022-02-06T11:00:00,-5.1,71.0,0
2022-02-06T12:00:00,-2.8,61.78,0
2022-02-06T13:00:00,-1.7,55.99,0
2022-02-06T14:00:00,-0.9,53.45,0
2022-02-06T15:00:00,-0.9,57.89,0
2022-02-06T16:00:00,-0.9,59.67,0
2022-02-06T17:00:00,-1.3,59.71,0
2022-02-06T18:00:00,-2.4,60.67,0
2022-02-06T19:00:00,-3.6,60.57,0
2022-02-06T20:00:00,-5.9,67.35,0
2022-02-06T21:00:00,-6.0,68.1,0
2022-02-06T22:00:00,-3.7,65.86,0
2022-02-06T23:00:00,-5.5,72.63,0
2022-02-07T00:00:00,-6.3,72.01,0
2022-02-07T01:00:00,-7.4,75.81,0
2022-02-07T02:00:00,-6.1,76.99,0
2022-02-07T03:00:00,-5.9,75.85,0
2022-02-07T04:00:00,-6.8,78.31,0
2022-02-07T05:00:00,-4.6,77.84,0
2022-02-07T06:00:00,-3.5,77.13,0
2022-02-07T07:00:00,-3.2,81.54,0
2022-02-07T08:00:00,-3.2,81.39,0
2022-02-07T09:00:00,-3.7,80.33,0
2022-02-07T10:00:00,-3.8,78.16,0
2022-02-07T11:00:00,-4.2,77.42,0
2022-02-07T12:00:00,-5.2,81.05,0
2022-02-07T13:00:00,-5.6,80.63,0
2022-02-07T14:00:00,-6.2,81.55,0
2022-02-07T15:00:00,-6.2,81.59,0
2022-02-07T16:00:00,-6.2,81.67,0
2022-02-07T17:00:00,-6.4,78.42,0
2022-02-07T18:00:00,-6.8,81.01,0
2022-02-07T19:00:00,-7.0,81.97,0
2022-02-07T20:00:00,-7.0,80.88,0
2022-02-07T21:00:00,-7.0,80.76,0
2022-02-07T22:00:00,-7.7,81.8,0
2022-02-07T23:00:00,-8.1,84.42,0
2022-02-08T00:00:00,-8.1,80.81,0
2022-02-08T01:00:00,-8.6,81.04,0
2022-02-08T02:00:00,-9.2,81.06,0
2022-02-08T03:00:00,-9.9,84.55,0
2022-02-08T04:00:00,-10.8,83.46,0
2022-02-08T05:00:00,-12.8,86.53,0
2022-02-08T06:00:00,-13.7,84.35,0
2022-02-08T07:00:00,-12.5,88.75,0
2022-02-08T08:00:00,-11.3,87.19,0
2022-02-08T09:00:00,-10.5,85.55,0
2022-02-08T10:00:00,-8.1,75.83,0
2022-02-08T11:00:00,-6.8,71.66,0
2022-02-08T12:00:00,-5.3,64.35,0
2022-02-08T13:00:00,-4.0,63.08,0
2022-02-08T14:00:00,-2.6,63.97,0
2022-02-08T15:00:00,-1.6,65.08,0
2022-02-08T16:00:00,-1.2,68.12,0
2022-02-08T17:00:00,-0.6,65.5,0
2022-02-08T18:00:00,-1.2,69.25,0
2022-02-08T19:00:00,-10.4,78.42,0
2022-02-08T20:00:00,-3.6,77.78,0
2022-02-08T21:00:00,-4.8,81.2,0
2022-02-08T22:00:00,-4.0,77.93,0
2022-02-08T23:00:00,0.5,71.53,0
2022-02-09T00:00:00,1.5,70.73,0
2022-02-09T01:00:00,2.4,68.35,0
2022-02-09T02:00:00,3.1,70.17,0
2022-02-09T03:00:00,2.9,72.29,0
2022-02-09T04:00:00,2.7,73.41,0
2022-02-09T05:00:00,2.2,76.25,0
2022-02-09T06:00:00,2.2,79.56,0
2022-02-09T07:00:00,1.8,79.76,0
2022-02-09T08:00:00,1.1,82.38,0
2022-02-09T09:00:00,0.2,86.42,0
2022-02-09T10:00:00,1.8,81.83,0
2022-02-09T11:00:00,2.9,77.74,0
2022-02-09T12:00:00,3.5,74.66,0
2022-02-09T13:00:00,3.7,73.65,0
2022-02-09T14:00:00,4.1,71.54,0
2022-02-09T15:00:00,4.0,66.76,0
2022-02-09T16:00:00,3.3,68.23,0
2022-02-09T17:00:00,3.3,70.53,0
2022-02-09T18:00:00,2.7,75.57,0
2022-02-09T19:00:00,2.7,73.58,0
2022-02-09T20:00:00,2.1,76.5,0
2022-02-09T21:00:00,2.1,77.57,0
2022-02-09T22:00:00,1.6,83.3,0
2022-02-09T23:00:00,1.4,83.93,0
2022-02-10T00:00:00,1.6,80.65,0
2022-02-10T01:00:00,1.6,81.98,0
2022-02-10T02:00:00,1.6,80.57,0
2022-02-10T03:00:00,1.5,78.31,0
2022-02-10T04:00:00,1.1,79.86,0
2022-02-10T05:00:00,0.7,79.21,0
2022-02-10T06:00:00,0.0,83.14,0
2022-02-10T07:00:00,0.0,80.78,0
2022-02-10T08:00:00,0.0,80.88,0
2022-02-10T09:00:00,0.0,83.28,0
2022-02-10T10:00:00,0.0,80.67,0
2022-02-10T11:00:00,0.0,80.66,0
2022-02-10T12:00:00,0.0,77.9,0
2022-02-10T13:00:00,0.0,77.64,0
2022-02-10T14:00:00,-0.7,78.39,0
2022-02-10T15:00:00,-0.7,76.97,0
2022-02-10T16:00:00,-0.5,76.35,0
2022-02-10T17:00:00,-1.1,75.64,0
2022-02-10T18:00:00,-1.2,75.77,0
2022-02-10T19:00:00,-1.2,75.77,0
2022-02-10T20:00:00,-1.2,74.71,0
2022-02-10T21:00:00,-1.6,72.81,0
2022-02-10T22:00:00,-2.5,77.04,0
2022-02-10T23:00:00,-3.0,80.31,0
2022-03-24T00:00:00,8.7,81.34,0
2022-03-24T01:00:00,8.7,81.28,0
2022-03-24T02:00:00,8.2,79.85,0
2022-03-24T03:00:00,7.3,87.84,0
2022-03-24T04:00:00,7.2,85.79,0
2022-03-24T05:00:00,7.1,81.94,0
2022-03-24T06:00:00,6.7,83.35,0
2022-03-24T07:00:00,6.1,83.97,0
2022-03-24T08:00:00,6.1,79.26,0
2022-03-24T09:00:00,6.1,78.89,0
2022-03-24T10:00:00,6.5,77.23,0
2022-03-24T11:00:00,6.9,74.15,0
2022-03-24T12:00:00,6.9,74.77,0
2022-03-24T13:00:00,7.6,71.57,0
2022-03-24T14:00:00,7.7,70.47,0
2022-03-24T15:00:00,7.7,71.38,0
2022-03-24T16:00:00,7.2,73.04,0
2022-03-24T17:00:00,7.5,69.78,1
2022-03-24T18:00:00,7.1,70.52,0
2022-03-24T19:00:00,7.0,71.38,1
2022-03-24T20:00:00,6.5,73.59,0
2022-03-24T21:00:00,5.5,83.14,0
2022-03-24T22:00:00,5.5,80.18,0
2022-03-24T23:00:00,5.0,86.03,0
2022-03-25T00:00:00,5.0,86.08,0
2022-03-25T01:00:00,5.0,86.03,0
2022-03-25T02:00:00,5.0,88.44,0
2022-03-25T03:00:00,5.0,83.09,1
2022-03-25T04:00:00,5.0,83.13,0
2022-03-25T05:00:00,4.8,84.25,0
2022-03-25T06:00:00,4.1,88.23,1
2022-03-25T07:00:00,4.1,88.25,0
2022-03-25T08:00:00,4.1,88.49,0
2022-03-25T09:00:00,4.1,90.41,0
2022-03-25T10:00:00,4.1,90.85,1
2022-03-25T11:00:00,4.1,90.82,1
2022-03-25T12:00:00,5.5,84.82,1
2022-03-25T13:00:00,5.9,81.27,0
2022-03-25T14:00:00,5.7,87.07,1
2022-03-25T15:00:00,7.1,74.0,1
2022-03-25T16:00:00,7.2,68.89,0
2022-03-25T17:00:00,7.1,64.96,0
2022-03-25T18:00:00,5.7,86.06,0
2022-03-25T19:00:00,6.0,86.27,0
2022-03-25T20:00:00,5.5,81.13,1
2022-03-25T21:00:00,4.0,75.67,1
2022-03-25T22:00:00,3.1,78.06,0
2022-03-25T23:00:00,3.1,74.99,0
2022-03-26T00:00:00,2.2,81.68,0
2022-03-26T01:00:00,1.7,84.42,0
2022-03-26T02:00:00,1.7,84.76,1
2022-03-26T03:00:00,1.1,88.53,0
2022-03-26T04:00:00,0.7,88.85,0
2022-03-26T05:00:00,0.7,84.94,0
2022-03-26T06:00:00,0.5,85.7,0
2022-03-26T07:00:00,0.5,80.33,0
2022-03-26T08:00:00,0.5,83.51,0
2022-03-26T09:00:00,0.0,85.3,0
2022-03-26T10:00:00,0.0,84.1,1
2022-03-26T11:00:00,0.9,73.57,0
2022-03-26T12:00:00,0.9,74.33,0
2022-03-26T13:00:00,1.1,70.06,0
2022-03-26T14:00:00,0.5,72.8,0
2022-03-26T15:00:00,0.5,72.4,0
2022-03-26T16:00:00,0.5,67.36,0
2022-03-26T17:00:00,-0.5,68.9,0
2022-03-26T18:00:00,-0.7,69.7,0
2022-03-26T19:00:00,-1.1,68.59,0
2022-03-26T20:00:00,-1.5,68.52,0
2022-03-26T21:00:00,-1.6,66.4,0
2022-03-26T22:00:00,-1.6,63.84,0
2022-03-26T23:00:00,-2.1,66.48,0
2022-03-27T00:00:00,-2.1,66.57,0
2022-03-27T01:00:00,-2.1,69.36,0
2022-03-27T02:00:00,-2.2,72.51,0
2022-03-27T03:00:00,-2.2,72.76,0
2022-03-27T04:00:00,-2.7,76.88,0
2022-03-27T05:00:00,-2.6,73.17,0
2022-03-27T06:00:00,-2.8,61.31,0
2022-03-27T07:00:00,-2.8,59.93,0
2022-03-27T08:00:00,-2.8,59.84,0
2022-03-27T09:00:00,-2.8,53.52,0
2022-03-27T10:00:00,-2.2,55.24,0
2022-03-27T11:00:00,-2.1,56.69,0
2022-03-27T12:00:00,-1.7,53.65,0
2022-03-27T13:00:00,-1.5,57.61,0
2022-03-27T14:00:00,-1.1,55.24,0
2022-03-27T15:00:00,-0.9,54.52,0
2022-03-27T16:00:00,-0.9,53.88,0
2022-03-27T17:00:00,-0.7,55.01,0
2022-03-27T18:00:00,-1.5,55.23,0
2022-03-27T19:00:00,-1.7,52.26,0
2022-03-27T20:00:00,-2.8,53.34,0
2022-03-27T21:00:00,-3.6,53.99,0
2022-03-27T22:00:00,-4.1,57.97,0
2022-03-27T23:00:00,-4.5,64.1,0
2022-03-28T00:00:00,-5.2,67.8,0
2022-03-28T01:00:00,-5.9,72.42,0
2022-03-28T02:00:00,-5.9,67.06,0
2022-03-28T03:00:00,-6.4,75.23,0
2022-03-28T04:00:00,-6.8,74.51,0
2022-03-28T05:00:00,-6.2,75.15,0
2022-03-28T06:00:00,-6.3,74.84,0
2022-03-28T07:00:00,-6.4,74.92,0
2022-03-28T08:00:00,-5.9,73.63,0
2022-03-28T09:00:00,-4.1,67.01,0
2022-03-28T10:00:00,-3.4,61.8,0
2022-03-28T11:00:00,-2.8,56.68,0
2022-03-28T12:00:00,-1.7,52.12,0
2022-03-28T13:00:00,-1.1,49.96,0
2022-03-28T14:00:00,0.0,49.69,0
2022-03-28T15:00:00,0.5,47.64,0
2022-03-28T16:00:00,1.1,44.97,0
2022-03-28T17:00:00,2.0,44.55,0
2022-03-28T18:00:00,2.0,43.6,0
2022-03-28T19:00:00,1.0,46.93,0
2022-03-28T20:00:00,-0.2,50.97,0
2022-03-28T21:00:00,-0.9,52.84,0
2022-03-28T22:00:00,-1.9,60.55,0
2022-03-28T23:00:00,-1.9,59.46,0
2022-03-29T00:00:00,-2.9,67.96,0
2022-03-29T01:00:00,-3.4,71.08,0
2022-03-29T02:00:00,-3.5,71.25,0
2022-03-29T03:00:00,-3.9,74.83,0
2022-03-29T04:00:00,-4.1,73.56,0
2022-03-29T05:00:00,-3.9,72.68,0
2022-03-29T06:00:00,-4.5,75.92,0
2022-03-29T07:00:00,-4.4,78.1,0
2022-03-29T08:00:00,-4.2,75.68,0
2022-03-29T09:00:00,-2.8,71.84,0
2022-03-29T10:00:00,-1.1,60.82,0
2022-03-29T11:00:00,0.0,53.56,0
2022-03-29T12:00:00,1.1,50.24,0
2022-03-29T13:00:00,2.1,47.48,0
2022-03-29T14:00:00,3.2,46.23,0
2022-03-29T15:00:00,3.8,44.37,0
2022-03-29T16:00:00,4.3,44.43,0
2022-03-29T17:00:00,5.0,42.4,0
2022-03-29T18:00:00,5.0,41.73,0
2022-03-29T19:00:00,5.0,43.2,0
2022-03-29T20:00:00,4.3,46.53,0
2022-03-29T21:00:00,4.1,49.07,0
2022-03-29T22:00:00,4.1,48.14,0
2022-03-29T23:00:00,4.1,48.24,0
2022-03-30T00:00:00,3.7,53.72,0
2022-03-30T01:00:00,2.8,66.47,1
2022-03-30T02:00:00,3.1,62.8,0
2022-03-30T03:00:00,3.2,64.67,0
2022-03-30T04:00:00,3.2,64.68,0
2022-03-30T05:00:00,3.7,60.53,0
2022-03-30T06:00:00,4.7,55.04,0
2022-03-30T07:00:00,4.7,59.36,0
2022-03-30T08:00:00,5.2,59.67,0
2022-03-30T09:00:00,7.4,56.51,0
2022-03-30T10:00:00,9.0,60.63,0
2022-03-30T11:00:00,12.6,57.76,0
2022-03-30T12:00:00,16.6,58.87,0
2022-03-30T13:00:00,17.6,65.26,0
2022-03-30T14:00:00,18.1,68.09,1
2022-03-30T15:00:00,18.7,63.81,0
2022-03-30T16:00:00,20.7,52.47,0
2022-03-30T17:00:00,22.7,39.55,0
2022-03-30T18:00:00,21.8,41.13,0
2022-03-30T19:00:00,19.7,43.43,0
2022-03-30T20:00:00,19.0,44.33,0
2022-03-30T21:00:00,17.5,53.39,1
2022-03-30T22:00:00,16.3,63.71,1
2022-03-30T23:00:00,14.0,75.6,1
2022-03-31T00:00:00,16.7,61.48,1
2022-03-31T01:00:00,16.1,81.47,1
2022-03-31T02:00:00,15.7,85.44,0
2022-03-31T03:00:00,15.7,74.0,0
2022-03-31T04:00:00,15.0,77.48,0
2022-03-31T05:00:00,14.4,80.26,0
2022-03-31T06:00:00,12.0,76.42,1
2022-03-31T07:00:00,8.3,79.78,0
2022-03-31T08:00:00,6.0,83.46,0
2022-03-31T09:00:00,5.5,79.84,0
2022-03-31T10:00:00,5.4,76.68,0
2022-03-31T11:00:00,4.2,77.68,0
2022-03-31T12:00:00,4.3,77.59,0
2022-03-31T13:00:00,4.1,78.42,0
2022-03-31T14:00:00,4.8,76.92,0
2022-03-31T15:00:00,5.3,75.16,0
2022-03-31T16:00:00,5.0,76.92,0
2022-03-31T17:00:00,4.9,79.54,0
2022-03-31T18:00:00,3.8,86.05,0
2022-03-31T19:00:00,3.6,84.36,0
2022-03-31T20:00:00,3.1,86.71,0
2022-03-31T21:00:00,2.1,91.66,1
2022-03-31T22:00:00,2.0,90.28,0
2022-03-31T23:00:00,1.5,92.95,0
2022-04-01T00:00:00,1.5,86.31,0
2022-04-01T01:00:00,1.1,89.15,0
2022-04-01T02:00:00,0.9,90.22,0
2022-04-01T03:00:00,0.9,90.16,0
2022-04-01T04:00:00,0.9,90.1,0
2022-04-01T05:00:00,0.5,90.07,0
2022-04-01T06:00:00,0.2,94.99,1
2022-04-01T07:00:00,0.5,87.54,1
2022-04-01T08:00:00,0.5,87.42,0
2022-04-01T09:00:00,0.5,84.74,0
2022-04-01T10:00:00,1.1,78.22,0
2022-04-01T11:00:00,2.0,77.26,0
2022-04-01T12:00:00,1.6,78.32,1
2022-04-01T13:00:00,2.1,67.48,0
2022-04-01T14:00:00,3.0,64.95,0
2022-04-01T15:00:00,2.9,65.81,0
2022-04-01T16:00:00,2.9,63.86,0
2022-04-01T17:00:00,3.1,62.72,0
2022-04-01T18:00:00,3.1,62.6,0
2022-04-01T19:00:00,3.1,60.73,0
2022-04-01T20:00:00,2.5,62.45,0
2022-04-01T21:00:00,0.5,72.09,0
2022-04-01T22:00:00,-0.2,76.21,0
2022-04-01T23:00:00,-1.3,84.04,0
2022-04-02T00:00:00,-1.5,83.69,0
2022-04-02T01:00:00,-1.9,85.35,0
2022-04-02T02:00:00,-2.5,88.89,0
2022-04-02T03:00:00,-2.3,85.1,0
2022-04-02T04:00:00,-3.2,90.75,0
2022-04-02T05:00:00,-2.4,83.07,0
2022-04-02T06:00:00,-3.6,86.55,0
2022-04-02T07:00:00,-2.7,83.05,0
2022-04-02T08:00:00,-2.8,88.61,0
2022-04-02T09:00:00,0.0,82.32,0
2022-04-02T10:00:00,2.1,78.57,0
2022-04-02T11:00:00,3.7,68.46,0
2022-04-02T12:00:00,5.0,63.59,0
2022-04-02T13:00:00,6.5,59.42,0
2022-04-02T14:00:00,7.0,57.7,0
2022-04-02T15:00:00,8.1,55.72,0
2022-04-02T16:00:00,8.1,56.21,0
2022-04-02T17:00:00,9.6,52.78,0
2022-04-02T18:00:00,9.0,53.06,0
2022-04-02T19:00:00,7.0,76.05,1
2022-04-02T20:00:00,6.1,82.58,1
2022-04-02T21:00:00,5.7,89.3,1
2022-04-02T22:00:00,4.6,88.4,1
2022-04-02T23:00:00,4.7,90.1,1
2022-04-03T00:00:00,3.5,88.38,0
2022-04-03T01:00:00,2.7,89.63,0
2022-04-03T02:00:00,2.6,89.42,0
2022-04-03T03:00:00,2.6,80.59,0
2022-04-03T04:00:00,2.1,82.35,0
2022-04-03T05:00:00,2.0,83.45,0
2022-04-03T06:00:00,2.0,86.59,0
2022-04-03T07:00:00,2.0,86.52,0
2022-04-03T08:00:00,2.1,86.88,0
2022-04-03T09:00:00,2.7,86.73,0
2022-04-03T10:00:00,4.1,81.85,0
2022-04-03T11:00:00,5.2,78.13,0
2022-04-03T12:00:00,6.8,69.96,0
2022-04-03T13:00:00,7.0,68.98,0
2022-04-03T14:00:00,7.5,68.46,0
2022-04-03T15:00:00,8.7,63.28,0
2022-04-03T16:00:00,8.7,60.65,0
2022-04-03T17:00:00,9.1,57.01,0
2022-04-03T18:00:00,9.6,52.96,0
2022-04-03T19:00:00,8.9,56.21,0
2022-04-03T20:00:00,8.0,63.0,0
2022-04-03T21:00:00,5.4,68.06,0
2022-04-03T22:00:00,4.0,77.63,0
2022-04-03T23:00:00,4.7,71.73,0
2022-04-04T00:00:00,3.9,72.79,0
2022-04-04T01:00:00,3.7,73.5,0
2022-04-04T02:00:00,4.2,74.07,0
2022-04-04T03:00:00,4.7,71.64,0
2022-04-04T04:00:00,4.7,74.42,0
2022-04-04T05:00:00,4.6,76.97,0
2022-04-04T06:00:00,4.1,84.84,1
2022-04-04T07:00:00,3.7,93.26,1
2022-04-04T08:00:00,3.7,94.39,1
2022-04-04T09:00:00,4.1,94.31,1
2022-04-04T10:00:00,4.7,93.61,1
2022-04-04T11:00:00,5.8,89.88,1
2022-04-04T12:00:00,8.4,81.79,0
2022-04-04T13:00:00,10.8,70.28,0
2022-04-04T14:00:00,12.2,61.77,0
2022-04-04T15:00:00,13.3,59.83,0
2022-04-04T16:00:00,14.3,59.55,0
2022-04-04T17:00:00,13.8,61.44,0
2022-04-04T18:00:00,14.3,59.49,0
2022-04-04T19:00:00,14.4,59.16,0
2022-04-04T20:00:00,11.5,71.08,0
2022-04-04T21:00:00,9.4,68.1,0
2022-04-04T22:00:00,7.4,74.36,0
2022-04-04T23:00:00,5.5,81.39,0
2022-04-05T00:00:00,3.5,86.93,0
2022-04-05T01:00:00,2.3,91.66,0
2022-04-05T02:00:00,1.6,93.87,0
2022-04-05T03:00:00,0.9,93.4,0
2022-04-05T04:00:00,0.9,93.49,0
2022-04-05T05:00:00,0.9,93.52,0
2022-04-05T06:00:00,-0.3,95.55,0
2022-04-05T07:00:00,-1.1,97.01,0
2022-04-05T08:00:00,-0.7,96.99,0
2022-04-05T09:00:00,2.0,93.95,0
2022-04-05T10:00:00,5.4,84.91,0
2022-04-05T11:00:00,7.4,79.06,0
2022-04-05T12:00:00,9.5,73.21,0
2022-04-05T13:00:00,11.3,69.55,0
2022-04-05T14:00:00,12.6,68.63,0
2022-04-05T15:00:00,13.7,66.66,0
2022-04-05T16:00:00,14.6,60.68,0
2022-04-05T17:00:00,14.8,60.16,0
2022-04-05T18:00:00,14.2,60.57,0
2022-04-05T19:00:00,11.9,79.94,0
2022-04-05T20:00:00,10.9,91.92,1
2022-04-05T21:00:00,10.5,96.16,1
2022-04-05T22:00:00,10.5,96.3,0
2022-04-05T23:00:00,10.2,96.35,1
2022-04-06T00:00:00,10.2,96.26,0
2022-04-06T01:00:00,10.2,96.35,0
2022-04-06T02:00:00,10.2,93.12,0
2022-04-06T03:00:00,9.7,96.38,0
2022-04-06T04:00:00,9.3,97.04,0
2022-04-06T05:00:00,8.3,97.16,0
2022-04-06T06:00:00,8.3,97.05,0
2022-04-06T07:00:00,8.7,97.12,0
2022-04-06T08:00:00,8.7,94.52,1
2022-04-06T09:00:00,9.3,93.46,1
2022-04-06T10:00:00,10.0,92.93,1
2022-04-06T11:00:00,10.5,92.17,1
2022-04-06T12:00:00,10.5,96.45,1
2022-04-06T13:00:00,10.5,93.2,1
2022-04-06T14:00:00,10.6,93.29,1
2022-04-06T15:00:00,10.4,90.77,1
2022-04-06T16:00:00,8.6,85.55,1
2022-04-06T17:00:00,12.0,71.81,0
2022-04-06T18:00:00,12.2,65.2,0
2022-04-06T19:00:00,11.6,65.16,0
2022-04-06T20:00:00,10.5,70.61,0
2022-04-06T21:00:00,9.1,75.0,0
2022-04-06T22:00:00,8.8,76.66,0
2022-04-06T23:00:00,8.7,74.38,0
2022-04-07T00:00:00,8.7,72.44,0
2022-04-07T01:00:00,6.4,80.09,0
2022-04-07T02:00:00,7.9,70.54,0
2022-04-07T03:00:00,7.2,72.88,0
2022-04-07T04:00:00,7.1,70.33,0
2022-04-07T05:00:00,7.1,69.62,0
2022-04-07T06:00:00,5.6,72.36,0
2022-04-07T07:00:00,3.9,79.47,0
2022-04-07T08:00:00,5.0,76.0,0
2022-04-07T09:00:00,5.5,78.91,0
2022-04-07T10:00:00,4.3,86.27,1
2022-04-07T11:00:00,6.5,75.9,1
2022-04-07T12:00:00,6.7,66.34,0
2022-04-07T13:00:00,7.1,60.87,0
2022-04-07T14:00:00,8.4,58.39,0
2022-04-07T15:00:00,7.1,57.99,0
2022-04-07T16:00:00,7.1,60.06,0
2022-04-07T17:00:00,7.1,56.16,0
2022-04-07T18:00:00,6.9,58.87,0
2022-04-07T19:00:00,6.1,67.37,0
2022-04-07T20:00:00,4.8,76.49,0
2022-04-07T21:00:00,4.1,78.21,0
2022-04-07T22:00:00,3.7,80.49,0
2022-04-07T23:00:00,3.3,82.57,0
2022-04-08T00:00:00,3.3,81.59,0
2022-04-08T01:00:00,3.7,80.48,0
2022-04-08T02:00:00,3.7,80.58,0
2022-04-08T03:00:00,3.7,83.02,0
2022-04-08T04:00:00,3.6,83.37,0
2022-04-08T05:00:00,3.3,85.77,1
2022-04-08T06:00:00,3.1,91.07,1
2022-04-08T07:00:00,3.1,91.1,1
2022-04-08T08:00:00,2.8,92.5,0
2022-04-08T09:00:00,3.1,91.07,0
2022-04-08T10:00:00,3.3,89.99,1
2022-04-08T11:00:00,5.0,86.04,1
2022-04-08T12:00:00,5.8,80.07,1
2022-04-08T13:00:00,7.1,72.26,0
2022-04-08T14:00:00,6.2,72.87,1
2022-04-08T15:00:00,7.1,64.73,1
2022-04-08T16:00:00,6.7,68.69,0
2022-04-08T17:00:00,6.6,67.0,0
2022-04-08T18:00:00,6.1,67.44,0
2022-04-08T19:00:00,6.1,67.54,0
2022-04-08T20:00:00,5.5,71.06,1
2022-04-08T21:00:00,4.6,75.84,0
2022-04-08T22:00:00,3.4,81.52,1
2022-04-08T23:00:00,3.1,83.36,0
2022-04-09T00:00:00,2.5,80.48,0
2022-04-09T01:00:00,2.0,80.24,0
2022-04-09T02:00:00,1.6,83.51,0
2022-04-09T03:00:00,1.1,88.87,0
2022-04-09T04:00:00,0.9,90.17,0
2022-04-09T05:00:00,0.9,93.54,1
2022-04-09T06:00:00,0.5,92.82,1
2022-04-09T07:00:00,0.5,92.85,1
2022-04-09T08:00:00,0.5,92.68,0
2022-04-09T09:00:00,0.5,92.73,1
2022-04-09T10:00:00,1.5,85.95,1
2022-04-09T11:00:00,1.6,83.19,0
2022-04-09T12:00:00,2.9,73.96,1
2022-04-09T13:00:00,2.9,74.86,0
2022-04-09T14:00:00,3.2,69.82,0
2022-04-09T15:00:00,3.1,71.46,0
2022-04-09T16:00:00,2.9,70.25,0
2022-04-09T17:00:00,3.7,68.27,0
2022-04-09T18:00:00,3.7,66.1,0
2022-04-09T19:00:00,4.1,61.14,0
2022-04-09T20:00:00,3.7,62.94,0
2022-04-09T21:00:00,3.3,67.2,0
2022-04-09T22:00:00,3.1,72.72,0
2022-04-09T23:00:00,2.9,74.64,0
2022-04-10T00:00:00,2.9,71.85,0
2022-04-10T01:00:00,2.3,76.18,0
2022-04-10T02:00:00,1.8,77.73,0
2022-04-10T03:00:00,0.0,82.81,0
2022-04-10T04:00:00,-0.2,82.48,0
2022-04-10T05:00:00,-0.8,84.42,0
2022-04-10T06:00:00,-0.5,84.34,0
2022-04-10T07:00:00,-1.0,87.85,0
2022-04-10T08:00:00,0.3,86.19,0
2022-04-10T09:00:00,2.5,79.86,0
2022-04-10T10:00:00,6.6,65.15,0
2022-04-10T11:00:00,9.3,57.47,0
2022-04-10T12:00:00,10.2,43.79,0
2022-04-10T13:00:00,11.7,43.43,0
2022-04-10T14:00:00,12.7,39.4,0
2022-04-10T15:00:00,13.7,38.3,0
2022-04-10T16:00:00,14.8,38.09,0
2022-04-10T17:00:00,15.0,38.18,0
2022-04-10T18:00:00,15.0,34.44,0
2022-04-10T19:00:00,14.3,38.72,0
2022-04-10T20:00:00,13.1,43.21,0
2022-04-10T21:00:00,12.0,45.17,0
2022-04-10T22:00:00,11.1,49.24,0
2022-04-10T23:00:00,10.7,52.98,0
2022-04-11T00:00:00,10.0,55.87,0
2022-04-11T01:00:00,9.5,57.58,0
2022-04-11T02:00:00,10.0,55.66,0
2022-04-11T03:00:00,10.4,54.3,0
2022-04-11T04:00:00,9.9,60.08,1
2022-04-11T05:00:00,9.7,71.24,1
2022-04-11T06:00:00,9.8,71.34,0
2022-04-11T07:00:00,10.0,74.93,0
2022-04-11T08:00:00,10.9,75.55,0
2022-04-11T09:00:00,13.4,70.15,0
2022-04-11T10:00:00,16.3,62.73,0
2022-04-11T11:00:00,18.0,56.72,0
2022-04-11T12:00:00,17.1,56.57,0
2022-04-11T13:00:00,16.7,49.56,0
2022-04-11T14:00:00,17.1,42.5,0
2022-04-11T15:00:00,15.0,55.14,0
2022-04-11T16:00:00,13.1,60.27,0
2022-04-11T17:00:00,12.9,70.04,0
2022-04-11T18:00:00,12.9,66.54,0
2022-04-11T19:00:00,12.4,73.55,0
2022-04-11T20:00:00,11.8,78.68,0
2022-04-11T21:00:00,10.9,80.03,0
2022-04-11T22:00:00,10.2,81.91,0
2022-04-11T23:00:00,10.0,84.07,0
2022-04-12T00:00:00,9.5,86.17,0
2022-04-12T01:00:00,8.7,89.36,0
2022-04-12T02:00:00,8.0,90.56,0
2022-04-12T03:00:00,5.6,93.9,0
2022-04-12T04:00:00,5.2,99.71,0
2022-04-12T05:00:00,3.3,92.65,0
2022-04-12T06:00:00,2.2,99.73,0
2022-04-12T07:00:00,2.0,99.83,0
2022-04-12T08:00:00,2.7,98.54,0
2022-04-12T09:00:00,5.0,95.12,0
2022-04-12T10:00:00,8.4,87.33,0
2022-04-12T11:00:00,11.9,73.83,0
2022-04-12T12:00:00,14.5,62.41,0
2022-04-12T13:00:00,16.6,53.9,0
2022-04-12T14:00:00,17.9,50.82,0
2022-04-12T15:00:00,19.1,50.18,0
2022-04-12T16:00:00,20.5,49.6,0
2022-04-12T17:00:00,20.1,56.37,0
2022-04-12T18:00:00,19.3,61.86,0
2022-04-12T19:00:00,18.7,67.25,0
2022-04-12T20:00:00,18.3,71.75,0
2022-04-12T21:00:00,17.7,77.36,0
2022-04-12T22:00:00,17.2,79.94,0
2022-04-12T23:00:00,16.8,83.0,0
2022-04-13T00:00:00,16.6,86.12,0
2022-04-13T01:00:00,16.8,86.32,0
2022-04-13T02:00:00,16.6,90.13,0
2022-04-13T03:00:00,16.7,89.89,0
2022-04-13T04:00:00,16.7,89.8,0
2022-04-13T05:00:00,16.2,92.55,0
2022-04-13T06:00:00,16.6,87.23,0
2022-04-13T07:00:00,16.8,85.97,0
2022-04-13T08:00:00,17.2,83.9,0
2022-04-13T09:00:00,17.2,83.81,0
2022-04-13T10:00:00,17.2,90.1,1
2022-04-13T11:00:00,17.0,94.61,1
2022-04-13T12:00:00,17.1,93.64,1
2022-04-13T13:00:00,17.7,90.81,1
2022-04-13T14:00:00,17.7,90.75,1
2022-04-13T15:00:00,17.7,93.33,1
2022-04-13T16:00:00,18.3,93.09,0
2022-04-13T17:00:00,19.2,85.74,0
2022-04-13T18:00:00,17.8,89.8,1
2022-04-13T19:00:00,17.7,90.75,1
2022-04-13T20:00:00,17.2,91.23,0
2022-04-13T21:00:00,16.6,93.57,1
2022-04-13T22:00:00,16.6,93.51,1
2022-04-13T23:00:00,16.6,93.59,0
2022-04-14T00:00:00,16.6,85.05,0
2022-04-14T01:00:00,16.0,86.88,1
2022-04-14T02:00:00,10.3,94.39,1
2022-04-14T03:00:00,8.1,90.31,1
2022-04-14T04:00:00,7.0,87.32,1
2022-04-14T05:00:00,6.5,85.5,0
2022-04-14T06:00:00,4.7,74.26,0
2022-04-14T07:00:00,3.4,78.0,0
2022-04-14T08:00:00,3.2,79.24,0
2022-04-14T09:00:00,3.8,76.01,0
2022-04-14T10:00:00,5.5,72.07,0
2022-04-14T11:00:00,7.0,69.19,0
2022-04-14T12:00:00,9.1,58.26,0
2022-04-14T13:00:00,10.5,51.19,0
2022-04-14T14:00:00,12.0,45.01,0
2022-04-14T15:00:00,12.7,42.55,0
2022-04-14T16:00:00,12.2,40.61,0
2022-04-14T17:00:00,12.4,38.64,0
2022-04-14T18:00:00,11.6,36.52,0
2022-04-14T19:00:00,11.1,36.33,0
2022-04-14T20:00:00,10.7,41.23,0
2022-04-14T21:00:00,9.5,45.29,0
2022-04-14T22:00:00,8.7,49.96,0
2022-04-14T23:00:00,7.6,53.67,0
2022-04-15T00:00:00,6.1,59.65,0
2022-04-15T01:00:00,6.2,60.14,0
2022-04-15T02:00:00,6.8,56.08,0
2022-04-15T03:00:00,4.9,65.91,0
2022-04-15T04:00:00,5.7,61.31,0
2022-04-15T05:00:00,5.4,64.43,0
2022-04-15T06:00:00,4.7,67.5,0
2022-04-15T07:00:00,7.4,58.94,0
2022-04-15T08:00:00,8.3,57.63,0
2022-04-15T09:00:00,9.1,56.25,0
2022-04-15T10:00:00,10.3,51.16,0
2022-04-15T11:00:00,10.9,51.51,0
2022-04-15T12:00:00,13.5,48.39,0
2022-04-15T13:00:00,15.2,43.52,0
2022-04-15T14:00:00,17.0,39.2,0
2022-04-15T15:00:00,18.1,36.41,0
2022-04-15T16:00:00,18.7,32.8,0
2022-04-15T17:00:00,18.7,30.76,0
2022-04-15T18:00:00,18.0,31.02,0
2022-04-15T19:00:00,16.1,38.39,0
2022-04-15T20:00:00,10.9,53.75,0
2022-04-15T21:00:00,9.6,67.36,0
2022-04-15T22:00:00,9.0,75.54,1
2022-04-15T23:00:00,8.9,68.26,0
2022-04-16T00:00:00,8.1,74.41,1
2022-04-16T01:00:00,7.9,76.24,1
2022-04-16T02:00:00,7.9,76.45,0
2022-04-16T03:00:00,8.1,80.21,0
2022-04-16T04:00:00,7.5,74.31,0
2022-04-16T05:00:00,6.8,64.15,0
2022-04-16T06:00:00,5.7,69.66,0
2022-04-16T07:00:00,4.6,62.32,0
2022-04-16T08:00:00,4.1,62.21,0
2022-04-16T09:00:00,4.1,64.5,0
2022-04-16T10:00:00,5.9,54.18,0
2022-04-16T11:00:00,7.0,54.44,0
2022-04-16T12:00:00,8.1,51.42,0
2022-04-16T13:00:00,9.1,49.91,0
2022-04-16T14:00:00,10.5,44.15,0
2022-04-16T15:00:00,10.9,44.47,0
2022-04-16T16:00:00,11.4,41.47,0
2022-04-16T17:00:00,10.8,38.68,0
2022-04-16T18:00:00,9.6,47.18,0
2022-04-16T19:00:00,7.9,46.59,0
2022-04-16T20:00:00,6.0,50.88,0
2022-04-16T21:00:00,4.6,54.77,0
2022-04-16T22:00:00,3.9,57.52,0
2022-04-16T23:00:00,3.1,62.91,0
2022-04-17T00:00:00,2.0,63.88,0
2022-04-17T01:00:00,0.9,64.47,0
2022-04-17T02:00:00,0.5,63.87,0
2022-04-17T03:00:00,-0.2,69.88,0
2022-04-17T04:00:00,-0.8,73.73,0
2022-04-17T05:00:00,-1.3,76.91,0
2022-04-17T06:00:00,-2.1,81.6,0
2022-04-17T07:00:00,-2.8,86.04,0
2022-04-17T08:00:00,-0.9,84.16,0
2022-04-17T09:00:00,0.9,58.48,0
2022-04-17T10:00:00,2.0,51.48,0
2022-04-17T11:00:00,2.9,48.93,0
2022-04-17T12:00:00,4.1,47.17,0
2022-04-17T13:00:00,5.5,45.25,0
2022-04-17T14:00:00,6.5,44.26,0
2022-04-17T15:00:00,7.1,41.95,0
2022-04-17T16:00:00,8.1,40.92,0
2022-04-17T17:00:00,8.3,37.99,0
2022-04-17T18:00:00,8.1,37.81,0
2022-04-17T19:00:00,7.2,40.45,0
2022-04-17T20:00:00,6.4,44.34,0
2022-04-17T21:00:00,4.2,53.93,0
2022-04-17T22:00:00,2.7,59.01,0
2022-04-17T23:00:00,1.8,61.25,0
2022-04-18T00:00:00,1.0,61.82,0
2022-04-18T01:00:00,0.9,62.8,0
2022-04-18T02:00:00,0.9,66.04,0
2022-04-18T03:00:00,1.1,70.76,0
2022-04-18T04:00:00,1.6,68.77,0
2022-04-18T05:00:00,2.0,70.02,0
2022-04-18T06:00:00,2.0,69.94,0
2022-04-18T07:00:00,2.6,71.47,0
2022-04-18T08:00:00,2.6,73.19,0
2022-04-18T09:00:00,1.1,88.98,1
2022-04-18T10:00:00,0.9,93.57,1
2022-04-18T11:00:00,2.6,88.21,1
2022-04-18T12:00:00,3.6,82.1,0
2022-04-18T13:00:00,3.1,81.17,0
2022-04-18T14:00:00,3.1,84.48,0
2022-04-18T15:00:00,3.1,86.97,1
2022-04-18T16:00:00,3.7,84.13,0
2022-04-18T17:00:00,3.6,87.15,1
2022-04-18T18:00:00,3.1,88.25,1
2022-04-18T19:00:00,3.1,87.74,1
2022-04-18T20:00:00,3.1,80.88,0
2022-04-18T21:00:00,2.1,86.73,0
2022-04-18T22:00:00,1.6,85.66,1
2022-04-18T23:00:00,1.6,83.11,0
2022-04-19T00:00:00,1.6,80.82,0
2022-04-19T01:00:00,0.9,86.89,0
2022-04-19T02:00:00,0.9,86.66,0
2022-04-19T03:00:00,1.4,81.77,0
2022-04-19T04:00:00,1.1,85.77,0
2022-04-19T05:00:00,1.6,83.21,0
2022-04-19T06:00:00,1.6,85.71,0
2022-04-19T07:00:00,2.0,83.45,0
2022-04-19T08:00:00,2.1,82.56,0
2022-04-19T09:00:00,2.6,79.61,0
2022-04-19T10:00:00,3.1,81.2,0
2022-04-19T11:00:00,4.0,75.21,0
2022-04-19T12:00:00,5.5,62.5,0
2022-04-19T13:00:00,5.5,58.33,0
2022-04-19T14:00:00,6.6,56.12,0
2022-04-19T15:00:00,6.9,54.55,0
2022-04-19T16:00:00,7.0,53.72,0
2022-04-19T17:00:00,7.5,53.95,0
2022-04-19T18:00:00,6.6,51.6,0
2022-04-19T19:00:00,6.6,53.52,0
2022-04-19T20:00:00,5.4,59.28,0
2022-04-19T21:00:00,3.1,69.48,0
2022-04-19T22:00:00,2.0,73.17,0
2022-04-19T23:00:00,2.0,71.48,0
2022-04-20T00:00:00,0.9,75.95,0
2022-04-20T01:00:00,0.3,80.4,0
2022-04-20T02:00:00,-0.7,82.7,0
2022-04-20T03:00:00,-1.2,86.16,0
2022-04-20T04:00:00,-0.3,80.58,0
2022-04-20T05:00:00,0.3,77.34,0
2022-04-20T06:00:00,-0.1,79.36,0
2022-04-20T07:00:00,0.4,78.6,0
2022-04-20T08:00:00,1.6,75.74,0
2022-04-20T09:00:00,3.1,68.91,0
2022-04-20T10:00:00,5.5,62.04,0
2022-04-20T11:00:00,6.7,58.86,0
2022-04-20T12:00:00,8.3,55.77,0
2022-04-20T13:00:00,8.7,54.1,0
2022-04-20T14:00:00,9.3,56.0,0
2022-04-20T15:00:00,9.7,59.26,0
2022-04-20T16:00:00,9.1,68.55,1
2022-04-20T17:00:00,11.5,57.33,1
2022-04-20T18:00:00,12.4,48.7,0
2022-04-20T19:00:00,12.9,46.2,0
2022-04-20T20:00:00,12.5,46.46,0
2022-04-20T21:00:00,12.0,47.52,0
2022-04-20T22:00:00,12.0,48.53,0
2022-04-20T23:00:00,12.2,51.21,0
2022-04-21T00:00:00,11.0,62.03,0
2022-04-21T01:00:00,11.6,57.99,0
2022-04-21T02:00:00,11.7,64.07,1
2022-04-21T03:00:00,11.6,81.43,1
2022-04-21T04:00:00,11.1,89.39,1
2022-04-21T05:00:00,11.1,92.92,1
2022-04-21T06:00:00,10.7,95.41,1
2022-04-21T07:00:00,11.1,92.95,1
2022-04-21T08:00:00,11.1,96.19,1
2022-04-21T09:00:00,11.6,94.39,1
2022-04-21T10:00:00,11.6,96.89,1
2022-04-21T11:00:00,12.2,90.96,0
2022-04-21T12:00:00,14.1,79.56,0
2022-04-21T13:00:00,15.0,74.42,0
2022-04-21T14:00:00,16.7,68.3,0
2022-04-21T15:00:00,18.3,61.27,0
2022-04-21T16:00:00,19.3,56.16,0
2022-04-21T17:00:00,18.9,50.0,0
2022-04-21T18:00:00,18.9,50.95,0
2022-04-21T19:00:00,18.9,48.28,0
2022-04-21T20:00:00,17.7,50.27,0
2022-04-21T21:00:00,14.6,56.1,0
2022-04-21T22:00:00,11.1,70.41,0
2022-04-21T23:00:00,9.8,78.47,0
2022-04-22T00:00:00,10.1,75.6,0
2022-04-22T01:00:00,8.7,78.26,0
2022-04-22T02:00:00,7.1,87.39,0
2022-04-22T03:00:00,7.5,84.43,0
2022-04-22T04:00:00,6.0,90.34,0
2022-04-22T05:00:00,5.5,90.71,0
2022-04-22T06:00:00,5.2,89.39,0
2022-04-22T07:00:00,6.5,93.69,0
2022-04-22T08:00:00,8.9,81.04,0
2022-04-22T09:00:00,9.7,72.15,0
2022-04-22T10:00:00,10.2,72.79,0
2022-04-22T11:00:00,11.8,64.32,0
2022-04-22T12:00:00,12.1,65.92,0
2022-04-22T13:00:00,13.4,62.34,0
2022-04-22T14:00:00,15.5,56.06,0
2022-04-22T15:00:00,16.2,53.78,0
2022-04-22T16:00:00,14.7,59.13,0
2022-04-22T17:00:00,15.6,55.86,0
2022-04-22T18:00:00,16.1,56.06,0
2022-04-22T19:00:00,15.9,56.85,0
2022-04-22T20:00:00,14.3,62.75,0
2022-04-22T21:00:00,13.2,65.2,0
2022-04-22T22:00:00,11.6,69.91,0
2022-04-22T23:00:00,10.3,68.49,0
2022-04-23T00:00:00,9.2,70.04,0
2022-04-23T01:00:00,8.7,65.42,0
2022-04-23T02:00:00,8.3,67.14,0
2022-04-23T03:00:00,8.3,67.15,0
2022-04-23T04:00:00,7.4,71.4,0
2022-04-23T05:00:00,7.2,73.11,0
2022-04-23T06:00:00,7.2,75.31,0
2022-04-23T07:00:00,7.2,77.59,0
2022-04-23T08:00:00,8.7,75.62,0
2022-04-23T09:00:00,13.4,69.9,0
2022-04-23T10:00:00,20.0,61.19,0
2022-04-23T11:00:00,23.5,53.91,0
2022-04-23T12:00:00,24.9,51.33,0
2022-04-23T13:00:00,26.1,46.66,0
2022-04-23T14:00:00,27.0,43.78,0
2022-04-23T15:00:00,27.7,39.86,0
2022-04-23T16:00:00,28.5,38.29,0
2022-04-23T17:00:00,28.7,36.73,0
2022-04-23T18:00:00,27.9,37.33,0
2022-04-23T19:00:00,27.7,39.12,0
2022-04-23T20:00:00,26.1,41.61,0
2022-04-23T21:00:00,22.4,50.07,0
2022-04-23T22:00:00,21.3,53.47,0
2022-04-23T23:00:00,20.9,53.34,0
2022-04-24T00:00:00,20.1,54.67,0
2022-04-24T01:00:00,19.3,54.77,0
2022-04-24T02:00:00,18.2,58.66,0
2022-04-24T03:00:00,20.4,51.21,0
2022-04-24T04:00:00,19.7,55.32,0
2022-04-24T05:00:00,18.7,59.55,0
2022-04-24T06:00:00,18.3,62.65,0
2022-04-24T07:00:00,17.8,64.48,0
2022-04-24T08:00:00,18.8,62.53,0
2022-04-24T09:00:00,20.7,57.92,0
2022-04-24T10:00:00,22.7,53.68,0
2022-04-24T11:00:00,24.2,53.5,0
2022-04-24T12:00:00,24.9,53.77,0
2022-04-24T13:00:00,26.1,50.73,0
2022-04-24T14:00:00,26.8,46.63,0
2022-04-24T15:00:00,27.5,44.83,0
2022-04-24T16:00:00,26.9,46.12,0
2022-04-24T17:00:00,26.6,45.87,1
2022-04-24T18:00:00,21.4,79.09,1
2022-04-24T19:00:00,21.6,78.16,1
2022-04-24T20:00:00,20.3,81.19,1
2022-04-24T21:00:00,19.1,85.52,0
2022-04-24T22:00:00,18.4,89.65,1
2022-04-24T23:00:00,19.3,79.39,0
2022-04-25T00:00:00,19.1,80.4,1
2022-04-25T01:00:00,18.7,86.04,1
2022-04-25T02:00:00,17.7,96.66,1
2022-04-25T03:00:00,17.6,94.21,1
2022-04-25T04:00:00,16.9,96.04,0
2022-04-25T05:00:00,16.3,89.37,1
2022-04-25T06:00:00,15.7,82.45,0
2022-04-25T07:00:00,14.6,81.71,0
2022-04-25T08:00:00,14.6,87.16,0
2022-04-25T09:00:00,14.6,75.07,0
2022-04-25T10:00:00,14.7,68.89,1
2022-04-25T11:00:00,13.3,80.68,1
2022-04-25T12:00:00,13.2,84.46,1
2022-04-25T13:00:00,14.1,84.06,1
2022-04-25T14:00:00,13.6,77.55,0
2022-04-25T15:00:00,13.6,67.52,0
2022-04-25T16:00:00,13.7,65.89,0
2022-04-25T17:00:00,14.3,65.84,0
2022-04-25T18:00:00,14.1,61.89,0
2022-04-25T19:00:00,13.3,61.47,0
2022-04-25T20:00:00,12.0,64.24,0
2022-04-25T21:00:00,10.9,65.65,0
2022-04-25T22:00:00,9.8,65.48,0
2022-04-25T23:00:00,8.6,65.72,0
2022-04-26T00:00:00,7.6,65.08,0
2022-04-26T01:00:00,6.5,63.61,0
2022-04-26T02:00:00,5.6,66.75,0
2022-04-26T03:00:00,4.3,74.86,0
2022-04-26T04:00:00,3.7,76.89,0
2022-04-26T05:00:00,4.1,71.93,0
2022-04-26T06:00:00,4.1,74.83,0
2022-04-26T07:00:00,3.9,76.01,0
2022-04-26T08:00:00,4.4,69.94,0
2022-04-26T09:00:00,4.4,72.46,0
2022-04-26T10:00:00,4.4,69.79,0
2022-04-26T11:00:00,5.0,65.91,0
2022-04-26T12:00:00,5.0,67.25,0
2022-04-26T13:00:00,5.5,67.16,0
2022-04-26T14:00:00,5.5,67.0,0
2022-04-26T15:00:00,6.0,65.15,0
2022-04-26T16:00:00,7.2,57.72,0
2022-04-26T17:00:00,7.7,57.63,0
2022-04-26T18:00:00,8.1,54.06,0
2022-04-26T19:00:00,8.5,52.64,0
2022-04-26T20:00:00,7.8,55.29,0
2022-04-26T21:00:00,6.0,67.26,0
2022-04-26T22:00:00,3.8,75.15,0
2022-04-26T23:00:00,3.7,75.7,0
2022-04-27T00:00:00,2.9,73.65,0
2022-04-27T01:00:00,1.8,75.0,0
2022-04-27T02:00:00,1.4,73.55,0
2022-04-27T03:00:00,0.9,73.45,0
2022-04-27T04:00:00,0.3,76.7,0
2022-04-27T05:00:00,-0.7,82.69,0
2022-04-27T06:00:00,-0.2,79.76,0
2022-04-27T07:00:00,-0.7,82.88,0
2022-04-27T08:00:00,0.5,79.18,0
2022-04-27T09:00:00,2.0,71.14,0
2022-04-27T10:00:00,4.1,61.18,0
2022-04-27T11:00:00,5.0,57.48,0
2022-04-27T12:00:00,6.4,56.51,0
2022-04-27T13:00:00,7.9,50.43,0
2022-04-27T14:00:00,8.9,47.88,0
2022-04-27T15:00:00,10.6,43.71,0
2022-04-27T16:00:00,10.7,43.2,0
2022-04-27T17:00:00,10.2,43.42,0
2022-04-27T18:00:00,9.5,46.83,0
2022-04-27T19:00:00,8.5,49.67,0
2022-04-27T20:00:00,7.9,49.72,0
2022-04-27T21:00:00,7.5,51.7,0
2022-04-27T22:00:00,6.4,60.95,0
2022-04-27T23:00:00,6.3,61.16,0
2022-04-28T00:00:00,5.9,63.13,0
2022-04-28T01:00:00,5.9,61.43,0
2022-04-28T02:00:00,5.0,64.78,0
2022-04-28T03:00:00,4.3,66.9,0
2022-04-28T04:00:00,3.7,66.68,0
2022-04-28T05:00:00,3.1,72.26,0
2022-04-28T06:00:00,3.1,69.22,0
2022-04-28T07:00:00,2.7,71.16,0
2022-04-28T08:00:00,3.1,69.26,0
2022-04-28T09:00:00,3.7,66.43,0
2022-04-28T10:00:00,4.8,61.55,0
2022-04-28T11:00:00,5.2,59.18,0
2022-04-28T12:00:00,6.1,56.05,0
2022-04-28T13:00:00,7.2,52.41,0
2022-04-28T14:00:00,8.1,49.24,0
2022-04-28T15:00:00,8.9,48.77,0
2022-04-28T16:00:00,9.5,47.45,0
2022-04-28T17:00:00,10.1,46.12,0
2022-04-28T18:00:00,10.7,43.38,0
2022-04-28T19:00:00,11.1,43.47,0
2022-04-28T20:00:00,10.9,42.71,0
2022-04-28T21:00:00,9.8,49.73,0
2022-04-28T22:00:00,9.1,52.09,0
2022-04-28T23:00:00,8.5,50.94,0
2022-04-29T00:00:00,7.6,52.77,0
2022-04-29T01:00:00,6.5,55.44,0
2022-04-29T02:00:00,5.6,53.67,0
2022-04-29T03:00:00,5.4,49.3,0
2022-04-29T04:00:00,5.4,45.47,0
2022-04-29T05:00:00,5.9,42.16,0
2022-04-29T06:00:00,5.5,48.25,0
2022-04-29T07:00:00,5.5,48.3,0
2022-04-29T08:00:00,5.9,49.89,0
2022-04-29T09:00:00,6.6,50.13,0
2022-04-29T10:00:00,7.2,49.6,0
2022-04-29T11:00:00,9.5,46.05,0
2022-04-29T12:00:00,12.7,39.56,0
2022-04-29T13:00:00,14.8,36.37,0
2022-04-29T14:00:00,16.1,35.34,0
2022-04-29T15:00:00,17.0,35.02,0
2022-04-29T16:00:00,17.7,34.46,0
2022-04-29T17:00:00,17.7,34.74,0
2022-04-29T18:00:00,17.7,34.47,0
2022-04-29T19:00:00,17.5,34.94,0
2022-04-29T20:00:00,15.6,40.64,0
2022-04-29T21:00:00,13.4,46.2,0
2022-04-29T22:00:00,11.9,50.63,0
2022-04-29T23:00:00,10.4,51.96,0
2022-04-30T00:00:00,9.7,52.35,0
2022-04-30T01:00:00,9.1,50.01,0
2022-04-30T02:00:00,7.9,61.57,0
2022-04-30T03:00:00,7.2,63.03,1
2022-04-30T04:00:00,7.9,60.1,0
2022-04-30T05:00:00,7.9,60.83,0
2022-04-30T06:00:00,7.9,63.68,0
2022-04-30T07:00:00,7.9,63.72,0
2022-04-30T08:00:00,8.4,69.68,1
2022-04-30T09:00:00,9.3,74.5,1
2022-04-30T10:00:00,10.8,69.63,0
2022-04-30T11:00:00,12.1,68.96,0
2022-04-30T12:00:00,13.7,70.15,0
2022-04-30T13:00:00,14.1,76.74,1
2022-04-30T14:00:00,14.4,83.64,1
2022-04-30T15:00:00,15.1,83.33,0
2022-04-30T16:00:00,16.1,80.3,0
2022-04-30T17:00:00,17.4,75.15,0
2022-04-30T18:00:00,17.5,75.15,0
2022-04-30T19:00:00,17.3,76.31,0
2022-04-30T20:00:00,16.6,82.09,0
2022-04-30T21:00:00,16.0,86.28,0
2022-04-30T22:00:00,16.0,85.52,1
2022-04-30T23:00:00,15.8,87.33,1
2022-05-01T00:00:00,15.4,86.4,1
2022-05-01T01:00:00,14.1,97.13,1
2022-05-01T02:00:00,14.3,97.15,1
2022-05-01T03:00:00,14.1,97.15,1
2022-05-01T04:00:00,14.6,96.47,1
2022-05-01T05:00:00,14.8,96.69,1
2022-05-01T06:00:00,14.8,96.24,0
2022-05-01T07:00:00,13.8,86.67,0
2022-05-01T08:00:00,13.6,85.2,0
2022-05-01T09:00:00,13.8,74.3,0
2022-05-01T10:00:00,15.0,68.3,0
2022-05-01T11:00:00,16.1,63.61,0
2022-05-01T12:00:00,15.7,64.59,0
2022-05-01T13:00:00,15.5,62.74,0
2022-05-01T14:00:00,15.6,62.77,0
2022-05-01T15:00:00,15.4,62.9,0
2022-05-01T16:00:00,14.9,63.49,0
2022-05-01T17:00:00,13.7,69.48,0
2022-05-01T18:00:00,12.7,74.12,0
2022-05-01T19:00:00,12.0,70.07,0
2022-05-01T20:00:00,11.6,71.99,0
2022-05-01T21:00:00,11.4,72.82,0
2022-05-01T22:00:00,10.9,74.26,0
2022-05-01T23:00:00,10.9,75.08,0
2022-05-02T00:00:00,10.5,76.22,0
2022-05-02T01:00:00,10.5,73.74,0
2022-05-02T02:00:00,10.0,76.46,0
2022-05-02T03:00:00,9.9,76.75,0
2022-05-02T04:00:00,9.0,79.44,0
2022-05-02T05:00:00,7.9,85.74,0
2022-05-02T06:00:00,8.7,86.07,0
2022-05-02T07:00:00,8.7,86.01,0
2022-05-02T08:00:00,9.3,82.88,0
2022-05-02T09:00:00,10.0,79.96,0
2022-05-02T10:00:00,10.5,79.37,0
2022-05-02T11:00:00,10.9,72.05,0
2022-05-02T12:00:00,12.0,68.54,0
2022-05-02T13:00:00,12.7,68.02,0
2022-05-02T14:00:00,12.7,68.01,0
2022-05-02T15:00:00,13.5,64.43,0
2022-05-02T16:00:00,14.1,64.86,0
2022-05-02T17:00:00,15.2,63.98,0
2022-05-02T18:00:00,15.2,63.88,0
2022-05-02T19:00:00,15.2,60.69,0
2022-05-02T20:00:00,14.1,71.04,0
2022-05-02T21:00:00,13.3,71.33,0
2022-05-02T22:00:00,12.4,75.08,0
2022-05-02T23:00:00,11.8,77.57,0
2022-05-03T00:00:00,11.8,77.68,0
2022-05-03T01:00:00,11.4,79.81,0
2022-05-03T02:00:00,11.0,80.18,0
2022-05-03T03:00:00,10.9,80.43,0
2022-05-03T04:00:00,10.9,80.34,0
2022-05-03T05:00:00,10.9,80.41,0
2022-05-03T06:00:00,11.0,82.43,0
2022-05-03T07:00:00,11.4,81.56,1
2022-05-03T08:00:00,10.5,91.06,1
2022-05-03T09:00:00,10.9,92.74,1
2022-05-03T10:00:00,11.8,97.3,1
2022-05-03T11:00:00,12.9,97.19,1
2022-05-03T12:00:00,13.5,97.31,1
2022-05-03T13:00:00,16.3,92.26,1
2022-05-03T14:00:00,18.0,89.69,0
2022-05-03T15:00:00,20.7,84.03,1
2022-05-03T16:00:00,20.5,81.06,1
2022-05-03T17:00:00,20.5,83.62,1
2022-05-03T18:00:00,18.9,89.18,1
2022-05-03T19:00:00,18.6,83.52,0
2022-05-03T20:00:00,16.5,84.86,0
2022-05-03T21:00:00,15.2,87.81,0
2022-05-03T22:00:00,13.8,89.43,0
2022-05-03T23:00:00,12.4,91.42,0
2022-05-04T00:00:00,11.8,91.98,0
2022-05-04T01:00:00,11.2,88.04,0
2022-05-04T02:00:00,10.2,93.1,0
2022-05-04T03:00:00,9.6,90.37,0
2022-05-04T04:00:00,9.6,88.03,0
2022-05-04T05:00:00,9.1,93.49,0
2022-05-04T06:00:00,9.1,89.14,0
2022-05-04T07:00:00,9.1,88.0,0
2022-05-04T08:00:00,9.1,87.82,0
2022-05-04T09:00:00,9.6,84.84,0
2022-05-04T10:00:00,10.5,80.01,0
2022-05-04T11:00:00,11.8,81.71,0
2022-05-04T12:00:00,12.8,76.49,0
2022-05-04T13:00:00,14.0,70.84,0
2022-05-04T14:00:00,14.1,70.78,0
2022-05-04T15:00:00,14.2,72.63,0
2022-05-04T16:00:00,14.8,69.53,0
2022-05-04T17:00:00,14.8,69.52,0
2022-05-04T18:00:00,15.5,68.74,0
2022-05-04T19:00:00,15.3,66.45,0
2022-05-04T20:00:00,14.6,71.88,0
2022-05-04T21:00:00,13.9,72.71,0
2022-05-04T22:00:00,13.3,72.55,0
2022-05-04T23:00:00,12.8,75.16,0
2022-05-05T00:00:00,12.2,78.29,0
2022-05-05T01:00:00,10.7,81.96,0
2022-05-05T02:00:00,9.7,84.15,0
2022-05-05T03:00:00,9.2,90.36,0
2022-05-05T04:00:00,8.0,93.37,0
2022-05-05T05:00:00,8.0,91.06,0
2022-05-05T06:00:00,7.7,93.76,0
2022-05-05T07:00:00,8.5,94.6,0
2022-05-05T08:00:00,9.8,90.41,0
2022-05-05T09:00:00,10.9,83.75,0
2022-05-05T10:00:00,11.6,76.87,0
2022-05-05T11:00:00,12.0,74.11,0
2022-05-05T12:00:00,13.1,71.69,0
2022-05-05T13:00:00,12.7,73.43,0
2022-05-05T14:00:00,12.6,79.03,1
2022-05-05T15:00:00,12.0,84.45,1
2022-05-05T16:00:00,12.6,87.51,1
2022-05-05T17:00:00,12.5,91.37,1
2022-05-05T18:00:00,12.6,90.4,1
2022-05-05T19:00:00,12.0,94.4,1
2022-05-05T20:00:00,11.6,96.89,1
2022-05-05T21:00:00,11.6,95.8,1
2022-05-05T22:00:00,11.4,94.43,1
2022-05-05T23:00:00,10.9,97.28,1
2022-05-06T00:00:00,10.4,96.31,1
2022-05-06T01:00:00,10.4,93.19,1
2022-05-06T02:00:00,10.4,93.14,1
2022-05-06T03:00:00,10.3,93.22,1
2022-05-06T04:00:00,10.3,96.38,1
2022-05-06T05:00:00,10.5,96.06,1
2022-05-06T06:00:00,10.3,96.36,1
2022-05-06T07:00:00,10.3,96.38,1
2022-05-06T08:00:00,10.6,93.83,1
2022-05-06T09:00:00,10.4,96.36,0
2022-05-06T10:00:00,10.5,96.36,0
2022-05-06T11:00:00,10.9,97.23,0
2022-05-06T12:00:00,12.0,94.43,0
2022-05-06T13:00:00,12.5,94.0,1
2022-05-06T14:00:00,12.5,93.98,0
2022-05-06T15:00:00,12.5,91.37,0
2022-05-06T16:00:00,12.0,90.97,1
2022-05-06T17:00:00,11.6,92.32,1
2022-05-06T18:00:00,11.4,91.17,1
2022-05-06T19:00:00,10.9,90.73,1
2022-05-06T20:00:00,10.9,90.62,1
2022-05-06T21:00:00,11.1,86.34,1
2022-05-06T22:00:00,11.1,85.94,0
2022-05-06T23:00:00,10.7,89.79,1
2022-05-07T00:00:00,11.5,79.72,1
2022-05-07T01:00:00,11.6,72.58,0
2022-05-07T02:00:00,12.1,64.38,0
2022-05-07T03:00:00,11.9,62.55,0
2022-05-07T04:00:00,11.8,60.85,0
2022-05-07T05:00:00,11.5,58.74,0
2022-05-07T06:00:00,11.3,59.26,0
2022-05-07T07:00:00,11.3,57.74,0
2022-05-07T08:00:00,11.3,55.32,0
2022-05-07T09:00:00,11.9,51.43,0
2022-05-07T10:00:00,13.1,50.71,0
2022-05-07T11:00:00,14.8,48.63,0
2022-05-07T12:00:00,15.7,48.69,0
2022-05-07T13:00:00,16.8,47.2,0
2022-05-07T14:00:00,17.3,48.72,0
2022-05-07T15:00:00,18.3,46.12,0
2022-05-07T16:00:00,18.3,46.1,0
2022-05-07T17:00:00,18.3,43.44,0
2022-05-07T18:00:00,18.3,41.31,0
2022-05-07T19:00:00,17.2,42.16,0
2022-05-07T20:00:00,16.1,43.86,0
2022-05-07T21:00:00,13.3,53.42,0
2022-05-07T22:00:00,11.3,59.9,0
2022-05-07T23:00:00,9.7,66.05,0
2022-05-08T00:00:00,8.3,66.81,0
2022-05-08T01:00:00,7.3,64.86,0
2022-05-08T02:00:00,6.5,60.89,0
2022-05-08T03:00:00,5.6,64.69,0
2022-05-08T04:00:00,5.5,67.47,0
2022-05-08T05:00:00,5.4,70.6,0
2022-05-08T06:00:00,4.8,74.43,0
2022-05-08T07:00:00,5.3,71.87,0
2022-05-08T08:00:00,7.7,67.86,0
2022-05-08T09:00:00,10.0,62.92,0
2022-05-08T10:00:00,12.2,60.57,0
2022-05-08T11:00:00,14.3,57.51,0
2022-05-08T12:00:00,16.1,51.01,0
2022-05-08T13:00:00,17.2,48.0,0
2022-05-08T14:00:00,17.7,46.52,0
2022-05-08T15:00:00,18.6,43.7,0
2022-05-08T16:00:00,18.3,44.74,0
2022-05-08T17:00:00,18.3,44.28,0
2022-05-08T18:00:00,17.7,45.05,0
2022-05-08T19:00:00,17.2,49.24,0
2022-05-08T20:00:00,16.1,52.0,0
2022-05-08T21:00:00,15.2,51.57,0
2022-05-08T22:00:00,13.2,61.01,0
2022-05-08T23:00:00,12.0,64.8,0
2022-05-09T00:00:00,11.0,65.26,0
2022-05-09T01:00:00,10.5,66.84,0
2022-05-09T02:00:00,10.5,69.43,0
2022-05-09T03:00:00,10.5,69.59,0
2022-05-09T04:00:00,9.3,76.29,0
2022-05-09T05:00:00,8.8,79.06,0
2022-05-09T06:00:00,8.6,80.24,0
2022-05-09T07:00:00,9.6,75.55,0
2022-05-09T08:00:00,12.0,67.24,0
2022-05-09T09:00:00,14.3,62.13,0
2022-05-09T10:00:00,16.8,57.28,0
2022-05-09T11:00:00,18.7,56.04,0
2022-05-09T12:00:00,20.5,53.8,0
2022-05-09T13:00:00,21.6,49.23,0
2022-05-09T14:00:00,22.7,46.02,0
2022-05-09T15:00:00,23.7,43.37,0
2022-05-09T16:00:00,24.1,43.32,0
2022-05-09T17:00:00,24.8,40.53,0
2022-05-09T18:00:00,24.8,42.0,0
2022-05-09T19:00:00,24.1,42.19,0
2022-05-09T20:00:00,23.1,46.53,0
2022-05-09T21:00:00,21.1,51.9,0
2022-05-09T22:00:00,20.0,53.62,0
2022-05-09T23:00:00,18.7,55.4,0
2022-05-10T00:00:00,17.9,55.75,0
2022-05-10T01:00:00,17.2,58.36,0
2022-05-10T02:00:00,16.6,58.99,0
2022-05-10T03:00:00,16.2,60.53,0
2022-05-10T04:00:00,16.1,59.89,0
2022-05-10T05:00:00,16.2,59.64,0
2022-05-10T06:00:00,16.0,60.22,0
2022-05-10T07:00:00,16.6,59.59,0
2022-05-10T08:00:00,16.6,59.74,0
2022-05-10T09:00:00,17.2,61.28,0
2022-05-10T10:00:00,18.7,60.83,0
2022-05-10T11:00:00,20.5,62.58,0
2022-05-10T12:00:00,23.1,62.36,0
2022-05-10T13:00:00,23.9,65.13,0
2022-05-10T14:00:00,26.1,62.91,0
2022-05-10T15:00:00,27.1,61.28,0
2022-05-10T16:00:00,27.7,62.64,0
2022-05-10T17:00:00,28.7,59.86,0
2022-05-10T18:00:00,28.6,59.26,0
2022-05-10T19:00:00,28.2,60.78,0
2022-05-10T20:00:00,27.2,66.86,0
2022-05-10T21:00:00,26.1,71.06,0
2022-05-10T22:00:00,24.4,74.6,0
2022-05-10T23:00:00,23.7,75.52,0
2022-05-11T00:00:00,22.9,79.2,0
2022-05-11T01:00:00,22.7,80.19,0
2022-05-11T02:00:00,22.0,83.49,0
2022-05-11T03:00:00,22.5,81.1,0
2022-05-11T04:00:00,21.6,83.44,0
2022-05-11T05:00:00,21.6,80.76,0
2022-05-11T06:00:00,20.9,83.84,0
2022-05-11T07:00:00,20.0,86.62,0
2022-05-11T08:00:00,20.6,86.65,0
2022-05-11T09:00:00,23.1,78.15,0
2022-05-11T10:00:00,25.0,76.14,0
2022-05-11T11:00:00,27.0,69.39,0
2022-05-11T12:00:00,28.5,64.28,0
2022-05-11T13:00:00,28.7,64.59,0
2022-05-11T14:00:00,29.8,58.97,0
2022-05-11T15:00:00,30.9,54.99,0
2022-05-11T16:00:00,30.5,50.94,0
2022-05-11T17:00:00,30.9,48.0,0
2022-05-11T18:00:00,30.5,49.16,0
2022-05-11T19:00:00,29.1,53.19,0
2022-05-11T20:00:00,27.7,56.34,0
2022-05-11T21:00:00,26.4,60.66,0
2022-05-11T22:00:00,24.4,69.23,0
2022-05-11T23:00:00,23.5,68.83,0
2022-05-12T00:00:00,21.1,76.24,0
2022-05-12T01:00:00,20.4,69.37,0
2022-05-12T02:00:00,18.6,73.05,0
2022-05-12T03:00:00,17.9,69.61,0
2022-05-12T04:00:00,16.5,74.58,0
2022-05-12T05:00:00,15.6,74.3,0
2022-05-12T06:00:00,15.9,69.14,0
2022-05-12T07:00:00,14.7,74.88,0
2022-05-12T08:00:00,16.4,70.7,0
2022-05-12T09:00:00,20.2,55.0,0
2022-05-12T10:00:00,22.9,45.16,0
2022-05-12T11:00:00,25.2,37.25,0
2022-05-12T12:00:00,26.4,34.01,0
2022-05-12T13:00:00,28.1,25.19,0
2022-05-12T14:00:00,28.7,23.9,0
2022-05-12T15:00:00,29.3,23.19,0
2022-05-12T16:00:00,29.5,23.37,0
2022-05-12T17:00:00,29.9,23.39,0
2022-05-12T18:00:00,29.5,25.52,0
2022-05-12T19:00:00,28.9,24.6,0
2022-05-12T20:00:00,27.7,27.5,0
2022-05-12T21:00:00,24.8,33.86,0
2022-05-12T22:00:00,23.1,40.01,0
2022-05-12T23:00:00,20.6,48.32,0
2022-05-13T00:00:00,20.2,48.91,0
2022-05-13T01:00:00,18.7,53.27,0
2022-05-13T02:00:00,17.9,55.83,0
2022-05-13T03:00:00,15.7,68.6,0
2022-05-13T04:00:00,14.1,78.69,0
2022-05-13T05:00:00,13.6,82.29,0
2022-05-13T06:00:00,13.3,79.9,0
2022-05-13T07:00:00,13.7,79.13,0
2022-05-13T08:00:00,16.6,72.61,0
2022-05-13T09:00:00,19.8,63.12,0
2022-05-13T10:00:00,23.5,55.24,0
2022-05-13T11:00:00,24.8,52.2,0
2022-05-13T12:00:00,26.6,48.62,0
2022-05-13T13:00:00,27.7,47.14,0
2022-05-13T14:00:00,28.3,42.57,0
2022-05-13T15:00:00,29.1,41.97,0
2022-05-13T16:00:00,28.9,40.74,0
2022-05-13T17:00:00,29.5,38.4,0
2022-05-13T18:00:00,29.3,38.32,0
2022-05-13T19:00:00,28.3,39.37,0
2022-05-13T20:00:00,27.1,43.96,0
2022-05-13T21:00:00,24.3,53.93,0
2022-05-13T22:00:00,24.1,52.54,0
2022-05-13T23:00:00,21.6,63.73,0
2022-05-14T00:00:00,20.6,67.92,0
2022-05-14T01:00:00,20.0,70.17,0
2022-05-14T02:00:00,18.1,81.8,0
2022-05-14T03:00:00,17.0,85.07,0
2022-05-14T04:00:00,17.5,82.56,0
2022-05-14T05:00:00,16.0,87.58,0
2022-05-14T06:00:00,15.8,89.96,0
2022-05-14T07:00:00,16.4,88.39,0
2022-05-14T08:00:00,18.2,82.5,0
2022-05-14T09:00:00,21.6,72.98,0
2022-05-14T10:00:00,24.8,62.33,0
2022-05-14T11:00:00,26.6,54.7,0
2022-05-14T12:00:00,28.0,47.07,0
2022-05-14T13:00:00,28.3,47.93,0
2022-05-14T14:00:00,28.6,43.02,0
2022-05-14T15:00:00,29.7,41.89,0
2022-05-14T16:00:00,28.6,41.94,0
2022-05-14T17:00:00,20.3,74.83,1
2022-05-14T18:00:00,19.1,88.02,1
2022-05-14T19:00:00,18.9,89.66,1
2022-05-14T20:00:00,19.3,87.49,0
2022-05-14T21:00:00,19.1,88.48,0
2022-05-14T22:00:00,18.1,94.17,0
2022-05-14T23:00:00,17.0,97.13,0
2022-05-15T00:00:00,16.9,94.55,0
2022-05-15T01:00:00,16.5,90.53,0
2022-05-15T02:00:00,16.5,90.44,0
2022-05-15T03:00:00,16.5,87.75,0
2022-05-15T04:00:00,16.0,87.89,0
2022-05-15T05:00:00,14.9,93.25,0
2022-05-15T06:00:00,14.6,94.13,0
2022-05-15T07:00:00,14.6,94.16,0
2022-05-15T08:00:00,16.1,90.14,0
2022-05-15T09:00:00,18.7,83.03,0
2022-05-15T10:00:00,21.7,74.38,0
2022-05-15T11:00:00,23.3,66.76,0
2022-05-15T12:00:00,25.7,55.63,0
2022-05-15T13:00:00,27.2,44.99,0
2022-05-15T14:00:00,28.6,33.6,0
2022-05-15T15:00:00,29.1,33.71,0
2022-05-15T16:00:00,29.0,34.72,0
2022-05-15T17:00:00,29.0,36.2,0
2022-05-15T18:00:00,28.3,36.87,0
2022-05-15T19:00:00,23.3,45.82,0
2022-05-15T20:00:00,21.7,52.58,0
2022-05-15T21:00:00,17.9,72.35,1
2022-05-15T22:00:00,17.3,77.13,0
2022-05-15T23:00:00,16.8,71.32,0
2022-05-16T00:00:00,16.4,66.8,1
2022-05-16T01:00:00,14.1,85.87,1
2022-05-16T02:00:00,13.5,94.74,1
2022-05-16T03:00:00,13.1,97.19,1
2022-05-16T04:00:00,13.1,94.07,1
2022-05-16T05:00:00,13.1,97.24,1
2022-05-16T06:00:00,12.6,96.61,0
2022-05-16T07:00:00,12.5,96.63,0
2022-05-16T08:00:00,13.1,94.12,0
2022-05-16T09:00:00,14.8,84.22,0
2022-05-16T10:00:00,16.5,79.5,0
2022-05-16T11:00:00,17.8,68.62,0
2022-05-16T12:00:00,20.0,60.19,0
2022-05-16T13:00:00,21.7,54.68,0
2022-05-16T14:00:00,22.2,47.41,0
2022-05-16T15:00:00,22.5,39.59,0
2022-05-16T16:00:00,23.5,34.51,0
2022-05-16T17:00:00,23.6,31.68,0
2022-05-16T18:00:00,23.1,34.21,0
2022-05-16T19:00:00,22.7,33.67,0
2022-05-16T20:00:00,22.0,37.68,0
2022-05-16T21:00:00,19.5,48.18,0
2022-05-16T22:00:00,16.7,60.0,0
2022-05-16T23:00:00,15.3,66.87,0
2022-05-17T00:00:00,14.6,72.76,0
2022-05-17T01:00:00,13.5,78.2,0
2022-05-17T02:00:00,12.7,78.7,0
2022-05-17T03:00:00,12.9,75.25,0
2022-05-17T04:00:00,13.1,72.35,0
2022-05-17T05:00:00,11.6,78.7,0
2022-05-17T06:00:00,11.6,75.99,0
2022-05-17T07:00:00,10.9,76.8,0
2022-05-17T08:00:00,13.5,67.8,0
2022-05-17T09:00:00,14.6,60.92,0
2022-05-17T10:00:00,16.4,52.29,0
2022-05-17T11:00:00,17.7,48.11,0
2022-05-17T12:00:00,19.1,45.26,0
2022-05-17T13:00:00,20.5,41.44,0
2022-05-17T14:00:00,21.3,40.62,0
2022-05-17T15:00:00,21.4,38.5,0
2022-05-17T16:00:00,22.0,37.06,0
2022-05-17T17:00:00,21.6,37.59,0
2022-05-17T18:00:00,20.9,37.0,0
2022-05-17T19:00:00,20.5,37.86,0
2022-05-17T20:00:00,18.7,42.99,0
2022-05-17T21:00:00,17.7,43.58,0
2022-05-17T22:00:00,17.0,47.43,0
2022-05-17T23:00:00,15.9,51.46,0
2022-05-18T00:00:00,15.5,55.72,0
2022-05-18T01:00:00,15.3,50.14,0
2022-05-18T02:00:00,15.1,52.06,0
2022-05-18T03:00:00,14.1,57.49,0
2022-05-18T04:00:00,14.1,60.93,0
2022-05-18T05:00:00,14.1,62.7,0
2022-05-18T06:00:00,13.5,66.19,0
2022-05-18T07:00:00,13.5,72.14,0
2022-05-18T08:00:00,13.1,80.0,0
2022-05-18T09:00:00,13.7,77.04,0
2022-05-18T10:00:00,14.1,78.81,1
2022-05-18T11:00:00,14.1,85.09,1
2022-05-18T12:00:00,14.7,88.98,1
2022-05-18T13:00:00,15.2,88.32,1
2022-05-18T14:00:00,16.2,87.58,1
2022-05-18T15:00:00,16.8,88.28,1
2022-05-18T16:00:00,16.8,94.63,1
2022-05-18T17:00:00,16.8,92.29,1
2022-05-18T18:00:00,17.0,94.64,1
2022-05-18T19:00:00,17.0,94.61,0
2022-05-18T20:00:00,17.0,92.28,1
2022-05-18T21:00:00,17.0,92.28,0
2022-05-18T22:00:00,16.6,94.57,0
2022-05-18T23:00:00,17.0,94.59,1
2022-05-19T00:00:00,16.6,94.68,1
2022-05-19T01:00:00,17.0,94.62,0
2022-05-19T02:00:00,17.0,94.53,0
2022-05-19T03:00:00,16.9,96.36,0
2022-05-19T04:00:00,16.4,90.54,0
2022-05-19T05:00:00,15.2,93.52,0
2022-05-19T06:00:00,14.5,94.13,0
2022-05-19T07:00:00,13.9,93.74,0
2022-05-19T08:00:00,13.9,93.66,0
2022-05-19T09:00:00,15.2,87.68,0
2022-05-19T10:00:00,16.8,87.05,0
2022-05-19T11:00:00,19.1,79.9,0
2022-05-19T12:00:00,21.4,73.82,0
2022-05-19T13:00:00,22.9,68.91,0
2022-05-19T14:00:00,25.1,58.92,0
2022-05-19T15:00:00,26.4,52.49,0
2022-05-19T16:00:00,26.6,47.14,0
2022-05-19T17:00:00,27.1,47.37,0
2022-05-19T18:00:00,26.6,47.88,0
2022-05-19T19:00:00,26.1,53.24,0
2022-05-19T20:00:00,25.0,60.83,0
2022-05-19T21:00:00,23.7,65.79,0
2022-05-19T22:00:00,21.3,76.71,0
2022-05-19T23:00:00,21.2,75.82,0
2022-05-20T00:00:00,21.1,73.59,0
2022-05-20T01:00:00,20.7,77.75,0
2022-05-20T02:00:00,20.9,74.46,0
2022-05-20T03:00:00,20.1,79.78,0
2022-05-20T04:00:00,20.0,82.98,0
2022-05-20T05:00:00,19.3,90.2,0
2022-05-20T06:00:00,19.3,90.66,0
2022-05-20T07:00:00,19.8,90.04,0
2022-05-20T08:00:00,20.5,87.12,0
2022-05-20T09:00:00,20.9,87.03,0
2022-05-20T10:00:00,23.5,77.0,0
2022-05-20T11:00:00,25.9,69.55,0
2022-05-20T12:00:00,27.0,65.33,0
2022-05-20T13:00:00,27.7,64.82,0
2022-05-20T14:00:00,28.1,63.25,0
2022-05-20T15:00:00,28.5,59.76,0
2022-05-20T16:00:00,28.7,54.31,0
2022-05-20T17:00:00,30.2,46.03,0
2022-05-20T18:00:00,29.7,44.26,0
2022-05-20T19:00:00,30.0,43.62,0
2022-05-20T20:00:00,28.7,47.77,0
2022-05-20T21:00:00,27.8,50.14,0
2022-05-20T22:00:00,25.4,58.55,0
2022-05-20T23:00:00,25.3,58.33,0
2022-05-21T00:00:00,24.7,61.36,0
2022-05-21T01:00:00,24.5,63.54,0
2022-05-21T02:00:00,24.5,65.74,0
2022-05-21T03:00:00,23.9,68.12,0
2022-05-21T04:00:00,23.8,69.16,0
2022-05-21T05:00:00,23.2,73.48,0
2022-05-21T06:00:00,22.9,74.25,0
2022-05-21T07:00:00,22.5,76.9,0
2022-05-21T08:00:00,23.2,73.65,0
2022-05-21T09:00:00,17.5,94.34,1
2022-05-21T10:00:00,19.4,89.78,0
2022-05-21T11:00:00,21.3,82.38,0
2022-05-21T12:00:00,21.9,78.77,0
2022-05-21T13:00:00,23.0,72.82,0
2022-05-21T14:00:00,25.3,68.27,0
2022-05-21T15:00:00,22.6,74.18,0
2022-05-21T16:00:00,21.3,69.13,0
2022-05-21T17:00:00,20.4,66.64,0
2022-05-21T18:00:00,21.5,63.85,0
2022-05-21T19:00:00,21.7,63.76,0
2022-05-21T20:00:00,21.2,66.52,0
2022-05-21T21:00:00,20.9,66.8,0
2022-05-21T22:00:00,19.0,75.85,0
2022-05-21T23:00:00,18.4,82.82,0
2022-05-22T00:00:00,18.4,75.62,0
2022-05-22T01:00:00,17.4,80.29,0
2022-05-22T02:00:00,16.3,83.2,0
2022-05-22T03:00:00,15.5,82.35,0
2022-05-22T04:00:00,15.4,76.69,0
2022-05-22T05:00:00,14.6,77.28,0
2022-05-22T06:00:00,13.1,84.99,0
2022-05-22T07:00:00,13.5,79.25,0
2022-05-22T08:00:00,13.2,80.54,0
2022-05-22T09:00:00,13.6,78.33,0
2022-05-22T10:00:00,14.1,77.1,0
2022-05-22T11:00:00,14.1,81.8,0
2022-05-22T12:00:00,15.5,74.24,0
2022-05-22T13:00:00,15.5,61.85,0
2022-05-22T14:00:00,15.7,58.62,0
2022-05-22T15:00:00,16.5,51.97,0
2022-05-22T16:00:00,17.8,50.13,0
2022-05-22T17:00:00,16.9,44.12,0
2022-05-22T18:00:00,16.4,39.98,0
2022-05-22T19:00:00,15.3,37.89,0
2022-05-22T20:00:00,13.7,41.5,0
2022-05-22T21:00:00,12.5,47.43,0
2022-05-22T22:00:00,11.4,49.56,0
2022-05-22T23:00:00,10.6,52.54,0
2022-05-23T00:00:00,10.5,54.66,0
2022-05-23T01:00:00,8.5,71.86,0
2022-05-23T02:00:00,8.7,64.49,0
2022-05-23T03:00:00,7.9,75.4,0
2022-05-23T04:00:00,8.1,69.46,0
2022-05-23T05:00:00,7.7,73.34,0
2022-05-23T06:00:00,7.7,73.33,0
2022-05-23T07:00:00,8.4,70.77,0
2022-05-23T08:00:00,10.0,65.65,0
2022-05-23T09:00:00,11.4,60.57,0
2022-05-23T10:00:00,13.1,54.68,0
2022-05-23T11:00:00,14.1,56.63,0
2022-05-23T12:00:00,15.5,55.48,0
2022-05-23T13:00:00,16.1,56.85,0
2022-05-23T14:00:00,16.9,53.98,0
2022-05-23T15:00:00,17.0,52.02,0
2022-05-23T16:00:00,17.7,52.2,0
2022-05-23T17:00:00,18.1,50.22,0
2022-05-23T18:00:00,18.1,47.24,0
2022-05-23T19:00:00,17.0,50.49,0
2022-05-23T20:00:00,16.0,53.42,0
2022-05-23T21:00:00,13.9,57.49,0
2022-05-23T22:00:00,12.4,65.43,0
2022-05-23T23:00:00,11.1,71.17,0
2022-05-24T00:00:00,10.6,68.96,0
2022-05-24T01:00:00,9.5,74.15,0
2022-05-24T02:00:00,8.6,76.11,0
2022-05-24T03:00:00,8.1,78.46,0
2022-05-24T04:00:00,7.9,81.31,0
2022-05-24T05:00:00,7.9,84.84,0
2022-05-24T06:00:00,8.2,85.17,0
2022-05-24T07:00:00,8.6,83.25,0
2022-05-24T08:00:00,10.5,74.35,0
2022-05-24T09:00:00,12.0,65.33,0
2022-05-24T10:00:00,14.1,57.95,0
2022-05-24T11:00:00,15.7,52.2,0
2022-05-24T12:00:00,17.7,48.21,0
2022-05-24T13:00:00,19.1,45.36,0
2022-05-24T14:00:00,20.1,42.92,0
2022-05-24T15:00:00,21.4,41.11,0
2022-05-24T16:00:00,22.4,37.13,0
2022-05-24T17:00:00,22.5,37.07,0
2022-05-24T18:00:00,22.5,37.02,0
2022-05-24T19:00:00,22.0,38.26,0
2022-05-24T20:00:00,20.9,40.81,0
2022-05-24T21:00:00,18.9,47.72,0
2022-05-24T22:00:00,17.5,52.23,0
2022-05-24T23:00:00,16.4,56.81,0
2022-05-25T00:00:00,15.4,60.05,0
2022-05-25T01:00:00,14.2,62.78,0
2022-05-25T02:00:00,14.0,63.47,0
2022-05-25T03:00:00,13.9,66.55,0
2022-05-25T04:00:00,13.5,70.05,0
2022-05-25T05:00:00,13.1,74.03,0
2022-05-25T06:00:00,13.1,78.16,0
2022-05-25T07:00:00,14.1,80.09,0
2022-05-25T08:00:00,14.4,86.51,1
2022-05-25T09:00:00,15.0,92.25,1
2022-05-25T10:00:00,16.5,93.59,1
2022-05-25T11:00:00,17.7,93.3,1
2022-05-25T12:00:00,18.9,94.98,1
2022-05-25T13:00:00,21.2,85.49,1
2022-05-25T14:00:00,23.6,78.09,0
2022-05-25T15:00:00,24.5,73.51,0
2022-05-25T16:00:00,26.4,65.54,0
2022-05-25T17:00:00,26.1,67.95,1
2022-05-25T18:00:00,25.4,70.23,1
2022-05-25T19:00:00,26.5,67.86,1
2022-05-25T20:00:00,20.2,93.08,1
2022-05-25T21:00:00,20.0,95.55,1
2022-05-25T22:00:00,20.9,90.13,0
2022-05-25T23:00:00,20.0,93.07,1
2022-05-26T00:00:00,20.4,91.15,1
2022-05-26T01:00:00,19.8,93.23,0
2022-05-26T02:00:00,19.8,93.23,0
2022-05-26T03:00:00,19.8,93.06,0
2022-05-26T04:00:00,20.4,87.83,0
2022-05-26T05:00:00,19.8,90.81,1
2022-05-26T06:00:00,19.8,90.81,0
2022-05-26T07:00:00,19.8,88.52,0
2022-05-26T08:00:00,20.0,89.84,0
2022-05-26T09:00:00,20.9,84.75,0
2022-05-26T10:00:00,21.1,85.94,0
2022-05-26T11:00:00,21.8,84.81,0
2022-05-26T12:00:00,21.8,88.2,1
2022-05-26T13:00:00,18.8,91.77,1
2022-05-26T14:00:00,18.3,90.87,1
2022-05-26T15:00:00,19.8,90.81,1
2022-05-26T16:00:00,20.0,86.55,0
2022-05-26T17:00:00,21.4,81.44,0
2022-05-26T18:00:00,21.6,74.09,0
2022-05-26T19:00:00,20.9,77.01,0
2022-05-26T20:00:00,20.0,79.29,0
2022-05-26T21:00:00,19.3,85.29,0
2022-05-26T22:00:00,19.1,86.29,0
2022-05-26T23:00:00,18.3,87.14,0
2022-05-27T00:00:00,18.1,88.17,0
2022-05-27T01:00:00,17.2,96.31,0
2022-05-27T02:00:00,17.7,94.24,0
2022-05-27T03:00:00,17.2,94.49,0
2022-05-27T04:00:00,16.8,93.52,0
2022-05-27T05:00:00,16.6,93.51,0
2022-05-27T06:00:00,16.6,93.51,0
2022-05-27T07:00:00,15.7,95.45,0
2022-05-27T08:00:00,16.1,93.96,0
2022-05-27T09:00:00,17.2,83.98,0
2022-05-27T10:00:00,17.7,79.1,0
2022-05-27T11:00:00,18.3,78.38,0
2022-05-27T12:00:00,19.4,71.23,0
2022-05-27T13:00:00,19.7,70.28,0
2022-05-27T14:00:00,19.7,69.29,0
2022-05-27T15:00:00,20.9,65.26,0
2022-05-27T16:00:00,20.7,64.3,0
2022-05-27T17:00:00,19.4,74.61,0
2022-05-27T18:00:00,17.6,86.27,0
2022-05-27T19:00:00,16.9,92.14,1
2022-05-27T20:00:00,16.1,93.0,1
2022-05-27T21:00:00,15.0,94.03,1
2022-05-27T22:00:00,14.0,96.13,1
2022-05-27T23:00:00,13.7,94.57,1
2022-05-28T00:00:00,13.2,93.95,0
2022-05-28T01:00:00,13.2,91.39,0
2022-05-28T02:00:00,12.1,91.77,0
2022-05-28T03:00:00,11.7,90.94,0
2022-05-28T04:00:00,11.3,89.5,0
2022-05-28T05:00:00,11.3,93.64,0
2022-05-28T06:00:00,11.7,94.35,0
2022-05-28T07:00:00,12.1,91.86,0
2022-05-28T08:00:00,13.3,87.66,0
2022-05-28T09:00:00,14.4,86.0,0
2022-05-28T10:00:00,16.6,80.66,0
2022-05-28T11:00:00,18.1,75.18,0
2022-05-28T12:00:00,18.3,71.55,0
2022-05-28T13:00:00,19.1,66.16,0
2022-05-28T14:00:00,21.1,61.55,0
2022-05-28T15:00:00,21.6,58.28,0
2022-05-28T16:00:00,22.2,55.36,0
2022-05-28T17:00:00,23.1,51.75,0
2022-05-28T18:00:00,22.7,51.32,0
2022-05-28T19:00:00,22.7,52.54,0
2022-05-28T20:00:00,22.0,54.8,0
2022-05-28T21:00:00,19.1,66.98,0
2022-05-28T22:00:00,17.9,74.09,0
2022-05-28T23:00:00,17.0,78.83,0
2022-05-29T00:00:00,16.4,81.63,0
2022-05-29T01:00:00,17.2,80.82,0
2022-05-29T02:00:00,16.7,83.31,0
2022-05-29T03:00:00,15.0,89.39,0
2022-05-29T04:00:00,14.8,90.38,0
2022-05-29T05:00:00,14.6,91.48,0
2022-05-29T06:00:00,13.7,94.57,0
2022-05-29T07:00:00,14.1,92.11,0
2022-05-29T08:00:00,16.6,83.92,0
2022-05-29T09:00:00,18.7,76.34,0
2022-05-29T10:00:00,20.9,66.49,0
2022-05-29T11:00:00,22.0,64.46,0
2022-05-29T12:00:00,23.5,58.74,0
2022-05-29T13:00:00,25.2,55.13,0
2022-05-29T14:00:00,26.4,51.8,0
2022-05-29T15:00:00,27.0,48.32,0
2022-05-29T16:00:00,27.5,47.99,0
2022-05-29T17:00:00,28.1,43.75,0
2022-05-29T18:00:00,27.7,44.34,0
2022-05-29T19:00:00,27.5,42.49,0
2022-05-29T20:00:00,25.9,46.57,0
2022-05-29T21:00:00,24.8,54.33,0
2022-05-29T22:00:00,23.3,63.94,0
2022-05-29T23:00:00,22.7,66.34,0
2022-05-30T00:00:00,21.3,72.23,0
2022-05-30T01:00:00,21.1,71.2,0
2022-05-30T02:00:00,19.5,78.77,0
2022-05-30T03:00:00,19.1,80.86,0
2022-05-30T04:00:00,19.3,79.69,0
2022-05-30T05:00:00,18.1,82.24,0
2022-05-30T06:00:00,17.4,83.07,0
2022-05-30T07:00:00,17.4,85.97,0
2022-05-30T08:00:00,20.5,75.79,0
2022-05-30T09:00:00,23.1,65.56,0
2022-05-30T10:00:00,25.3,57.25,0
2022-05-30T11:00:00,27.0,46.78,0
2022-05-30T12:00:00,28.1,43.27,0
2022-05-30T13:00:00,29.1,40.9,0
2022-05-30T14:00:00,30.1,40.2,0
2022-05-30T15:00:00,30.9,37.18,0
2022-05-30T16:00:00,30.9,38.08,0
2022-05-30T17:00:00,30.9,39.38,0
2022-05-30T18:00:00,31.4,38.79,0
2022-05-30T19:00:00,29.8,42.47,0
2022-05-30T20:00:00,29.3,43.81,0
2022-05-30T21:00:00,28.1,48.15,0
2022-05-30T22:00:00,26.6,54.23,0
2022-05-30T23:00:00,25.0,59.59,0
2022-05-31T00:00:00,23.9,64.4,0
2022-05-31T01:00:00,23.3,66.8,0
2022-05-31T02:00:00,22.9,68.46,0
2022-05-31T03:00:00,21.8,73.18,0
2022-05-31T04:00:00,21.1,76.06,0
2022-05-31T05:00:00,20.7,78.06,0
2022-05-31T06:00:00,19.9,84.52,0
2022-05-31T07:00:00,20.6,80.95,0
2022-05-31T08:00:00,22.7,76.13,0
2022-05-31T09:00:00,25.5,65.92,0
2022-05-31T10:00:00,27.0,61.14,0
2022-05-31T11:00:00,28.1,57.82,0
2022-05-31T12:00:00,29.6,53.04,0
2022-05-31T13:00:00,29.8,50.56,0
2022-05-31T14:00:00,29.8,48.71,0
2022-05-31T15:00:00,31.4,43.05,0
2022-05-31T16:00:00,32.5,39.0,0
2022-05-31T17:00:00,31.6,38.84,0
2022-05-31T18:00:00,30.9,39.83,0
2022-05-31T19:00:00,30.2,42.07,0
2022-05-31T20:00:00,28.7,47.06,0
2022-05-31T21:00:00,27.7,49.32,0
2022-05-31T22:00:00,25.0,58.54,0
2022-05-31T23:00:00,24.1,63.77,0
